<?xml version="1.0" encoding="utf-8"?>
<permissions>
    <privapp-permissions package="com.miui.powerkeeper">
        <permission name="android.permission.DUMP"/>
        <permission name="android.permission.FORCE_STOP_PACKAGES"/>
        <permission name="android.permission.WRITE_SECURE_SETTINGS"/>
        <permission name="android.permission.READ_LOGS"/>
        <permission name="android.permission.MODIFY_PHONE_STATE"/>
        <permission name="android.permission.BATTERY_STATS"/>
        <permission name="android.permission.REAL_GET_TASKS"/>
        <permission name="android.permission.MANAGE_USERS"/>
        <permission name="android.permission.INTERACT_ACROSS_USERS"/>
        <permission name="android.permission.CHANGE_APP_IDLE_STATE"/>
        <permission name="android.permission.CONNECTIVITY_INTERNAL"/>
    </privapp-permissions>
</permissions>
