<?xml version="1.0" encoding="UTF-8"?>
<features>
    <!--whether the device is pad-->
    <bool name="is_pad">false</bool>
    <!--whether the device is xiaomi-->
    <bool name="is_xiaomi">true</bool>
    <!--whether the device is hongmi-->
    <bool name="is_hongmi">false</bool>
    <!--whether the device support alpha optimized-->
    <bool name="support_alpha_optimized">true</bool>
    <!--whether the device supports torch-->
    <bool name="support_torch">true</bool>
    <!--whether install the fm app-->
    <bool name="support_fm">true</bool>
    <!--whether the device supports oldman mode-->
    <bool name="support_oldman_mode">false</bool>
    <!--whether the device is dual sim card-->
    <bool name="support_dual_sim_card">true</bool>
    <!--whether the device has dual systems-->
    <bool name="is_dual_system">false</bool>
    <!--whether the device is emulated sdcard-->
    <bool name="is_emulated_sdcard">true</bool>
    <!--whether the device has dual sd card-->
    <bool name="support_dual_sd_card">false</bool>
    <!--whether the device supports bt debug trace-->
    <bool name="btdebug_enabled">true</bool>
    <!--whether the device supports page layout-->
    <bool name="support_page_layout">true</bool>
    <!--whether the device supports record param-->
    <bool name="support_record_param">true</bool>
    <!--whether the device supports interview record param-->
    <bool name="support_interview_record_param">true</bool>
    <!--whether the device supports stereo record-->
    <bool name="support_stereo_record">true</bool>
    <!--whether the device supports hd record param-->
    <bool name="support_hd_record_param">true</bool>
    <!--whether the device supports screen paper mode-->
    <bool name="support_screen_paper_mode">true</bool>
    <!--whether the device supports button light-->
    <bool name="support_button_light">true</bool>
    <!--whether the device supports emulated storage-->
    <bool name="support_emulated_storage">true</bool>
    <!--whether the device supports internal sdcard-->
    <bool name="support_internal_sdcard">false</bool>
    <!--whether the device supports power mode-->
    <bool name="support_power_mode">true</bool>
    <!--whether the device supports dolby-->
    <bool name="support_dolby">true</bool>
    <!--which screen effect options should be show-->
    <integer name="screen_effect_supported">7</integer>
    <!--whether support the new automatic brightness logic-->
    <bool name="support_autobrightness_optimize">true</bool>
    <!--whether the device supports wapi-->
    <bool name="support_wapi">true</bool>
    <!--whether the device is mediatek-->
    <bool name="is_mediatek">false</bool>
    <!--whether the device supports media feedback-->
    <bool name="support_media_feedback">false</bool>
    <!--whether the device supports phone call noise suppression-->
    <bool name="support_phone_call_noise_suppression">true</bool>
    <!--whether the device supports touch sensitive-->
    <bool name="support_touch_sensitive">false</bool>
    <!--whether the device supports broadcom wapi-->
    <bool name="support_broadcom_wapi">true</bool>
    <!--whether the device supports erase external storage-->
    <bool name="support_erase_external_storage">true</bool>
    <!--whether the device supports headset-->
    <bool name="support_headset">true</bool>
    <!--whether the device supports choose connect mode-->
    <bool name="support_choose_connect_mode">true</bool>
    <!--whether the device supports nvdia wifi display-->
    <bool name="support_nvdia_wifi_display">false</bool>
    <!--whether the device supports eap sim-->
    <bool name="support_eap_sim">true</bool>
    <!--whether the device supports screen optimize-->
    <bool name="support_screen_optimize">true</bool>
    <!--whether the device supports agps-->
    <bool name="support_agps">true</bool>
    <!--whether the device supports feedback level-->
    <bool name="support_feedback_level">true</bool>
    <!--whether the device supports miui lite-->
    <bool name="enable_miui_lite">true</bool>
    <!--whether the device supports steps_provider-->
    <bool name="support_steps_provider">true</bool>
    <!--whether the device support hall sensor-->
    <bool name="support_hall_sensor">true</bool>
    <!--whether the device supports hifi-->
    <bool name="support_hifi">true</bool>
    <!--whether the device supports agps parameters-->
    <bool name="support_agps_paras">true</bool>
    <!--whether the device supports agps roaming-->
    <bool name="support_agps_roaming">false</bool>
    <!--whether the device supports IR-->
    <bool name="support_ir">true</bool>
    <!-- whether the device supports app hiding-->
    <bool name="support_app_hiding">true</bool>
    <!--whether the device can read cpu4 freq-->
    <bool name="is_read_cpu4_freq">false</bool>
    <!--whether the device supports cit-->
    <bool name="support_cit">true</bool>
    <!--whether the device is xiaomi-->
    <bool name="is_xiaomi_device">true</bool>
    <!--whether the device supports encrypt-->
    <bool name="support_device_encrypt">true</bool>
    <!--whether support burst shoot in camera-->
    <bool name="support_camera_burst_shoot">true</bool>
    <!--whether support burst shoot denoise in camera-->
    <bool name="support_camera_burst_shoot_denoise">true</bool>
    <!--whether support solid recording in camera-->
    <bool name="support_camera_movie_solid">true</bool>
    <!--whether support shader effect in camera-->
    <bool name="support_camera_shader_effect">true</bool>
    <!--whether support skin beauty in camera-->
    <bool name="support_camera_skin_beauty">true</bool>
    <!--whether support age detection in camera-->
    <bool name="support_camera_age_detection">true</bool>
    <!--whether support record location in camera-->
    <bool name="support_camera_record_location">true</bool>
    <!--whether support time watermark in camera-->
    <bool name="support_camera_water_mark">true</bool>
    <!--whether support new style time watermark in camera-->
    <bool name="support_camera_new_style_time_water_mark">true</bool>
    <!--whether support face info watermark in camera-->
    <bool name="support_camera_face_info_water_mark">true</bool>
    <!--whether support square mode in camera-->
    <bool name="support_camera_square_mode">true</bool>
    <!--whether support pause recording in camera-->
    <bool name="support_camera_video_pause">true</bool>
    <!--whether support boosting screen brightness in camera-->
    <bool name="support_camera_boost_brightness">true</bool>
    <!--whether taking lower size panorama in camera-->
    <bool name="is_lower_size_panorama">false</bool>
    <!--whether support full size panorama in camera-->
    <bool name="support_full_size_panorama">true</bool>
    <!--whether taking lower size effect image in camera-->
    <bool name="is_lower_size_effect">false</bool>
    <!--whether taking full size effect image in camera-->
    <bool name="is_full_size_effect">true</bool>
    <!--whether support aohdr in camera-->
    <bool name="support_camera_aohdr">true</bool>
    <!--whether support high frame recording in camera-->
    <bool name="support_camera_hfr">true</bool>
    <!--whether support chroma flash in camera-->
    <bool name="support_chroma_flash">false</bool>
    <!--whether support object tracking in camera-->
    <bool name="support_object_track">true</bool>
    <!--whether support 4k recording in camera-->
    <bool name="support_camera_4k_quality">true</bool>
    <!--whether support audio focus recording in camera-->
    <bool name="support_camera_audio_focus">true</bool>
    <!--whether use morpho lib in camera-->
    <bool name="is_camera_use_morpho_lib">true</bool>
    <!--whether replace a lower cost effect to avoid preview lag-->
    <bool name="is_camera_replace_higher_cost_effect">false</bool>
    <!--whether support manual focus/exposure_time in camera-->
    <bool name="support_camera_manual_function">true</bool>
    <!--whether capture when user press down the shutter in camera instead of left the shutter-->
    <bool name="support_camera_press_down_capture">true</bool>
    <!--whether support capture in torch mode in camera-->
    <bool name="support_camera_torch_capture">true</bool>
    <!--whether freeze preview after hdr capture in camera-->
    <bool name="is_camera_freeze_after_hdr_capture">false</bool>
    <!--whether set orientation info for face detection in camera-->
    <bool name="is_camera_face_detection_need_orientation">true</bool>
    <!--whether hold blured background for effects preview in camera-->
    <bool name="is_camera_hold_blur_background">false</bool>
    <!--whether support peaking mf in camera-->
    <bool name="support_camera_peaking_mf">true</bool>
    <!--whether support pause in hfr recording-->
    <bool name="support_hfr_video_pause">true</bool>
    <!--whether support gradienter in camera-->
    <bool name="support_camera_gradienter">true</bool>
    <!--whether scan qrcode with lower frequency in camera-->
    <bool name="is_camera_lower_qrscan_frequency">true</bool>
    <!--whether listen frame with single subthread looper in camera-->
    <bool name="is_camera_preview_with_subthread_looper">true</bool>
    <!--whether add watermark in camera app-->
    <bool name="is_camera_app_water_mark">true</bool>
    <!--whether support tiltshift  in camera-->
    <bool name="support_camera_tilt_shift">true</bool>
    <!--whether support magic mirror in camera-->
    <bool name="support_camera_magic_mirror">true</bool>
    <!--whether support groupshot mode  in camera-->
    <bool name="support_camera_groupshot">true</bool>
    <!--whether support snap with screen off  in camera-->
    <bool name="support_camera_quick_snap">true</bool>
    <!--whether compass support tilt rotate calibrate  -->
    <bool name="support_rotate_calibrate">true</bool>
    <!-- whether support double tap to wake up device -->
    <bool name="support_gesture_wakeup">true</bool>
    <!-- whether support edge handgrip -->
    <bool name="support_edge_handgrip">true</bool>
    <!--wheater support validate device when syste upadte -->
    <bool name="support_ota_validate">true</bool>
    <!--whether show basic info items-->
    <bool name="support_show_basic_items">true</bool>
    <!--whether show my device-->
    <bool name="support_my_device">true</bool>
    <!--wheater support show credentials-->
    <bool name="support_credentials">true</bool>
    <!--the vendor feature, it's value may be qcom,mediatek,leadcore or nvidia-->
    <string name="vendor">qcom</string>
    <!--release time for the device, should be an unix timestamp-->
    <string name="release_time">1473868800000</string>
    <!--0:not support 1:close gamut 2:close ce-->
    <integer name="screen_standard_mode">1</integer>
    <!--the max level for paper mode -->
    <float name="paper_mode_max_level">32.0</float>
    <!--Flag of reduce preview size in camera(1:reduce, 0:do not reduce; 1st byte:rear camera, 2nd byte:front camera, 3rd byte:rear video, 4th byte:front video )-->
    <integer name="camera_reduce_preview_flag">14</integer>
    <!--max number of burst images one time -->
    <integer name="burst_shoot_count">100</integer>
    <!--b0:flash b1:hdr b2:motion b3:night-->
    <integer name="camera_supported_asd">9</integer>
    <!--whether rotate the final image in camera isp-->
    <bool name="is_camera_isp_rotated">true</bool>
    <!--max cpu freq of the device-->
    <integer name="cpu_max_freq">235</integer>
    <!--Successful flag of camera continuous auto focus  result-->
    <integer name="camera_focus_success_flag">2</integer>
    <!--hidden app packagename list -->
    <string-array name="hidden_app_packagename_list">
        <item>com.xiaomi.market</item>
        <item>com.duokan.reader</item>
        <item>com.xiaomi.channel</item>
        <item>com.yidian.xiaomi</item>
        <item>com.xiaomi.o2o</item>
        <item>com.xiaomi.smarthome</item>
        <item>com.wali.live</item>
        <item>com.xiaomi.jr</item>
        <item>com.mipay.wallet</item>
        <item>com.xiaomi.youpin</item>
    </string-array>
    <!--hidden app path list -->
    <string-array name="hidden_app_path_list">
        <item>/system/app/MiuiSuperMarket.apk,/system/app/MiuiSuperMarket</item>
        <item>/data/app/partner-com.duokan.reader.apk,/data/app/partner-com.duokan.reader</item>
        <item>/data/app/partner-MiTalk.apk,/data/app/customized-partner-MiTalk.apk,/data/app/partner-MiTalk,/data/app/customized-partner-MiTalk</item>
        <item>/data/app/partner-Zixun.apk,/data/app/partner-Zixun,/data/app/ota-partner-Zixun.apk,/data/app/ota-partner-Zixun</item>
        <item>/data/app/O2O.apk,/data/app/O2O</item>
        <item>/data/app/ota-miui-XiaomiSmartHome.apk,/data/app/ota-miui-XiaomiSmartHome</item>
        <item>/data/app/WaliLive.apk,/data/app/WaliLive</item>
        <item>/data/app/MiFinance.apk,/data/app/MiFinance</item>
        <item>/system/app/Mipay.apk,/system/app/Mipay</item>
        <item>/cust/app/customized/partner-YouPin/partner-YouPin.apk,/cust/app/customized/partner-YouPin</item>
    </string-array>
    <!--total steps number of camera compensation-->
    <float name="camera_exposure_compensation_steps_num">12.0</float>
    <!--Left margin of count down parent layout for front camera-->
    <float name="camera_front_count_down_margin">-0.5573</float>
    <bool name="front_fingerprint_sensor">true</bool>
    <!--whether the device supports smart cover with small window-->$
    <bool name="support_small_win_cover">false</bool>
    <!--0: x7 type; 1: A1 type -->
    <integer name="small_win_cover_type">0</integer>
    <integer name="smartcover_smallwindow_left">0</integer>
    <integer name="smartcover_smallwindow_top">0</integer>
    <integer name="smartcover_smallwindow_right">1080</integer>
    <integer name="smartcover_smallwindow_bottom">1920</integer>
    <!-- fingerprint navigation event name list -->
    <string-array name="fp_nav_event_name_list">
        <item>uinput-fpc</item>
        <item>uinput-goodix</item>
    </string-array>
    <bool name="support_tap_fingerprint_sensor_to_home">false</bool>
    <!-- type of soter finger pay, config by owner of soter -->
    <integer name="type_soter_finger_pay">2</integer>
    <!--wheater the device supports persist screen color in driver-->
    <bool name="support_screen_color_persist">true</bool>
    <!--cpu combination -->
    <integer name="cpu_combination">44</integer>
    <integer name="xo_therm">9</integer>
    <integer name="case_therm">9</integer>
    <!--whether the middle keycode is KEYCODE_DPAD_CENTER-->
    <bool name="middle_keycode_is_dpad_center">false</bool>
    <!--wheater the device supports force touch -->
    <bool name="support_force_touch">false</bool>
    <!-- font scale for largeui mode -->
    <float name="smallui_font_scale">0.86</float>
    <!-- font scale for largeui mode -->
    <float name="mediumui_font_scale">1.05</float>
    <!-- font scale for largeui mode -->
    <float name="largeui_font_scale">1.25</float>
    <!-- font scale for largeui mode -->
    <float name="hugeui_font_scale">1.40</float>
    <!-- font scale for largeui mode -->
    <float name="godzillaui_font_scale">1.40</float>
    <!-- support nfc -->
    <bool name="support_nfc">true</bool>
    <!-- NFC related -->
    <bool name="support_se_route">true</bool>
    <!--whether the device supports screen key position swap-->
    <bool name="support_screen_key_swap">true</bool>
    <!--In these app access camera, add beautify parameter -->
    <string-array name="add_still_beautify_list">
        <item>com.tencent.mm</item>
        <item>com.tencent.mobileqq</item>
        <item>com.skype.rover</item>
    </string-array>
    <!--still beautify value for 3rd party call-->
    <string name="extra_still_beautify_value">i:2</string>
    <!--min previewsize value for video call case-->
    <integer name="extra_min_preview_size">921600</integer>
    <!--Led light features-->
    <bool name="support_led_light">true</bool>
    <bool name="support_led_color">false</bool>
    <bool name="support_audio_loopback">true</bool>
    <bool name="support_new_silentmode">true</bool>
    <!-- whether CN hardware can flash Global rom -->
    <bool name="enable_flash_global">true</bool>
    <!-- whether the device is cmcc strategic, should use it with Build.IS_CM_CUSTOMIZATION together -->
    <bool name="cmcc_strategic_phone">true</bool>
    <!--whether support optical zoom in camera-->
    <bool name="is_support_optical_zoom">true</bool>
    <!--whether support portrait in camera-->
    <bool name="is_support_portrait">true</bool>
    <!--whether support add watermark on bottom left of picture-->
    <bool name="support_picture_watermark">true</bool>
    <!--whether sensor_has_latency-->
    <bool name="sensor_has_latency">true</bool>
    <!--whether support freeform mode in game mode-->
    <bool name="support_freeform_reply">true</bool>
    <!--whether front camera support bokeh or not-->
    <bool name="support_front_bokeh">true</bool>
    <!--whether camera support portrait mode switch -->
    <bool name="camera_is_support_portrait_switch">true</bool>
<!--whether support optical zoom in camera-->
    <bool name="is_support_optical_zoom">true</bool>
    <!--whether support portrait in camera-->
    <bool name="is_support_portrait">true</bool>
    <!--whether support add watermark on bottom left of picture-->
    <bool name="support_picture_watermark">true</bool>
    <!--whether sensor_has_latency-->
    <bool name="sensor_has_latency">true</bool>
    <!--whether support freeform mode in game mode-->
    <bool name="support_freeform_reply">true</bool>
    <!--whether taking 18x9 ratio screen in camera-->
    <bool name="is_18x9_ratio_screen">true</bool>
    <!-- whether camera vice back sensor is remoasic -->
    <bool name="is_vice_back_remoasic_camera">true</bool>
    <!--whether support portrait in camera-->
    <bool name="is_support_portrait">true</bool>
    <!--whether camera support portrait mode switch -->
    <bool name="camera_is_support_portrait_switch">true</bool>
    <!-- whether camera support AI lens entry -->
    <bool name="camera_support_ai_lens">true</bool>
	<bool name="camera_supported_ai_scene">true</bool>
    <!--whether taking legacy face beauty in camera-->
    <bool name="is_legacy_face_beauty">true</bool>
    <!--whether front camera support hdr or not-->
    <bool name="support_front_hdr">true</bool>
    <!-- Camera HDR default value -->
    <integer name="support_camera_hdr_default_value">3</integer>
    <integer name="support_camera_front_hdr_default_value">3</integer>
　　  <!--whether front camera support hht or not-->
    <!--whether front camera support bokeh or not-->
　   <bool name="support_front_bokeh">true</bool>
    <!--whether support auto mirror in camera-->
    <bool name="support_auto_mirror">true</bool>
    <!--whether support auto mirror in camera-->
    <!--whether support add watermark on bottom left of picture-->
    <bool name="support_picture_watermark">true</bool>
    <!--whether need video stabilizatiion crop-->
    <bool name="disable_video_stabilization_in_speed_slow_mode">true</bool>
    <!--whether add algorithm in file name or not-->
    <bool name="enable_algorithm_in_file_suffix">true</bool>
    <!--whether need video stabilizatiion crop-->
    <bool name="need_video_stabilization_crop">true</bool>
    <!--whether sensor_has_latency-->
    <bool name="sensor_has_latency">true</bool>
    <!-- whether camera supports paralell process -->
    <bool name="support_parallel_process">true</bool>
    <!--whether enable face detection in video and funmode or not-->
    <bool name="support_camera_video_face_detection">true</bool>
    <!--camera max quality which support high frame rate,1:480 2:720 3:1080-->
    <integer name="support_camera_hfr_max_quality">2</integer>
    <!-- whether the device app permission detail show in provision-->
    <bool name="support_provision_app_permission">true</bool>
    <!--whether support pre-installed application-->
    <bool name="support_pre_installed_application">true</bool>
    <bool name="support_gesture_wakeup">true</bool>
<bool name="cmcc_strategic_phone">true</bool>
    <!--whether support optical zoom in camera-->
    <bool name="is_support_optical_zoom">true</bool>
<!--whether support main show XiaoAi-->
    <bool name="support_main_xiaoai">true</bool>
    <!--whether support boosting screen brightness in camera-->
    <bool name="support_camera_boost_brightness">true</bool>
    <!-- whether support dynamic light spot in portrait module  -->
    <bool name="support_camera_dynamic_light_spot">true</bool>
 <bool name="support_camera_face_info_water_mark">true</bool>
    <!--whether front camera support mfnr with face beauty-->
    <bool name="support_front_beauty_mfnr">true</bool>
    <!--whether camera support portrait mode switch -->
    <bool name="camera_is_support_portrait_front">true</bool>
    <!--whether camera support 3D face beauty-->
    <bool name="support_3d_face_beauty">true</bool>
    <!--whether camera support HFR video mode-->
    <bool name="support_video_hfr_mode">true</bool>
    
<bool name="support_camera_shader_effect">true</bool>
    <!--whether support skin beauty in camera-->
    <bool name="support_camera_skin_beauty">true</bool>
    <!--whether support age detection in camera-->
    <bool name="support_camera_age_detection">true</bool>
    <!--whether support record location in camera-->
    <!-- Support Dual Gps-->
    <bool name="support_dual_gps">true</bool>
    <!--whether round corner-->
    <bool name="support_round_corner">true</bool>
<!--whether the device support 4G+-->
    <bool name="support_ca">true</bool>
    <!--whether support burst shoot in camera-->
    <bool name="support_camera_burst_shoot">true</bool>
    <bool name="support_camera_shader_effect">true</bool>
    <!--whether support skin beauty in camera-->
    <bool name="support_camera_skin_beauty">true</bool>
    <!--whether support age detection in camera-->
    <bool name="support_camera_age_detection">true</bool>
    <!--whether support square mode in camera-->
    <bool name="support_camera_square_mode">true</bool>

<!--whether support magic mirror in camera-->
    <bool name="support_camera_magic_mirror">true</bool>
    <!--whether support groupshot mode  in camera-->
    <bool name="support_camera_groupshot">true</bool>
    <!--whether support snap with screen off  in camera-->
    <bool name="support_camera_quick_snap">true</bool>
    <!--support front flash or not-->
    <bool name="support_front_flash">true</bool>
    <!--b0:flash b1:hdr b2:motion b3:night-->
    <integer name="camera_supported_asd">9</integer>
    <!--front asd b0:flash b1:hdr b2:motion b3:night-->
    <integer name="camera_supported_front_asd">19</integer>
    <!-- front hht enhance-->
    <bool name="support_front_hht_enhance">true</bool>
    <!--whether front sensor support remosic-->
    <bool name="is_front_remosic_sensor">true</bool>
    <!--whether rotate the final image in camera isp-->
    <bool name="is_camera_isp_rotated">true</bool>
<bool name="enhance_beauty_with_hht">true</bool>
    <!-- Camera HDR default value -->
    <integer name="support_camera_hdr_default_value">3</integer>
    <integer name="support_camera_front_hdr_default_value">3</integer>
　　  <!--whether front camera support hht or not-->
    <bool name="support_front_hht">true</bool>
    <!--whether camera support superresolution mode-->
    <bool name="support_super_resolution">false</bool>
</features>

