<?xml version='1.0' encoding='utf-8' standalone='yes' ?>
<map>
    <string name="dsp.bs2b.mode">5</string>
    <boolean name="dsp.masterswitch.enable" value="false" />
    <string name="dsp.stereowide.mode">60</string>
    <string name="dsp.tone.eq">custom</string>
    <string name="dsp.compression.maxrel">200</string>
    <string name="dsp.compression.maxatk">30</string>
    <boolean name="dsp.bass.enable" value="false" />
    <string name="dsp.convolver.resampler"></string>
    <string name="dsp.masterswitch.limthreshold">-0.1</string>
    <boolean name="dsp.compression.enable" value="false" />
    <boolean name="dsp.tone.enable" value="false" />
    <string name="dsp.masterswitch.limrelease">60.0</string>
    <string name="dsp.convolver.mode">0</string>
    <string name="dsp.convolver.advimp">-80;-100;0;0;0;0</string>
    <string name="dsp.headphone.preset">15</string>
    <string name="dsp.analogmodelling.tubedrive">2.0</string>
    <boolean name="dsp.convolver.enable" value="true" />
    <string name="dsp.convolver.files">/storage/emulated/0/JamesDSP/Convolver/Huber_K50G_GameAudioTurbo.wav</string>
    <string name="dsp.streq.stringp">GraphicEQ: 0.0 0.0; </string>
    <string name="dsp.tone.filtertype">0</string>
    <string name="dsp.tone.eq.custom">25.0000000;40.0000000;63.0000000;100.0000000;160.0000000;250.0000000;400.0000000;630.0000000;1000.0000000;1600.0000000;2500.0000000;4000.0000000;6300.0000000;10000.0000000;16000.0000000;-15.0000000;-15.0000000;0.8535995;-15.0000000;-3.6548347;-8.2616749;-4.3526287;0.9017496;0.1094360;0.5909529;1.2913427;-1.5072956;2.8672180;2.0209141;2.1084633;</string>
    <string name="dsp.compression.adaptspeed">800</string>
    <string name="dsp.bass.maxgain">7</string>
    <string name="dsp.masterswitch.postgain">5.0</string>
    <string name="dsp.tone.interpolation">0</string>
    <string name="dsp.ddc.files"></string>
    <string name="dsp.liveprog.files"></string>
</map>
