<filter-conf>
    <!-- project:19065 -->
    <version>2020053017</version>
    <isOpen>1</isOpen>
    <filter-name>sys_high_temp_protect</filter-name>
    <HighTemperatureProtectSwitch>false</HighTemperatureProtectSwitch> 
    <HighTemperatureShutdownSwitch>false</HighTemperatureShutdownSwitch>
    <HighTemperatureFirstStepSwitch>false</HighTemperatureFirstStepSwitch>
    <CountBatteryChangedForFosUpdateTime>30</CountBatteryChangedForFosUpdateTime> 
    <HighTemperatureShutdownUpdateTime>15</HighTemperatureShutdownUpdateTime>
    <HighTemperatureProtectFirstStepIn>560</HighTemperatureProtectFirstStepIn>
    <HighTemperatureProtectFirstStepOut>550</HighTemperatureProtectFirstStepOut>
    <HighTemperatureProtectThresholdIn>590</HighTemperatureProtectThresholdIn> 
    <HighTemperatureProtectThresholdOut>570</HighTemperatureProtectThresholdOut>
    <HighTemperatureProtectShutDown>750</HighTemperatureProtectShutDown>
    <MediumTemperatureProtectThreshold>10000</MediumTemperatureProtectThreshold>
    <HighTemperatureDisableFlashSwitch>false</HighTemperatureDisableFlashSwitch>
    <HighTemperatureDisableFlashLimit>550</HighTemperatureDisableFlashLimit>
    <HighTemperatureEnableFlashLimit>520</HighTemperatureEnableFlashLimit>
    <HighTemperatureDisableFlashChargeSwitch>false</HighTemperatureDisableFlashChargeSwitch>
    <HighTemperatureDisableFlashChargeLimit>550</HighTemperatureDisableFlashChargeLimit>
    <HighTemperatureEnableFlashChargeLimit>520</HighTemperatureEnableFlashChargeLimit>
    <camera_temperature_limit>550</camera_temperature_limit>
    <HighTemperatureControlVideoRecordSwitch>false</HighTemperatureControlVideoRecordSwitch>
    <HighTemperatureDisableVideoRecordLimit>550</HighTemperatureDisableVideoRecordLimit>
    <HighTemperatureEnableVideoRecordLimit>530</HighTemperatureEnableVideoRecordLimit>
    <ToleranceFirstStepIn>500</ToleranceFirstStepIn>
    <ToleranceFirstStepOut>580</ToleranceFirstStepOut>
    <ToleranceSecondStepIn>520</ToleranceSecondStepIn>
    <ToleranceSecondStepOut>500</ToleranceSecondStepOut>
    <ToleranceThreshold>55</ToleranceThreshold>
    <ToleranceStart>530</ToleranceStart>
    <ToleranceStop>510</ToleranceStop>
    <ToleranceInterval>30000</ToleranceInterval>
</filter-conf>