<?xml version='1.0' encoding='utf-8' standalone='yes' ?>
<map>
    <boolean name="viper4android.headphonefx.playbackgain.enable" value="true" />
    <boolean name="viper4android.speakerfx.spkopt.enable" value="false" />
    <boolean name="viper4android.speakerfx.enable" value="true" />
    <boolean name="viper4android.headphonefx.fireq.enable" value="false" />
    <string name="viper4android.headphonefx.limiter">100</string>
    <string name="viper4android.headphonefx.outvol">200</string>
</map>
