<?xml version='1.0' encoding='utf-8' standalone='yes' ?>
<map>
    <string name="viper4android.headphonefx.playbackgain.volume">100</string>
    <string name="viper4android.headphonefx.fidelity.bass.mode">0</string>
    <boolean name="viper4android.headphonefx.playbackgain.enable" value="true" />
    <string name="viper4android.headphonefx.fidelity.bass.gain">600</string>
    <string name="viper4android.headphonefx.limiter">100</string>
    <boolean name="viper4android.headphonefx.enable" value="true" />
    <boolean name="viper4android.headphonefx.vhs.enable" value="true" />
    <string name="viper4android.headphonefx.playbackgain.ratio">300</string>
    <string name="viper4android.headphonefx.outvol">200</string>
    <string name="viper4android.headphonefx.playbackgain.maxscaler">3000</string>
    <boolean name="viper4android.headphonefx.fidelity.clarity.enable" value="true" />
    <string name="viper4android.headphonefx.vhs.qual">0</string>
    <string name="viper4android.headphonefx.fidelity.clarity.mode">2</string>
    <string name="viper4android.headphonefx.fidelity.clarity.gain">300</string>
    <boolean name="viper4android.settings.viperddc.notice" value="true" />
    <boolean name="viper4android.settings.vse.notice" value="true" />
    <boolean name="viper4android.headphonefx.fidelity.bass.enable" value="true" />
</map>
<?xml version='1.0' encoding='utf-8' standalone='yes' ?>
<map>
    <boolean name="viper4android.headphonefx.playbackgain.enable" value="true" />
    <boolean name="viper4android.speakerfx.spkopt.enable" value="false" />
    <boolean name="viper4android.speakerfx.enable" value="true" />
    <boolean name="viper4android.headphonefx.fireq.enable" value="false" />
    <string name="viper4android.headphonefx.limiter">100</string>
    <string name="viper4android.headphonefx.outvol">200</string>
</map>
