<?xml version='1.0' encoding='utf-8' standalone='yes' ?>
<map>
    <string name="viper4android.headphonefx.outvol">100</string>
    <boolean name="viper4android.headphonefx.viperddc.enable" value="true" />
    <string name="viper4android.headphonefx.diffsurr.delay">200</string>
    <string name="viper4android.headphonefx.fireq.custom">2.4;3.3;3.3;2.4;0.4;2.2;2.9;3.9;3.6;1.5;</string>
    <string name="viper4android.headphonefx.fidelity.clarity.gain">0</string>
    <string name="viper4android.headphonefx.fidelity.bass.mode">0</string>
    <string name="viper4android.headphonefx.dynamicsystem.bass">16</string>
    <boolean name="viper4android.headphonefx.analogx.enable" value="true" />
    <string name="viper4android.headphonefx.playbackgain.maxscaler">300</string>
    <string name="viper4android.headphonefx.reverb.roomwidth">100</string>
    <string name="viper4android.ddcblock.FILE:Custom_jmxc23.vdc">1.000306,-1.997153,0.996866,1.997153,-0.997172,1.001300,-1.994858,0.993635,1.994858,-0.994936,1.002763,-1.989616,0.987169,1.989616,-0.989932,1.004034,-1.977535,0.974756,1.977535,-0.978790,1.002550,-1.948332,0.950736,1.948332,-0.953286,1.008885,-1.892768,0.903258,1.892768,-0.912143,1.059301,-1.787322,0.803123,1.787322,-0.862424,1.149635,-1.484664,0.613722,1.484664,-0.763357,1.239601,-0.651755,0.320481,0.651755,-0.560082,1.307224,0.759766,-0.140036,-0.759766,-0.167189,1.000281,-1.997385,0.997121,1.997385,-0.997402,1.001195,-1.995281,0.994151,1.995281,-0.995346,1.002539,-1.990480,0.988207,1.990480,-0.990746,1.003709,-1.979436,0.976787,1.979436,-0.980497,1.002347,-1.952810,0.954653,1.952810,-0.957000,1.008192,-1.902577,0.910802,1.902577,-0.918994,1.054785,-1.809084,0.818117,1.809084,-0.872902,1.138765,-1.541999,0.641783,1.541999,-0.780548,1.223746,-0.794596,0.365446,0.794596,-0.589192,1.281634,0.618278,-0.045078,-0.618278,-0.236557</string>
    <string name="viper4android.headphonefx.colorfulmusic.midimage">130</string>
    <string name="viper4android.headphonefx.dynamicsystem.coeffs">1000;6200;40;80;0;10</string>
    <boolean name="viper4android.headphonefx.fidelity.clarity.enable" value="true" />
    <string name="viper4android.headphonefx.fidelity.clarity.mode">2</string>
    <boolean name="viper4android.headphonefx.convolver.enable" value="true" />
    <string name="viper4android.headphonefx.playbackgain.ratio">300</string>
    <string name="viper4android.headphonefx.vhs.qual">1</string>
    <string name="viper4android.headphonefx.viperddc.device">FILE:Custom_jmxc23.vdc</string>
    <string name="viper4android.headphonefx.fireq">custom</string>
    <string name="viper4android.headphonefx.convolver.crosschannel">40</string>
    <string name="viper4android.headphonefx.reverb.dry">50</string>
    <string name="viper4android.headphonefx.convolver.kernel">/storage/emulated/legacy/ViPER4Android/Kernel/XMPlay Dithering + Noise Shaping.irs</string>
    <boolean name="viper4android.headphonefx.fidelity.bass.enable" value="true" />
    <string name="viper4android.headphonefx.fidelity.bass.freq">100</string>
    <boolean name="viper4android.headphonefx.dynamicsystem.enable" value="true" />
    <boolean name="viper4android.headphonefx.vhs.enable" value="true" />
    <string name="viper4android.headphonefx.fidelity.bass.gain">50</string>
    <string name="viper4android.headphonefx.colorfulmusic.coeffs">140;350</string>
    <string name="viper4android.headphonefx.reverb.damp">0</string>
    <string name="viper4android.headphonefx.analogx.mode">1</string>
    <string name="viper4android.headphonefx.reverb.roomsize">100</string>
    <string name="viper4android.headphonefx.limiter">100</string>
    <string name="viper4android.headphonefx.playbackgain.volume">100</string>
    <boolean name="viper4android.headphonefx.fireq.enable" value="true" />
    <string name="viper4android.headphonefx.channelpan">0</string>
    <boolean name="viper4android.headphonefx.enable" value="true" />
    <boolean name="viper4android.headphonefx.cure.enable" value="false" />
    <string name="viper4android.headphonefx.reverb.wet">0</string>
    <string name="viper4android.headphonefx.cure.crossfeed">2</string>
    <string name="viper4android.headphonefx.vse.value">0.1</string>
</map>
