<?xml version="1.0" encoding="utf-8" ?>
<permissions>
    <privapp-permissions package="com.motorola.cameraone">
        <permission name="android.permission.WRITE_MEDIA_STORAGE"/>
        <permission name="android.permission.WRITE_SECURE_SETTINGS"/>
        <permission name="android.permission.STOP_APP_SWITCHES"/>
        <permission name="com.motorola.camera.permission.CONTROL_CAMERA"/>
        <permission name="android.permission.SYSTEM_CAMERA"/>
        <permission name="android.permission.CAPTURE_AUDIO_OUTPUT"/>
        <permission name="android.permission.CAPTURE_AUDIO_HOTWORD"/>
    </privapp-permissions>
</permissions>
