{
  "Cgroups": [
    {
      "Controller": "blkio",
      "Path": "/dev/blkio",
      "Mode": "0755",
      "UID": "system",
      "GID": "system"
    },
    {
      "Controller": "cpu",
      "Path": "/dev/cpuctl",
      "Mode": "0755",
      "UID": "system",
      "GID": "system"
    },
    {
      "Controller": "cpuset",
      "Path": "/dev/cpuset",
      "Mode": "0755",
      "UID": "system",
      "GID": "system"
    },
    {
      "Controller": "memory",
      "Path": "/dev/memcg",
      "Mode": "0755",
      "UID": "system",
      "GID": "system",
      "Optional": true
    }
  ],
  "Cgroups2": {
    "Path": "/sys/fs/cgroup",
    "Mode": "0755",
    "UID": "system",
    "GID": "system",
    "Controllers": [
      {
        "Controller": "freezer",
        "Path": ".",
        "Mode": "0755",
        "UID": "system",
        "GID": "system"
      }
    ]
  }
}
