<?xml version="1.0" encoding="utf-8" ?>
<!-- Copyright (C) 2014 The CyanogenMod Project

     Licensed under the Apache License, Version 2.0 (the "License");
     you may not use this file except in compliance with the License.
     You may obtain a copy of the License at

          http://www.apache.org/licenses/LICENSE-2.0

     Unless required by applicable law or agreed to in writing, software
     distributed under the License is distributed on an "AS IS" BASIS,
     WITHOUT WARRANTIES OR CONDITIONS OF ANY KIND, either express or implied.
     See the License for the specific language governing permissions and
     limitations under the License.
-->

<Included>
    <Decoders>

        <!--  ffmpeg audio codecs -->
        <MediaCodec name="OMX.ffmpeg.aac.decoder"    type="audio/mp4a-latm">
            <Limit name="channel-count" max="8" />
            <Limit name="sample-rate" ranges="8000-192000" />
        </MediaCodec>
        <MediaCodec name="OMX.ffmpeg.ac3.decoder"    type="audio/ac3" >
            <Limit name="channel-count" max="8" />
            <Limit name="sample-rate" ranges="8000-192000" />
        </MediaCodec>
        <MediaCodec name="OMX.ffmpeg.alac.decoder"   type="audio/alac" >
            <Limit name="channel-count" max="8" />
            <Limit name="sample-rate" ranges="8000-192000" />
        </MediaCodec>
        <MediaCodec name="OMX.ffmpeg.ape.decoder"    type="audio/x-ape" >
            <Limit name="channel-count" max="8" />
            <Limit name="sample-rate" ranges="8000-192000" />
        </MediaCodec>
        <MediaCodec name="OMX.ffmpeg.atrial.decoder" type="audio/ffmpeg" >
            <Limit name="channel-count" max="8" />
            <Limit name="sample-rate" ranges="8000-192000" />
        </MediaCodec>
        <MediaCodec name="OMX.ffmpeg.dts.decoder"    type="audio/dts" >
            <Limit name="channel-count" max="8" />
            <Limit name="sample-rate" ranges="8000-192000" />
        </MediaCodec>
        <MediaCodec name="OMX.ffmpeg.flac.decoder"   type="audio/flac" >
            <Limit name="channel-count" max="8" />
            <Limit name="sample-rate" ranges="8000-192000" />
        </MediaCodec>
        <MediaCodec name="OMX.ffmpeg.mp2.decoder"    type="audio/mpeg-L2" >
            <Limit name="channel-count" max="8" />
            <Limit name="sample-rate" ranges="8000-192000" />
        </MediaCodec>
        <!--
        <MediaCodec name="OMX.ffmpeg.mp3.decoder"    type="audio/mpeg">
            <Limit name="channel-count" max="8" />
            <Limit name="sample-rate" ranges="8000-192000" />
        </MediaCodec>
        <MediaCodec name="OMX.ffmpeg.vorbis.decoder"    type="audio/vorbis">
            <Limit name="channel-count" max="8" />
            <Limit name="sample-rate" ranges="8000-192000" />
        </MediaCodec>
        -->
        <MediaCodec name="OMX.ffmpeg.ra.decoder"     type="audio/vnd.rn-realaudio" >
            <Limit name="channel-count" max="8" />
            <Limit name="sample-rate" ranges="8000-192000" />
        </MediaCodec>
        <MediaCodec name="OMX.ffmpeg.wma.decoder"    type="audio/x-ms-wma" >
            <Limit name="channel-count" max="8" />
            <Limit name="sample-rate" ranges="8000-192000" />
        </MediaCodec>

        <!--  ffmpeg video codecs -->
        <MediaCodec name="OMX.ffmpeg.divx.decoder"   type="video/divx">
            <Limit name="size" min="2x2" max="2048x2048" />
            <Limit name="alignment" value="2x2" />
            <Feature name="adaptive-playback" />
        </MediaCodec>
        <MediaCodec name="OMX.ffmpeg.flv1.decoder"   type="video/x-flv">
            <Limit name="size" min="2x2" max="2048x2048" />
            <Limit name="alignment" value="2x2" />
            <Feature name="adaptive-playback" />
        </MediaCodec>
        <MediaCodec name="OMX.ffmpeg.mpeg2.decoder"  type="video/mpeg2">
            <Limit name="size" min="2x2" max="2048x2048" />
            <Limit name="alignment" value="2x2" />
            <Feature name="adaptive-playback" />
        </MediaCodec>
        <MediaCodec name="OMX.ffmpeg.mpeg4.decoder"  type="video/mp4v-es">
            <Limit name="size" min="2x2" max="2048x2048" />
            <Limit name="alignment" value="2x2" />
            <Feature name="adaptive-playback" />
        </MediaCodec>
        <MediaCodec name="OMX.ffmpeg.rv.decoder"     type="video/vnd.rn-realvideo">
            <Limit name="size" min="2x2" max="2048x2048" />
            <Limit name="alignment" value="2x2" />
            <Feature name="adaptive-playback" />
        </MediaCodec>
        <MediaCodec name="OMX.ffmpeg.vc1.decoder"    type="video/vc1">
            <Limit name="size" min="2x2" max="2048x2048" />
            <Limit name="alignment" value="2x2" />
            <Feature name="adaptive-playback" />
        </MediaCodec>
        <MediaCodec name="OMX.ffmpeg.vtrial.decoder" type="video/ffmpeg">
            <Limit name="size" min="2x2" max="2048x2048" />
            <Limit name="alignment" value="2x2" />
            <Feature name="adaptive-playback" />
        </MediaCodec>
        <MediaCodec name="OMX.ffmpeg.wmv.decoder"    type="video/x-ms-wmv">
            <Limit name="size" min="2x2" max="2048x2048" />
            <Limit name="alignment" value="2x2" />
            <Feature name="adaptive-playback" />
        </MediaCodec>
    </Decoders>
</Included>
