{
  "packageName": "com.ss.android.article.news",
  "forceDark": true,
  "mainRule": 1040,
  "secondaryRule": 34,
  "forceDarkActivityConfigList": [
    {
      "activityName": "com.ss.android.live.host.livehostimpl.LivePlayerTransActivity",
      "forceDark": true,
      "forceDarkViewConfigList": [
        {
          "forceDark": true,
          "viewName": "FrameLayout",
          "backgroundUsage": 2,
          "conditions": [
            {
              "viewName": "RelativeLayout",
              "parent": 0,
              "index": -1,
              "id": "action_area"
            },
            {
              "viewName": "GridLayout",
              "parent": 1,
              "index": -1,
              "id": "grid_layout"
            }
          ]
        }
      ]
    },
    {
      "activityName": "com.ss.android.newmedia.activity.browser.BrowserActivity",
      "forceDark": true,
      "forceDarkViewConfigList": [
        {
          "viewName": "article.common",
          "forceDark": false,
          "blackMask": true,
          "conditions": [
            {
              "viewName": "article.common",
              "parent": 0,
              "index": -1
            },
            {
              "viewName": "NestRelativeLayout",
              "parent": 1,
              "index": -1
            }
          ]
        },
        {
          "viewName": "android.widget.ImageView",
          "forceDark": true,
          "usage": 103,
          "conditions": [
            {
              "parent": 0,
              "viewName": "com.ss.android.article.base.feature.feed.view.NewDetailToolBar",
              "index": -1
            },
            {
              "parent": 2,
              "viewName": "android.widget.FrameLayout",
              "index": -1
            },
            {
              "parent": 5,
              "viewName": "com.bytedance.android.gaia.activity.slideback.SlideFrameLayout",
              "index": -1
            }
          ]
        }
      ]
    },
    {
      "activityName": "com.ss.android.template.page.MainLynxActivity",
      "forceDark": false,
      "blackMask": true
    },
    {
      "activityName": "com.android.bytedance.search.SearchActivity",
      "forceDark": true,
      "forceDarkViewConfigList": [
        {
          "viewName": "com.lynx.tasm.ui.image.FrescoImageView",
          "forceDark": true,
          "usage": 103,
          "conditions": [
            {
              "parent": 4,
              "viewName": "com.ttlynx.lynximpl.container.TTLynxView",
              "index": -1
            },
            {
              "parent": 5,
              "viewName": "android.widget.FrameLayout",
              "index": -1
            }
          ]
        }
      ]
    },
    {
      "activityName": "com.ss.android.article.news.activity.MainActivity",
      "forceDark": true,
      "forceDarkViewConfigList": [
        {
          "viewName": "lynx.tasm.behavior.ui.scroll",
          "forceDark": true,
          "usage": 103,
          "conditions": [
            {
              "viewName": "NewLynxDocker",
              "parent": 2,
              "index": -1
            },
            {
              "viewName": "ImpressionLinearLayout",
              "parent": 3,
              "index": -1
            }
          ]
        },
        {
          "viewName": "com.lynx.tasm.behavior.ui.view.AndroidView",
          "forceDark": true,
          "usage": 103,
          "conditions": [
            {
              "viewName": "NewLynxDocker",
              "parent": 4,
              "index": -1
            },
            {
              "viewName": "ImpressionLinearLayout",
              "parent": 5,
              "index": -1
            }
          ]
        },
        {
          "viewName": "FrescoImageView",
          "forceDark": true,
          "usage": 103,
          "conditions": [
            {
              "viewName": "NewLynxDocker",
              "parent": 2,
              "index": -1
            }
          ]
        },
        {
          "viewName": "androidx.appcompat.widget.AppCompatImageView",
          "forceDark": true,
          "usage": 103,
          "backgroundUsage": 103,
          "conditions": [
            {
              "parent": 0,
              "viewName": "com.ss.android.article.base.feature.main.MainTabIndicator",
              "index": -1
            },
            {
              "parent": 1,
              "viewName": "android.widget.TabWidget",
              "index": -1
            }
          ]
        },
        {
          "viewName": "com.airbnb.lottie.LottieAnimationView",
          "forceDark": true,
          "usage": 103,
          "backgroundUsage": 103,
          "conditions": [
            {
              "parent": 0,
              "viewName": "com.ss.android.article.base.feature.main.MainTabIndicator",
              "index": -1
            },
            {
              "parent": 1,
              "viewName": "android.widget.TabWidget",
              "index": -1
            }
          ]
        },
        {
          "viewName": "com.ss.android.image.AsyncImageView",
          "forceDark": true,
          "usage": 103,
          "backgroundUsage": 103,
          "conditions": [
            {
              "parent": 0,
              "viewName": "android.widget.RelativeLayout",
              "index": -1
            },
            {
              "parent": 1,
              "viewName": "androidx.constraintlayout.widget.ConstraintLayout",
              "index": -1
            },
            {
              "parent": 2,
              "viewName": "androidx.recyclerview.widget.RecyclerView",
              "index": -1
            }
          ]
        },
        {
          "viewName": "androidx.appcompat.widget.AppCompatImageView",
          "forceDark": true,
          "usage": 1,
          "conditions": [
            {
              "parent": 0,
              "viewName": "android.widget.LinearLayout",
              "index": -1
            },
            {
              "parent": 3,
              "viewName": "com.ss.android.profile.view.ProfileHeaderViewPager",
              "index": -1
            }
          ]
        },
        {
          "viewName": "androidx.appcompat.widget.AppCompatImageView",
          "forceDark": true,
          "usage": 2,
          "conditions": [
            {
              "parent": 3,
              "viewName": "com.bytedance.minepage.page.profile.view.MinePageTopBar",
              "index": -1
            },
            {
              "parent": 5,
              "viewName": "com.ss.android.profile.view.ProfileSlideRelativeLayout",
              "index": -1
            }
          ]
        },
        {
          "viewName": "com.ss.android.image.AsyncImageView",
          "forceDark": true,
          "usage": 103,
          "conditions": [
            {
              "parent": 0,
              "viewName": "android.widget.RelativeLayout",
              "index": -1
            },
            {
              "parent": 3,
              "viewName": "androidx.recyclerview.widget.RecyclerView",
              "index": -1
            },
            {
              "parent": 5,
              "viewName": "com.bytedance.minepage.page.profile.view.MineFunctionBlockView",
              "index": -1
            }
          ]
        },
        {
          "viewName": "com.lynx.tasm.behavior.ui.view.AndroidView",
          "forceDark": true,
          "usage": 103,
          "conditions": [
            {
              "parent": 1,
              "viewName": "aweme.com.bytedance.android.annie.card.AnnieCard",
              "index": -1
            },
            {
              "parent": 6,
              "viewName": "com.ss.android.article.common.view.SSTabHost",
              "index": -1,
              "id": "tabhost"
            }
          ]
        },
        {
          "viewName": "com.lynx.tasm.ui.image.FrescoImageView",
          "forceDark": true,
          "usage": 103,
          "conditions": [
            {
              "parent": 1,
              "viewName": "aweme.com.bytedance.android.annie.card.AnnieCard",
              "index": -1
            },
            {
              "parent": 6,
              "viewName": "com.ss.android.article.common.view.SSTabHost",
              "index": -1,
              "id": "tabhost"
            }
          ]
        }
      ]
    },
    {
      "activityName": "com.tt.miniapp.container.MiniAppContainerActivity0",
      "forceDark": false,
      "blackMask": true
    },
    {
      "activityName": "com.tt.miniapp.container.MiniAppContainerActivity1",
      "forceDark": false,
      "blackMask": true
    },
    {
      "activityName": "com.bytedance.ugc.profile.user.profile.TouTiaoUserProfileActivity",
      "forceDark": true,
      "forceDarkViewConfigList": [
        {
          "viewName": "PersonBrandLayout",
          "forceDark": false
        }
      ]
    },
    {
      "activityName": "com.ss.android.article.base.feature.category.activity.CategoryExpandActivity",
      "forceDark": true,
      "forceDarkViewConfigList": [
        {
          "viewName": "TextView",
          "forceDark": true,
          "usage": 2
        }
      ]
    },
    {
      "activityName": "com.bytedance.ugc.UgcDetailInfoActivity",
      "forceDark": true,
      "forceDarkViewConfigList": [
        {
          "viewName": "FrameLayout",
          "forceDark": true,
          "usage": 103,
          "conditions": [
            {
              "viewName": "DynamicDiggToolBar",
              "parent": 0,
              "index": -1
            }
          ]
        }
      ]
    },
    {
      "activityName": "com.bytedance.ugc.publishcommon.mediamaker.hotboard.CreationHotBoardActivity",
      "forceDark": true,
      "forceDarkViewConfigList": [
        {
          "forceDark": true,
          "viewName": "AppCompatImageView",
          "usage": 1,
          "conditions": [
            {
              "viewName": "RelativeLayout",
              "parent": 0,
              "index": -1
            },
            {
              "viewName": "BaseHeaderViewPager",
              "parent": 2,
              "index": -1
            }
          ]
        },
        {
          "viewName": "AppCompatImageView",
          "forceDark": true,
          "usage": 1,
          "conditions": [
            {
              "viewName": "RelativeLayout",
              "parent": 0,
              "index": -1
            },
            {
              "viewName": "CreationHotBoardTitleBar",
              "parent": 1,
              "index": -1
            }
          ]
        }
      ]
    },
    {
      "activityName": "com.ss.android.account.v3.view.NewAccountLoginActivity",
      "forceDark": true,
      "forceDarkViewConfigList": [
        {
          "forceDark": true,
          "viewName": "AppCompatImageView",
          "usage": 103,
          "conditions": [
            {
              "viewName": "FrameLayout",
              "parent": 0,
              "index": -1
            },
            {
              "viewName": "ContentFrameLayout",
              "parent": 4,
              "index": -1,
              "id": "content"
            }
          ]
        },
        {
          "viewName": "ImageView",
          "forceDark": true,
          "usage": 103,
          "conditions": [
            {
              "viewName": "LinearLayout",
              "parent": 0,
              "index": -1
            },
            {
              "viewName": "RelativeLayout",
              "parent": 1,
              "index": -1
            }
          ]
        }
      ]
    },
    {
      "activityName": "com.ss.android.detail.feature.detail2.view.NewDetailActivity",
      "forceDark": true,
      "forceDarkViewConfigList": [
        {
          "forceDark": true,
          "viewName": "AppCompatImageView",
          "usage": 103,
          "conditions": [
            {
              "viewName": "FrameLayout",
              "parent": 0,
              "index": -1
            },
            {
              "viewName": "DynamicDiggToolBar",
              "parent": 1,
              "index": -1
            }
          ]
        },
        {
          "forceDark": false,
          "viewName": "com.ss.android.image",
          "conditions": [
            {
              "viewName": "com.bytedance.bytewebview",
              "parent": 0,
              "index": -1
            }
          ]
        },
        {
          "forceDark": false,
          "viewName": "com.ss.android.image",
          "conditions": [
            {
              "parent": 0,
              "viewName": "com.bytedance.bytewebview.nativerender",
              "index": -1
            },
            {
              "parent": 3,
              "viewName": "com.ss.android.detail.feature.detail.view.v2.DetailScrollView",
              "index": -1
            }
          ]
        },
        {
          "viewName": "com.bytedance.bytewebview.nativerender",
          "forceDark": false,
          "conditions": [
            {
              "parent": 0,
              "viewName": "com.bytedance.bytewebview.nativerender",
              "index": -1
            },
            {
              "parent": 2,
              "viewName": "com.ss.android.detail.feature.detail.view.v2.DetailScrollView",
              "index": -1
            }
          ]
        },
        {
          "viewName": "com.ss.android.detail.feature.detail.view.MyWebView",
          "forceDark": true,
          "usage": 1,
          "conditions": [
            {
              "parent": 1,
              "viewName": "com.ss.android.detail.feature.detail.view.v2.DetailScrollView",
              "index": -1
            }
          ]
        },
        {
          "viewName": "androidx.appcompat.widget.AppCompatTextView",
          "forceDark": true,
          "usage": 103,
          "conditions": [
            {
              "parent": 0,
              "viewName": "com.bytedance.article.common.ui.DetailTitleBar",
              "index": -1
            },
            {
              "parent": 4,
              "viewName": "com.bytedance.android.gaia.activity.slideback.SlideFrameLayout",
              "index": -1
            }
          ]
        }
      ]
    },
    {
      "activityName": "com.bytedance.novel.view.NovelReaderActivity",
      "forceDark": false,
      "blackMask": true
    },
    {
      "activityName": "com.bytedance.audio.b.page.AudioPlayerActivity",
      "forceDark": false,
      "blackMask": true
    },
    {
      "activityName": "com.bytedance.mediachooser.image.ImagePreviewActivity",
      "forceDark": false
    },
    {
      "activityName": "com.bytedance.ugc.publishwenda.tiwen.TiWenActivity",
      "forceDark": true,
      "forceDarkViewConfigList": [
        {
          "forceDark": true,
          "viewName": "AppCompatImageView",
          "usage": 103,
          "conditions": [
            {
              "viewName": "FrameLayout",
              "parent": 0,
              "index": -1
            },
            {
              "viewName": "SlideFrameLayout",
              "parent": 8,
              "index": -1
            }
          ]
        }
      ]
    },
    {
      "activityName": "com.ss.android.ugc.detail.refactor.ui.TikTokActivity",
      "forceDark": true,
      "forceDarkViewConfigList": [
        {
          "viewName": "com.ss.android.ttlayerplayer.mediaview",
          "forceDark": false,
          "conditions": [
            {
              "parent": 0,
              "viewName": "android.widget.FrameLayout",
              "index": -1
            },
            {
              "parent": 1,
              "viewName": "androidx.appcompat.widget.ContentFrameLayout",
              "index": -1,
              "id": "content"
            }
          ]
        }
      ]
    },
    {
      "activityName": "com.bytedance.ugc.ugc.thumb.view.ThumbPreviewActivity",
      "forceDark": false
    },
    {
      "activityName": "com.ss.android.xiagualongvideo.detail.LongVideoDetailActivity",
      "forceDark": true,
      "forceDarkViewConfigList": [
        {
          "viewName": "androidx.appcompat.widget.AppCompatImageView",
          "forceDark": true,
          "usage": 103,
          "conditions": [
            {
              "parent": 0,
              "viewName": "android.widget.FrameLayout",
              "index": -1
            },
            {
              "parent": 1,
              "viewName": "com.ixigua.longvideo.feature.detail.LVideoDetailToolBar",
              "index": -1
            }
          ]
        }
      ]
    },
    {
      "activityName": "com.bytedance.android.openlive.plugin.LivePlayerActivity",
      "forceDark": false
    },
    {
      "activityName": "com.ss.android.publish.send.TTSendPostActivity",
      "forceDark": true,
      "forceDarkViewConfigList": [
        {
          "viewName": "android.widget.ImageView",
          "forceDark": true,
          "usage": 103,
          "conditions": [
            {
              "parent": 0,
              "viewName": "android.widget.LinearLayout",
              "index": -1
            },
            {
              "parent": 3,
              "viewName": "com.bytedance.ugc.publishcommon.widget.RichInputToolbar",
              "index": -1
            },
            {
              "parent": 10,
              "viewName": "androidx.coordinatorlayout.widget.CoordinatorLayout",
              "index": -1
            }
          ]
        }
      ]
    }
  ],
  "forceDarkViewGlobalConfigList": [
    {
      "viewName": "NightModeAsyncImageView",
      "forceDark": false
    },
    {
      "viewName": "WatermarkImageView",
      "forceDark": false
    },
    {
      "viewName": "GifImageView",
      "forceDark": false
    },
    {
      "viewName": "UgcPlayableView",
      "forceDark": false
    },
    {
      "viewName": "LargeZoomImageView",
      "forceDark": false
    },
    {
      "viewName": "LayerHostMediaLayout",
      "forceDark": false
    },
    {
      "viewName": "androidx.appcompat.widget.AppCompatImageView",
      "forceDark": true,
      "usage": 103,
      "conditions": [
        {
          "parent": 3,
          "viewName": "com.bytedance.components.comment.dialog.keyboard.ImeRelativeLayout",
          "index": -1
        },
        {
          "parent": 4,
          "viewName": "com.bytedance.components.comment.dialog.view.BaseCommentInputView",
          "index": -1
        }
      ]
    }
  ]
}