{
  "packageName": "com.chinamworld.main",
  "forceDark": true,
  "mainRule": 0,
  "secondaryRule": 32,
  "forceDarkActivityConfigList": [
    {
      "activityName": "com.ccb.start.MainActivity",
      "forceDark": true,
      "forceDarkViewConfigList": [
        {
          "forceDark": true,
          "viewName": "RadioButton",
          "usage": 103,
          "backgroundUsage": 103,
          "conditions": [
            {
              "viewName": "RadioGroup",
              "parent": 0,
              "index": -1,
              "id": "nar_bar"
            }
          ]
        },
        {
          "viewName": "android.widget.ImageView",
          "id": "_icon_",
          "forceDark": true,
          "usage": 103,
          "conditions": [
            {
              "parent": 0,
              "viewName": "com.ccb.framework.ui.widget.CcbBadgeView",
              "index": -1,
              "id": "badge"
            }
          ]
        }
      ]
    },
    {
      "activityName": "com.ccb.home.view.search.view.HomeMainPlusSearchActivity",
      "forceDark": true,
      "forceDarkViewConfigList": [
        {
          "forceDark": true,
          "viewName": "ImageView",
          "usage": 103,
          "backgroundUsage": 103,
          "id": "iv_background",
          "conditions": [
            {
              "viewName": "CardView",
              "parent": 1,
              "index": -1,
              "id": "boss_cl_device"
            }
          ]
        }
      ]
    }
  ]
}