{
  "packageName": "com.jzzs.ParentsHelper",
  "forceDark": true,
  "mainRule": 16,
  "forceDarkActivityConfigList": [
    {
      "activityName": "com.jzzs.ParentsHelper.MainActivity",
      "forceDark": true,
      "forceDarkViewConfigList": [
        {
          "viewName": "ImageView",
          "forceDark": true,
          "usage": 103,
          "backgroundUsage": 103,
          "id": "item_home_grid_iv",
          "conditions": [
            {
              "viewName": "RelativeLayout",
              "parent": 0,
              "index": -1
            },
            {
              "viewName": "RecyclerView",
              "parent": 1,
              "index": -1,
              "id": "student_home_rv"
            }
          ]
        }
      ]
    }
  ]
}