{
  "packageName": "com.zhaopin.social",
  "forceDark": true,
  "mainRule": 1024,
  "secondaryRule": 32,
  "forceDarkActivityConfigList": [
    {
      "activityName": "com.zhaopin.social.homepage.ZSC_MainTabActivity",
      "forceDark": true,
      "forceDarkViewConfigList": [
        {
          "viewName": "android.view.View",
          "forceDark": true,
          "usage": 103,
          "backgroundUsage": 103,
          "conditions": [
            {
              "parent": 0,
              "viewName": "android.widget.LinearLayout",
              "index": -1,
              "id": "view_bg"
            }
          ]
        },
        {
          "viewName": "android.widget.ImageView",
          "id": "ic_settings",
          "forceDark": true,
          "usage": 103
        },
        {
          "viewName": "android.widget.LinearLayout",
          "forceDark": true,
          "backgroundUsage": 103,
          "conditions": [
            {
              "parent": 0,
              "viewName": "android.widget.LinearLayout",
              "index": -1
            },
            {
              "parent": 1,
              "viewName": "android.widget.LinearLayout",
              "index": -1,
              "id": "message_list"
            },
            {
              "parent": 2,
              "viewName": "android.widget.LinearLayout",
              "index": -1,
              "id": "ScrollView_view"
            }
          ]
        },
        {
          "viewName": "android.widget.RelativeLayout",
          "id": "main_titlebar_view",
          "forceDark": true,
          "backgroundUsage": 103,
          "conditions": [
            {
              "parent": 1,
              "viewName": "android.widget.LinearLayout",
              "index": -1,
              "id": "content_layout"
            }
          ]
        },
        {
          "viewName": "android.widget.ImageView",
          "forceDark": true,
          "usage": 103,
          "conditions": [
            {
              "parent": 0,
              "viewName": "android.widget.RelativeLayout",
              "index": -1,
              "id": "homeLayout"
            },
            {
              "parent": 1,
              "viewName": "android.widget.LinearLayout",
              "index": -1,
              "id": "content_layout"
            }
          ]
        },
        {
          "viewName": "android.view.View",
          "forceDark": true,
          "backgroundUsage": 103,
          "conditions": [
            {
              "parent": 0,
              "viewName": "android.widget.RelativeLayout",
              "index": -1
            },
            {
              "parent": 1,
              "viewName": "android.widget.RelativeLayout",
              "index": -1,
              "id": "main_titlebar_view"
            },
            {
              "parent": 3,
              "viewName": "android.widget.LinearLayout",
              "index": -1,
              "id": "content_layout"
            }
          ]
        },
        {
          "viewName": "android.widget.ImageView",
          "id": "msg_icon",
          "forceDark": true,
          "usage": 103,
          "conditions": [
            {
              "parent": 1,
              "viewName": "android.widget.LinearLayout",
              "index": -1,
              "id": "msg_btn"
            },
            {
              "parent": 2,
              "viewName": "android.widget.LinearLayout",
              "index": -1,
              "id": "title_view"
            }
          ]
        },
        {
          "viewName": "android.widget.ImageView",
          "forceDark": true,
          "backgroundUsage": 2,
          "conditions": [
            {
              "parent": 3,
              "viewName": "android.widget.LinearLayout",
              "index": -1,
              "id": "content_layout"
            },
            {
              "parent": 4,
              "viewName": "android.widget.LinearLayout",
              "index": -1,
              "id": "content_parent"
            }
          ]
        },
        {
          "viewName": "android.widget.TextView",
          "forceDark": true,
          "usage": 103,
          "conditions": [
            {
              "parent": 3,
              "viewName": "androidx.recyclerview.widget.RecyclerView",
              "index": -1,
              "id": "recyclerView"
            },
            {
              "parent": 4,
              "viewName": "com.zhaopin.social.my.views.OverScrollLayout",
              "index": -1,
              "id": "overlayout"
            }
          ]
        },
        {
          "viewName": "android.widget.TextView",
          "forceDark": true,
          "usage": 103,
          "conditions": [
            {
              "parent": 2,
              "viewName": "androidx.recyclerview.widget.RecyclerView",
              "index": -1,
              "id": "recyclerView"
            },
            {
              "parent": 3,
              "viewName": "com.zhaopin.social.my.views.OverScrollLayout",
              "index": -1,
              "id": "overlayout"
            }
          ]
        },
        {
          "viewName": "android.widget.LinearLayout",
          "forceDark": true,
          "backgroundUsage": 103,
          "conditions": [
            {
              "parent": 0,
              "viewName": "android.widget.LinearLayout",
              "index": -1,
              "id": "message_list"
            },
            {
              "parent": 1,
              "viewName": "android.widget.LinearLayout",
              "index": -1,
              "id": "ScrollView_view"
            },
            {
              "parent": 3,
              "viewName": "android.widget.LinearLayout",
              "index": -1,
              "id": "content_layout"
            }
          ]
        },
        {
          "viewName": "android.widget.ImageView",
          "id": "item_icon",
          "forceDark": true,
          "usage": 103,
          "conditions": [
            {
              "parent": 1,
              "viewName": "androidx.constraintlayout.widget.ConstraintLayout",
              "index": -1
            },
            {
              "parent": 3,
              "viewName": "android.widget.ScrollView",
              "index": -1,
              "id": "scroll"
            }
          ]
        },
        {
          "viewName": "androidx.constraintlayout.widget.ConstraintLayout",
          "id": "my_navigation_bar",
          "forceDark": true,
          "usage": 103,
          "backgroundUsage": 103
        },
        {
          "viewName": "android.widget.ImageView",
          "forceDark": true,
          "usage": 103,
          "backgroundUsage": 103,
          "conditions": [
            {
              "parent": 0,
              "viewName": "androidx.constraintlayout.widget.ConstraintLayout",
              "index": -1,
              "id": "my_header_user"
            }
          ]
        }
      ]
    },
    {
      "activityName": "com.zhaopin.social.discover.activity.ZpdWxActivity",
      "forceDark": true,
      "forceDarkViewConfigList": [
        {
          "viewName": "com.taobao.weex.ui.view.WXImageView",
          "forceDark": true,
          "usage": 103,
          "backgroundUsage": 103,
          "conditions": [
            {
              "parent": 0,
              "viewName": "android.widget.FrameLayout",
              "index": -1
            },
            {
              "parent": 1,
              "viewName": "com.taobao.weex.ui.view.WXScrollView",
              "index": -1
            },
            {
              "parent": 2,
              "viewName": "com.taobao.weex.ui.view.refresh.core.WXSwipeLayout",
              "index": -1
            }
          ]
        },
        {
          "viewName": "com.taobao.weex.ui.view.WXImageView",
          "forceDark": true,
          "usage": 103,
          "backgroundUsage": 103,
          "conditions": [
            {
              "parent": 0,
              "viewName": "com.taobao.weex.ui.view.WXFrameLayout",
              "index": -1
            },
            {
              "parent": 1,
              "viewName": "android.widget.FrameLayout",
              "index": -1
            },
            {
              "parent": 2,
              "viewName": "com.taobao.weex.ui.view.WXHorizontalScrollView",
              "index": -1
            }
          ]
        },
        {
          "viewName": "com.taobao.weex.ui.view.WXImageView",
          "forceDark": true,
          "usage": 103,
          "backgroundUsage": 103,
          "conditions": [
            {
              "parent": 0,
              "viewName": "com.taobao.weex.ui.view.WXFrameLayout",
              "index": -1
            },
            {
              "parent": 6,
              "viewName": "android.widget.FrameLayout",
              "index": -1
            },
            {
              "parent": 7,
              "viewName": "com.taobao.weex.ui.view.WXScrollView",
              "index": -1
            }
          ]
        },
        {
          "viewName": "com.taobao.weex.ui.view.WXImageView",
          "forceDark": true,
          "usage": 103,
          "backgroundUsage": 103,
          "conditions": [
            {
              "parent": 0,
              "viewName": "com.taobao.weex.ui.view.WXFrameLayout",
              "index": -1
            },
            {
              "parent": 4,
              "viewName": "com.taobao.weex.RenderContainer",
              "index": -1
            },
            {
              "parent": 5,
              "viewName": "android.widget.FrameLayout",
              "index": -1,
              "id": "index_container"
            }
          ]
        },
        {
          "viewName": "com.taobao.weex.ui.view.WXImageView",
          "forceDark": true,
          "usage": 103,
          "conditions": [
            {
              "parent": 0,
              "viewName": "com.taobao.weex.ui.view.WXFrameLayout",
              "index": -1
            },
            {
              "parent": 1,
              "viewName": "com.taobao.weex.RenderContainer",
              "index": -1
            },
            {
              "parent": 2,
              "viewName": "android.widget.FrameLayout",
              "index": -1,
              "id": "index_container"
            }
          ]
        },
        {
          "viewName": "com.taobao.weex.ui.view.WXImageView",
          "forceDark": true,
          "usage": 103,
          "conditions": [
            {
              "parent": 0,
              "viewName": "com.taobao.weex.ui.view.WXFrameLayout",
              "index": -1
            },
            {
              "parent": 2,
              "viewName": "com.taobao.weex.ui.view.listview.WXRecyclerView",
              "index": -1
            },
            {
              "parent": 3,
              "viewName": "com.taobao.weex.ui.view.refresh.core.WXSwipeLayout",
              "index": -1
            }
          ]
        },
        {
          "viewName": "com.taobao.weex.ui.view.WXImageView",
          "forceDark": true,
          "usage": 103,
          "conditions": [
            {
              "parent": 0,
              "viewName": "com.taobao.weex.ui.view.WXFrameLayout",
              "index": -1
            },
            {
              "parent": 3,
              "viewName": "com.taobao.weex.RenderContainer",
              "index": -1
            },
            {
              "parent": 4,
              "viewName": "android.widget.FrameLayout",
              "index": -1,
              "id": "index_container"
            }
          ]
        }
      ]
    },
    {
      "activityName": "com.zhaopin.social.my.activity.IdentityChoiceActivity",
      "forceDark": true,
      "forceDarkViewConfigList": [
        {
          "viewName": "android.widget.RelativeLayout",
          "forceDark": true,
          "backgroundUsage": 103,
          "conditions": [
            {
              "parent": 0,
              "viewName": "android.widget.FrameLayout",
              "index": -1,
              "id": "content"
            }
          ]
        }
      ]
    },
    {
      "activityName": "com.zhaopin.social.passport.verifylogin.PWVerifyActivity",
      "forceDark": true,
      "forceDarkViewConfigList": [
        {
          "viewName": "android.widget.RelativeLayout",
          "forceDark": true,
          "backgroundUsage": 103,
          "conditions": [
            {
              "parent": 0,
              "viewName": "android.widget.FrameLayout",
              "index": -1,
              "id": "content"
            },
            {
              "parent": 2,
              "viewName": "com.android.internal.policy.DecorView",
              "index": -1
            }
          ]
        }
      ]
    },
    {
      "activityName": "com.zhaopin.social.passport.verifylogin.InputVerifyCodeActivity",
      "forceDark": true,
      "forceDarkViewConfigList": [
        {
          "viewName": "android.widget.LinearLayout",
          "forceDark": true,
          "backgroundUsage": 103,
          "conditions": [
            {
              "parent": 0,
              "viewName": "android.widget.FrameLayout",
              "index": -1,
              "id": "content"
            }
          ]
        }
      ]
    },
    {
      "activityName": "PositionListActivity",
      "forceDark": true,
      "forceDarkViewConfigList": [
        {
          "viewName": "android.widget.ImageView",
          "id": "iv_filter_more",
          "forceDark": true,
          "usage": 103,
          "backgroundUsage": 103
        }
      ]
    },
    {
      "activityName": "com.zhaopin.social.scan.ScanQrcodeActivity",
      "forceDark": false,
      "blackMask": true
    },
    {
      "activityName": "com.tt.miniapphost.placeholder.MiniAppHostStackActivity",
      "forceDark": false,
      "blackMask": true
    },
    {
      "activityName": "com.zhaopin.social.app.position.detail.core.view.activity.PositionDetailActivity",
      "forceDark": true,
      "forceDarkViewConfigList": [
        {
          "viewName": "android.widget.ImageView",
          "forceDark": true,
          "usage": 103,
          "conditions": [
            {
              "parent": 0,
              "viewName": "android.widget.RelativeLayout",
              "index": -1,
              "id": "detail_radiogroup"
            }
          ]
        }
      ]
    },
    {
      "activityName": "com.zhaopin.social.app.resume.edit.main.EditResumeActivity",
      "forceDark": true,
      "forceDarkViewConfigList": [
        {
          "viewName": "android.widget.ImageView",
          "forceDark": true,
          "usage": 103,
          "conditions": [
            {
              "parent": 1,
              "viewName": "android.widget.LinearLayout",
              "index": -1,
              "id": "ll_person_info"
            }
          ]
        },
        {
          "viewName": "android.widget.ImageView",
          "id": "iv_icon_right",
          "forceDark": true,
          "usage": 103,
          "conditions": [
            {
              "parent": 0,
              "viewName": "android.widget.RelativeLayout",
              "index": -1,
              "id": "ll_add"
            }
          ]
        }
      ]
    }
  ],
  "forceDarkViewGlobalConfigList": [
    {
      "viewName": "FlutterView",
      "forceDark": false,
      "blackMask": true
    }
  ]
}