{
  "packageName": "com.chaoxing.mobile",
  "forceDark": true,
  "mainRule": 16,
  "forceDarkActivityConfigList": [
    {
      "activityName": "com.chaoxing.mobile.login.ui.InvitationCodeActivity",
      "forceDark": true,
      "forceDarkViewConfigList": [
        {
          "viewName": "AppCompatEditText",
          "forceDark": true,
          "usage": 103,
          "backgroundUsage": 103,
          "id": "etInvitationCode"
        }
      ]
    },
    {
      "activityName": "com.chaoxing.mobile.main.ui.MainTabActivity",
      "forceDark": true,
      "forceDarkViewConfigList": [
        {
          "viewName": "android.support.v7.widget.AppCompatButton",
          "id": "btnRight",
          "forceDark": true,
          "usage": 103,
          "conditions": [
            {
              "parent": 0,
              "viewName": "android.widget.LinearLayout",
              "index": -1
            }
          ]
        }
      ]
    }
  ],
  "forceDarkViewGlobalConfigList": [
    {
      "viewName": "DynamicItemImageView",
      "forceDark": false
    },
    {
      "viewName": "NoteDetailWebView",
      "forceDark": false,
      "blackMask": true
    },
    {
      "viewName": "ScrollWebView",
      "forceDark": false,
      "blackMask": true
    }
  ]
}