{
  "packageName": "com.yipiao",
  "forceDark": true,
  "mainRule": 1152,
  "secondaryRule": 0,
  "forceDarkActivityConfigList": [
    {
      "activityName": "com.zt.main.entrance.MainActivity",
      "forceDark": true,
      "forceDarkViewConfigList": [
        {
          "viewName": "com.facebook.react.views.image.ReactImageView",
          "forceDark": true,
          "usage": 103,
          "conditions": [
            {
              "parent": 0,
              "viewName": "com.facebook.react.views.view.ReactViewGroup",
              "index": -1
            },
            {
              "parent": 3,
              "viewName": "com.swmansion.gesturehandler.react.RNGestureHandlerEnabledRootView",
              "index": -1
            },
            {
              "parent": 13,
              "viewName": "android.widget.FrameLayout",
              "index": -1,
              "id": "content"
            }
          ]
        },
        {
          "viewName": "android.view.View",
          "forceDark": true,
          "usage": 103,
          "backgroundUsage": 103,
          "conditions": [
            {
              "parent": 0,
              "viewName": "android.widget.RelativeLayout",
              "index": -1
            },
            {
              "parent": 5,
              "viewName": "android.widget.FrameLayout",
              "index": -1,
              "id": "content"
            }
          ]
        },
        {
          "viewName": "com.zt.base.widget.tab.lottie.ZtLottieImageView",
          "forceDark": true,
          "usage": 103,
          "conditions": [
            {
              "parent": 0,
              "viewName": "androidx.constraintlayout.widget.ConstraintLayout",
              "index": -1
            },
            {
              "parent": 4,
              "viewName": "android.widget.FrameLayout",
              "index": -1,
              "id": "content"
            },
            {
              "parent": 6,
              "viewName": "com.android.internal.policy.DecorView",
              "index": -1
            }
          ]
        },
        {
          "viewName": "com.zt.base.widget.ScaleRadioImageView",
          "forceDark": true,
          "usage": 103,
          "conditions": [
            {
              "parent": 0,
              "viewName": "android.widget.RelativeLayout",
              "index": -1
            },
            {
              "parent": 4,
              "viewName": "android.widget.FrameLayout",
              "index": -1,
              "id": "content"
            },
            {
              "parent": 6,
              "viewName": "com.android.internal.policy.DecorView",
              "index": -1
            }
          ]
        },
        {
          "viewName": "com.zt.base.widget.tab.lottie.ZtLottieImageView",
          "forceDark": true,
          "usage": 103,
          "conditions": [
            {
              "parent": 0,
              "viewName": "android.widget.FrameLayout",
              "index": -1
            },
            {
              "parent": 4,
              "viewName": "com.zt.train.personal.view.HeadRowView",
              "index": -1
            }
          ]
        },
        {
          "viewName": "android.widget.ImageView",
          "forceDark": true,
          "usage": 103,
          "conditions": [
            {
              "parent": 0,
              "viewName": "androidx.constraintlayout.widget.ConstraintLayout",
              "index": -1
            },
            {
              "parent": 3,
              "viewName": "com.zt.bus.view.travel.SearchBottomMsgView",
              "index": -1
            },
            {
              "parent": 5,
              "viewName": "com.zt.bus.view.travel.BusSearchMsgView",
              "index": -1
            }
          ]
        },
        {
          "viewName":"com.facebook.react.views.image.ReactImageView",
          "forceDark":true,
          "usage":103,
          "conditions":[
            {
              "parent":0,
              "viewName":"com.facebook.react.views.view.ReactViewGroup",
              "index":-1
            },
            {
              "parent":4,
              "viewName":"com.swmansion.gesturehandler.react.RNGestureHandlerEnabledRootView",
              "index":-1
            },
            {
              "parent":11,
              "viewName":"androidx.core.widget.NestedScrollView",
              "index":-1
            }
          ]
        }
      ]
    },
    {
      "activityName": "ctrip.android.reactnative.CRNBaseActivity",
      "forceDark": true,
      "forceDarkViewConfigList": [
        {
          "viewName": "com.BV.LinearGradient.LinearGradientView",
          "forceDark": true,
          "usage": 105,
          "conditions": [
            {
              "parent": 5,
              "viewName": "com.swmansion.gesturehandler.react.RNGestureHandlerEnabledRootView",
              "index": -1
            },
            {
              "parent": 10,
              "viewName": "ctrip.android.reactnative.CRNContainerLayout",
              "index": -1
            }
          ]
        },
        {
          "viewName": "android.widget.ImageView",
          "forceDark": true,
          "usage": 103,
          "conditions": [
            {
              "parent": 0,
              "viewName": "com.zt.base.widget.ZTRoundConstraintLayout",
              "index": -1
            },
            {
              "parent": 4,
              "viewName": "androidx.appcompat.widget.ContentFrameLayout",
              "index": -1,
              "id": "content"
            }
          ]
        }
      ]
    },
    {
      "activityName": "com.zt.base.activity.CtripLoginCodeActivity",
      "forceDark": true,
      "forceDarkViewConfigList": [
        {
          "viewName": "com.zt.base.widget.ScaleRadioImageView",
          "forceDark": true,
          "usage": 103,
          "conditions": [
            {
              "parent": 0,
              "viewName": "androidx.constraintlayout.widget.ConstraintLayout",
              "index": -1
            },
            {
              "parent": 2,
              "viewName": "android.widget.FrameLayout",
              "index": -1,
              "id": "content"
            }
          ]
        }
      ]
    }
  ],
  "forceDarkViewGlobalConfigList": [
    {
      "viewName": "FlutterView",
      "forceDark": false,
      "blackMask": true
    },
    {
      "viewName": "WebView",
      "forceDark": false,
      "blackMask": true
    }
  ]
}