{
  "packageName": "com.cubic.autohome",
  "forceDark": true,
  "mainRule": 1152,
  "secondaryRule": 32,
  "forceDarkActivityConfigList": [
    {
      "activityName": "com.cubic.autohome.MainActivity",
      "forceDark": true,
      "forceDarkViewConfigList": [
        {
          "viewName": "android.widget.FrameLayout",
          "forceDark": true,
          "usage": 103,
          "backgroundUsage": 103,
          "conditions": [
            {
              "parent": 0,
              "viewName": "com.autohome.main.article.view.OriginTopRecommendItemView",
              "index": -1
            },
            {
              "parent": 1,
              "viewName": "android.widget.LinearLayout",
              "index": -1
            }
          ]
        },
        {
          "viewName": "android.widget.RelativeLayout",
          "forceDark": true,
          "usage": 103,
          "backgroundUsage": 103,
          "conditions": [
            {
              "parent": 0,
              "viewName": "androidx.recyclerview.widget.RecyclerView",
              "index": -1
            }
          ]
        },
        {
          "viewName": "com.autohome.main.article.view.HeaderTopToolBar",
          "forceDark": true,
          "usage": 105,
          "backgroundUsage": 105,
          "conditions": [
            {
              "parent": 0,
              "viewName": "com.autohome.commonlib.view.AHStatusBarLayout",
              "index": -1
            },
            {
              "parent": 1,
              "viewName": "com.autohome.wireless.viewtracker.internal.ui.TrackerFrameLayout",
              "index": -1
            },
            {
              "parent": 2,
              "viewName": "android.widget.FrameLayout",
              "index": -1
            }
          ]
        },
        {
          "viewName": "android.widget.LinearLayout",
          "id": "layout_item_part",
          "forceDark": true,
          "usage": 103,
          "backgroundUsage": 103
        },
        {
          "viewName": "android.widget.ImageView",
          "forceDark": true,
          "usage": 103,
          "conditions": [
            {
              "parent": 0,
              "viewName": "android.widget.FrameLayout",
              "index": -1
            },
            {
              "parent": 4,
              "viewName": "com.autohome.commonlib.view.headerlistview.AHPinnedHeaderListView",
              "index": -1
            }
          ]
        },
        {
          "viewName": "com.autohome.commonlib.view.headerlistview.AHPinnedHeaderListView",
          "id": "lvbrands",
          "forceDark": true,
          "usage": 103
        },
        {
          "viewName": "android.widget.LinearLayout",
          "forceDark": false,
          "conditions": [
            {
              "parent": 0,
              "viewName": "android.widget.HorizontalScrollView",
              "index": -1
            },
            {
              "parent": 2,
              "viewName": "androidx.recyclerview.widget.RecyclerView",
              "index": -1
            },
            {
              "parent": 4,
              "viewName": "com.autohome.commonlib.view.AHStatusBarLayout",
              "index": -1
            }
          ]
        },
        {
          "viewName": "com.autohome.commonlib.view.imageview.AHPictureView",
          "id": "ivTitleSetting",
          "forceDark": true,
          "usage": 103,
          "backgroundUsage": 103
        },
        {
          "viewName": "com.autohome.lottie.LottieAnimationView",
          "forceDark": true,
          "usage": 103,
          "conditions": [
            {
              "parent": 0,
              "viewName": "android.widget.RelativeLayout",
              "index": -1
            },
            {
              "parent": 1,
              "viewName": "com.cubic.autohome.view.SingleTouchBadgeView",
              "index": -1
            }
          ]
        },
        {
          "viewName": "android.widget.ImageView",
          "forceDark": true,
          "usage": 103,
          "conditions": [
            {
              "parent": 0,
              "viewName": "android.widget.FrameLayout",
              "index": -1
            },
            {
              "parent": 2,
              "viewName": "android.widget.LinearLayout",
              "index": -1
            }
          ]
        },
        {
          "viewName": "com.autohome.commonlib.view.imageview.AHPictureView",
          "id": "my_car_banner",
          "forceDark": true,
          "usage": 103
        },
        {
          "viewName": "com.autohome.commonlib.view.imageview.AHPictureView",
          "id": "image",
          "forceDark": true,
          "usage": 103
        },
        {
          "viewName": "com.autohome.commonlib.view.imageview.AHPictureView",
          "id": "icon",
          "forceDark": false
        },
        {
          "viewName": "com.autohome.commonlib.view.imageview.AHPictureView",
          "id": "ad_bottom_image",
          "forceDark": false
        },
        {
          "viewName": "com.autohome.commonlib.view.imageview.AHPictureView",
          "id": "owner_garage_sugar_pic",
          "forceDark": true,
          "usage": 103
        },
        {
          "viewName": "com.autohome.commonlib.view.imageview.AHPictureView",
          "id": "iv_sugar",
          "forceDark": true,
          "usage": 103
        },
        {
          "viewName": "android.widget.ImageView",
          "id": "switch_btn",
          "forceDark": true,
          "usage": 103,
          "backgroundUsage": 103
        },
        {
          "viewName": "android.widget.TextView",
          "forceDark": true,
          "usage": 103,
          "backgroundUsage": 103,
          "conditions": [
            {
              "parent": 0,
              "viewName": "android.widget.FrameLayout",
              "index": -1
            },
            {
              "parent": 2,
              "viewName": "com.autohome.commonlib.view.headerlistview.AHPinnedHeaderListView",
              "index": -1
            },
            {
              "parent": 5,
              "viewName": "com.autohome.commonlib.view.AHViewPager",
              "index": -1
            }
          ]
        },
        {
          "viewName": "android.widget.ImageView",
          "forceDark": true,
          "usage": 103,
          "conditions": [
            {
              "parent": 0,
              "viewName": "android.widget.LinearLayout",
              "index": -1
            },
            {
              "parent": 1,
              "viewName": "android.widget.LinearLayout",
              "index": -1
            },
            {
              "parent": 2,
              "viewName": "android.widget.LinearLayout",
              "index": -1
            }
          ]
        },
        {
          "viewName": "android.widget.LinearLayout",
          "forceDark": false,
          "conditions": [
            {
              "parent": 0,
              "viewName": "android.widget.FrameLayout",
              "index": -1
            },
            {
              "parent": 1,
              "viewName": "com.autohome.main.article.view.HeaderTopToolBar",
              "index": -1
            },
            {
              "parent": 2,
              "viewName": "com.autohome.commonlib.view.AHStatusBarLayout",
              "index": -1
            }
          ]
        },
        {
          "viewName": "android.widget.FrameLayout",
          "forceDark": true,
          "usage": 103,
          "backgroundUsage": 103,
          "conditions": [
            {
              "parent": 0,
              "viewName": "android.widget.FrameLayout",
              "index": -1
            },
            {
              "parent": 1,
              "viewName": "com.autohome.commonlib.view.headerlistview.AHPinnedHeaderListView",
              "index": -1
            },
            {
              "parent": 4,
              "viewName": "com.autohome.commonlib.view.AHViewPager",
              "index": -1
            }
          ]
        }
      ]
    },
    {
      "activityName": "com.autohome.plugin.newenergy.ui.activity.CarSeriesMainActivity",
      "forceDark": true,
      "forceDarkViewConfigList": [
        {
          "viewName": "android.widget.LinearLayout",
          "forceDark": true,
          "usage": 103,
          "backgroundUsage": 103,
          "conditions": [
            {
              "parent": 0,
              "viewName": "android.widget.LinearLayout",
              "index": -1
            },
            {
              "parent": 1,
              "viewName": "androidx.recyclerview.widget.RecyclerView",
              "index": -1
            }
          ]
        }
      ]
    },
    {
      "activityName": "com.autohome.plugin.search.ui.activity.SearchActivity",
      "forceDark": true,
      "forceDarkViewConfigList": [
        {
          "viewName": "android.view.View",
          "id": "search_vhead_rename",
          "forceDark": true,
          "usage": 103,
          "backgroundUsage": 103
        }
      ]
    },
    {
      "activityName": "com.autohome.main.car.activitys.SeriesMainActivity",
      "forceDark": true,
      "forceDarkViewConfigList": [
        {
          "viewName": "com.autohome.commonlib.view.imageview.AHPictureView",
          "id": "image_head_behind",
          "forceDark": true,
          "usage": 103
        },
        {
          "viewName": "android.widget.LinearLayout",
          "forceDark": true,
          "usage": 103,
          "backgroundUsage": 103,
          "conditions": [
            {
              "parent": 0,
              "viewName": "android.widget.LinearLayout",
              "index": -1
            },
            {
              "parent": 1,
              "viewName": "androidx.recyclerview.widget.RecyclerView",
              "index": -1
            }
          ]
        },
        {
          "viewName": "android.widget.LinearLayout",
          "forceDark": true,
          "usage": 103,
          "backgroundUsage": 103,
          "conditions": [
            {
              "parent": 0,
              "viewName": "android.widget.LinearLayout",
              "index": -1
            },
            {
              "parent": 1,
              "viewName": "com.autohome.main.car.view.UnFocusedRecyclerView",
              "index": -1
            }
          ]
        },
        {
          "viewName": "android.widget.LinearLayout",
          "forceDark": true,
          "usage": 103,
          "backgroundUsage": 103,
          "conditions": [
            {
              "parent": 0,
              "viewName": "android.widget.FrameLayout",
              "index": -1
            },
            {
              "parent": 1,
              "viewName": "android.widget.FrameLayout",
              "index": -1
            }
          ]
        },
        {
          "viewName": "android.widget.LinearLayout",
          "forceDark": true,
          "usage": 103,
          "backgroundUsage": 103,
          "conditions": [
            {
              "parent": 0,
              "viewName": "com.autohome.main.car.view.UnFocusedRecyclerView",
              "index": -1
            },
            {
              "parent": 1,
              "viewName": "android.widget.RelativeLayout",
              "index": -1
            }
          ]
        },
        {
          "viewName": "android.widget.ImageView",
          "id": "image_close",
          "forceDark": true,
          "usage": 103
        },
        {
          "viewName": "android.widget.ImageView",
          "id": "iv_name_clear",
          "forceDark": true,
          "usage": 103
        },
        {
          "viewName": "android.widget.ImageView",
          "id": "iv_phone_clear",
          "forceDark": true,
          "usage": 103
        },
        {
          "viewName": "com.autohome.commonlib.view.imageview.AHPictureView",
          "forceDark": true,
          "usage": 103,
          "backgroundUsage": 103,
          "conditions": [
            {
              "parent": 0,
              "viewName": "android.widget.LinearLayout",
              "index": -1
            },
            {
              "parent": 1,
              "viewName": "com.autohome.main.car.view.UnFocusedRecyclerView",
              "index": -1
            }
          ]
        },
        {
          "viewName": "com.autohome.main.car.fragment.seriessummarynew.widget.buycar.LineChart",
          "id": "line_chart",
          "forceDark": true,
          "usage": 103,
          "backgroundUsage": 103
        }
      ]
    },
    {
      "activityName": "com.autohome.main.car.activitys.SeriesSubActivity",
      "forceDark": true,
      "forceDarkViewConfigList": [
        {
          "viewName": "android.widget.TextView",
          "forceDark": true,
          "usage": 103
        },
        {
          "viewName": "com.autohome.commonlib.view.headerlistview.AHPinnedHeaderListView",
          "forceDark": true,
          "usage": 104,
          "conditions": [
            {
              "parent": 0,
              "viewName": "android.widget.RelativeLayout",
              "index": -1
            },
            {
              "parent": 1,
              "viewName": "com.autohome.commonlib.view.headerlistview.AHQuickIndexListView",
              "index": -1
            }
          ]
        }
      ]
    },
    {
      "activityName": "com.autohome.plugin.carscontrast.ui.activity.OwnerContrastGoListActivity",
      "forceDark": false,
      "blackMask": true
    },
    {
      "activityName": "com.autohome.main.car.activitys.PriceLibraryActivity",
      "forceDark": true,
      "forceDarkViewConfigList": [
        {
          "viewName": "android.widget.ImageView",
          "forceDark": true,
          "usage": 104,
          "conditions": [
            {
              "parent": 0,
              "viewName": "android.widget.RelativeLayout",
              "index": -1
            },
            {
              "parent": 1,
              "viewName": "com.autohome.wireless.viewtracker.internal.ui.TrackerFrameLayout",
              "index": -1
            }
          ]
        },
        {
          "viewName": "android.widget.LinearLayout",
          "id": "ll_item_main",
          "forceDark": true,
          "usage": 103,
          "backgroundUsage": 103
        }
      ]
    },
    {
      "activityName": "com.autohome.plugin.carfriend.module.chat.activity.CarFriendGroupConversationActivity",
      "forceDark": true,
      "forceDarkViewConfigList": [
        {
          "viewName": "com.autohome.commonlib.view.imageview.AHPictureView",
          "id": "tv_top_detail_bg",
          "forceDark": true,
          "usage": 103
        }
      ]
    },
    {
      "activityName": "com.autohome.flutterlaunch.boost.AHBoostFlutterActivity",
      "forceDark": false,
      "blackMask": true
    },
    {
      "activityName": "com.autohome.mainlib.business.reactnative.base.AHCommRNActivity",
      "forceDark": false,
      "blackMask": true
    },
    {
      "activityName": "com.autohome.plugin.usedcarhome.morefilter.MoreFilterActivity",
      "forceDark": true,
      "forceDarkViewConfigList": [
        {
          "viewName": "com.autohome.commonlib.view.headerlistview.AHPinnedHeaderListView",
          "id": "quick_list_view",
          "forceDark": true,
          "usage": 103,
          "backgroundUsage": 103
        }
      ]
    },
    {
      "activityName": "com.autohome.plugin.refitcar.toolservice.AccidentHandlingActivity",
      "forceDark": true,
      "forceDarkViewConfigList": [
        {
          "viewName": "com.autohome.plugin.refitcar.widget.MyPictureView",
          "id": "accident_top_pic",
          "forceDark": true,
          "usage": 103,
          "backgroundUsage": 103
        }
      ]
    },
    {
      "activityName": "com.autohome.plugin.setting.ui.activity.SettingActivity",
      "forceDark": true,
      "forceDarkViewConfigList": [
        {
          "viewName": "android.widget.CheckBox",
          "id": "ahlib_switch_btn",
          "forceDark": true,
          "usage": 103,
          "backgroundUsage": 103
        }
      ]
    },
    {
      "activityName": "com.autohome.main.car.activitys.SpecMainActivity",
      "forceDark": true,
      "forceDarkViewConfigList": [
        {
          "viewName": "android.widget.LinearLayout",
          "forceDark": true,
          "usage": 103,
          "backgroundUsage": 103,
          "conditions": [
            {
              "parent": 0,
              "viewName": "android.widget.LinearLayout",
              "index": -1
            },
            {
              "parent": 1,
              "viewName": "android.widget.ListView",
              "index": -1
            }
          ]
        }
      ]
    },
    {
      "activityName": "com.autohome.mainlib.business.view.brandlistview.CarBrandWrapperActivity",
      "forceDark": true,
      "forceDarkViewConfigList": [
        {
          "viewName": "com.autohome.commonlib.view.headerlistview.AHPinnedHeaderListView",
          "id": "brands_list",
          "forceDark": true,
          "usage": 104,
          "backgroundUsage": 104
        },
        {
          "viewName": "android.widget.RelativeLayout",
          "id": "ahlib_rl_title",
          "forceDark": true,
          "usage": 104
        }
      ]
    },
    {
      "activityName": "com.autohome.main.article.activitys.ArticleNewMoreNavigationActivity",
      "forceDark": true,
      "forceDarkViewConfigList": [
        {
          "viewName": "android.widget.ImageView",
          "forceDark": true,
          "usage": 103,
          "conditions": [
            {
              "parent": 0,
              "viewName": "android.widget.LinearLayout",
              "index": -1
            },
            {
              "parent": 1,
              "viewName": "android.widget.LinearLayout",
              "index": -1
            },
            {
              "parent": 2,
              "viewName": "android.widget.FrameLayout",
              "index": -1
            }
          ]
        }
      ]
    },
    {
      "activityName": "com.autohome.main.car.activitys.LocationProvinceActivity",
      "forceDark": true,
      "forceDarkViewConfigList": [
        {
          "viewName": "android.widget.ImageView",
          "forceDark": true,
          "usage": 103,
          "conditions": [
            {
              "parent": 0,
              "viewName": "android.widget.LinearLayout",
              "index": -1
            },
            {
              "parent": 1,
              "viewName": "android.widget.RelativeLayout",
              "index": -1
            },
            {
              "parent": 3,
              "viewName": "com.autohome.commonlib.view.headerlistview.AHPinnedHeaderListView",
              "index": -1
            }
          ]
        },
        {
          "viewName": "android.widget.TextView",
          "id": "local_favorable",
          "forceDark": true,
          "usage": 103,
          "backgroundUsage": 103
        },
        {
          "viewName": "com.autohome.commonlib.view.headerlistview.AHPinnedHeaderListView",
          "id": "brands_list",
          "forceDark": true,
          "usage": 104
        }
      ]
    },
    {
      "activityName": "com.autohome.main.article.activitys.ArticleNewSugarMoreActivity",
      "forceDark": true,
      "forceDarkViewConfigList": [
        {
          "viewName": "android.widget.ImageView",
          "id": "article_nav_left",
          "forceDark": true,
          "usage": 103
        }
      ]
    },
    {
      "activityName": "com.autohome.mainlib.business.ui.commonbrowser.activity.CommBrowserActivity",
      "forceDark": true,
      "forceDarkViewConfigList": [
        {
          "viewName": "android.widget.TextView",
          "id": "ahlib_right_function_TextView",
          "forceDark": true,
          "backgroundUsage": 2
        }
      ]
    },
    {
      "activityName": "com.autohome.main.car.activitys.CarSaleRankActivity",
      "forceDark": true,
      "forceDarkViewConfigList": [
        {
          "viewName": "android.widget.RelativeLayout",
          "forceDark": true,
          "usage": 103,
          "backgroundUsage": 103,
          "conditions": [
            {
              "parent": 0,
              "viewName": "android.widget.LinearLayout",
              "index": -1
            },
            {
              "parent": 1,
              "viewName": "android.widget.ListView",
              "index": -1
            },
            {
              "parent": 2,
              "viewName": "com.autohome.commonlib.view.refreshableview.AHRefreshableListView",
              "index": -1
            }
          ]
        }
      ]
    },
    {
      "activityName": "com.autohome.main.car.calculate.activity.OwnerBuyCarCalculateActivity",
      "forceDark": true,
      "forceDarkViewConfigList": [
        {
          "viewName": "com.facebook.react.views.image.ReactImageView",
          "forceDark": true,
          "usage": 103,
          "conditions": [
            {
              "parent": 0,
              "viewName": "com.facebook.react.views.view.ReactViewGroup",
              "index": -1
            },
            {
              "parent": 1,
              "viewName": "com.autohome.mainlib.business.reactnative.base.instance.AHReactRootView",
              "index": -1
            },
            {
              "parent": 2,
              "viewName": "android.widget.FrameLayout",
              "index": -1
            }
          ]
        }
      ]
    },
    {
      "activityName": "com.autohome.main.car.activitys.carranknew.CarRankActivity",
      "forceDark": true,
      "forceDarkViewConfigList": [
        {
          "viewName": "com.autohome.mainlib.business.reactnative.view.lineargradientview.AHLinearGradientView",
          "forceDark": false,
          "conditions": [
            {
              "parent": 0,
              "viewName": "com.facebook.react.views.view.ReactViewGroup",
              "index": -1
            },
            {
              "parent": 3,
              "viewName": "com.facebook.react.views.scroll.ReactScrollView",
              "index": -1
            },
            {
              "parent": 5,
              "viewName": "com.autohome.mainlib.business.reactnative.base.instance.AHReactRootView",
              "index": -1
            }
          ]
        }
      ]
    }
  ],
  "forceDarkViewGlobalConfigList": [
    {
      "viewName": "io.flutter.embedding.android.FlutterView",
      "forceDark": false,
      "blackMask": true,
      "conditions": [
        {
          "parent": 0,
          "viewName": "io.flutter.embedding.android.FlutterSplashView",
          "index": -1
        },
        {
          "parent": 1,
          "viewName": "com.idlefish.flutterboost.AHRootFlutterView",
          "index": -1
        }
      ]
    },
    {
      "viewName": "android.widget.ImageView",
      "id": "iv_im_unread_count",
      "forceDark": true,
      "usage": 103
    },
    {
      "viewName": "android.widget.ImageView",
      "forceDark": true,
      "usage": 103,
      "backgroundUsage": 103,
      "conditions": [
        {
          "parent": 0,
          "viewName": "android.widget.LinearLayout",
          "index": -1
        },
        {
          "parent": 2,
          "viewName": "com.autohome.comment.view.CommentFunctionView",
          "index": -1
        },
        {
          "parent": 4,
          "viewName": "android.widget.RelativeLayout",
          "index": -1
        }
      ]
    },
    {
      "viewName": "android.widget.ImageView",
      "forceDark": true,
      "usage": 103,
      "backgroundUsage": 103,
      "conditions": [
        {
          "parent": 0,
          "viewName": "android.widget.RelativeLayout",
          "index": -1
        },
        {
          "parent": 1,
          "viewName": "com.autohome.comment.view.CommentFunctionView",
          "index": -1
        },
        {
          "parent": 3,
          "viewName": "android.widget.RelativeLayout",
          "index": -1
        }
      ]
    },
    {
      "viewName": "com.autohome.commonlib.view.index.FastIndexView",
      "id": "MyLetterListView01",
      "forceDark": true,
      "usage": 103
    },
    {
      "viewName": "android.widget.LinearLayout",
      "forceDark": true,
      "usage": 103,
      "backgroundUsage": 103,
      "conditions": [
        {
          "parent": 0,
          "viewName": "android.widget.LinearLayout",
          "index": -1
        },
        {
          "parent": 1,
          "viewName": "android.widget.ListView",
          "index": -1
        },
        {
          "parent": 2,
          "viewName": "com.autohome.commonlib.view.refreshableview.AHRefreshableListView",
          "index": -1
        }
      ]
    }
  ]
}