{
  "packageName": "com.ss.android.ugc.live",
  "forceDark": true,
  "mainRule": 16,
  "forceDarkViewGlobalConfigList": [
    {
      "viewName": "FlutterTextureView",
      "forceDark": true,
      "usage": 103
    },
    {
      "viewName": "NestedRoundRectWebView",
      "forceDark": false,
      "blackMask": true
    },
    {
      "viewName": "NestWebView",
      "forceDark": false,
      "blackMask": true
    }
  ],
  "forceDarkActivityConfigList": [
    {
      "activityName": "com.ss.android.ugc.live.live.ui.LiveDetailActivity",
      "forceDark": true,
      "forceDarkViewConfigList": [
        {
          "viewName": "FrameLayout",
          "forceDark": true,
          "backgroundUsage": 2,
          "conditions": [
            {
              "viewName": "RelativeLayout",
              "parent": 0,
              "index": -1
            },
            {
              "viewName": "GridLayout",
              "parent": 1,
              "index": -1
            },
            {
              "viewName": "ContentFrameLayout",
              "parent": 6,
              "index": -1,
              "id": "content"
            }
          ]
        },
        {
          "forceDark": false,
          "viewName": "LottieAnimationView",
          "conditions": [
            {
              "viewName": "RelativeLayout",
              "parent": 0,
              "index": -1
            },
            {
              "viewName": "GestureDetectLayout",
              "parent": 5,
              "index": -1
            }
          ]
        }
      ]
    },
    {
      "activityName": "com.ss.android.ugc.live.main.MainActivity",
      "forceDark": true,
      "forceDarkViewConfigList": [
        {
          "forceDark": false,
          "viewName": "LottieAnimationView",
          "conditions": [
            {
              "viewName": "LinearLayout",
              "parent": 0,
              "index": -1
            },
            {
              "viewName": "LinearLayout",
              "parent": 1,
              "index": -1
            },
            {
              "viewName": "FrameLayout",
              "parent": 2,
              "index": -1
            }
          ]
        },
        {
          "forceDark": false,
          "viewName": "ImageView",
          "conditions": [
            {
              "viewName": "ConstraintLayout",
              "parent": 0,
              "index": -1
            },
            {
              "viewName": "LinearLayout",
              "parent": 1,
              "index": -1
            },
            {
              "viewName": "FrameLayout",
              "parent": 2,
              "index": -1
            }
          ]
        },
        {
          "forceDark": false,
          "viewName": "HSImageView",
          "conditions": [
            {
              "viewName": "LinearLayout",
              "parent": 1,
              "index": -1
            },
            {
              "viewName": "RelativeLayout",
              "parent": 0,
              "index": -1
            },
            {
              "viewName": "RecyclerView",
              "parent": 2,
              "index": -1
            }
          ]
        },
        {
          "forceDark": true,
          "viewName": "HSImageView",
          "usage": 103,
          "id": "icon",
          "conditions": [
            {
              "viewName": "ConstraintLayout",
              "parent": 0,
              "index": -1
            }
          ]
        },
        {
          "viewName": "LottieAnimationView",
          "forceDark": false,
          "conditions": [
            {
              "parent": 0,
              "viewName": "LinearLayout",
              "index": -1
            },
            {
              "parent": 1,
              "viewName": "LinearLayout",
              "index": -1
            },
            {
              "parent": 2,
              "viewName": "LinearLayout",
              "index": -1
            }
          ]
        },
        {
          "viewName": "android.widget.ImageView",
          "forceDark": true,
          "usage": 105,
          "conditions": [
            {
              "parent": 0,
              "viewName": "androidx.constraintlayout.widget.ConstraintLayout",
              "index": -1
            },
            {
              "parent": 1,
              "viewName": "androidx.constraintlayout.widget.ConstraintLayout",
              "index": -1
            },
            {
              "parent": 3,
              "viewName": "android.widget.FrameLayout",
              "index": -1
            }
          ]
        }
      ]
    },
    {
      "activityName": "com.ss.android.ugc.live.detail.DetailActivity",
      "forceDark": true,
      "forceDarkViewConfigList": [
        {
          "forceDark": false,
          "viewName": "LottieAnimationView",
          "conditions": [
            {
              "viewName": "LinearLayout",
              "parent": 0,
              "index": -1
            },
            {
              "viewName": "LinearLayout",
              "parent": 1,
              "index": -1
            },
            {
              "viewName": "FrameLayout",
              "parent": 2,
              "index": -1
            }
          ]
        },
        {
          "forceDark": false,
          "viewName": "ImageView",
          "conditions": [
            {
              "viewName": "ConstraintLayout",
              "parent": 0,
              "index": -1
            },
            {
              "viewName": "LinearLayout",
              "parent": 1,
              "index": -1
            },
            {
              "viewName": "FrameLayout",
              "parent": 2,
              "index": -1
            }
          ]
        },
        {
          "forceDark": false,
          "viewName": "HSImageView",
          "conditions": [
            {
              "viewName": "LinearLayout",
              "parent": 1,
              "index": -1
            },
            {
              "viewName": "RelativeLayout",
              "parent": 0,
              "index": -1
            },
            {
              "viewName": "RecyclerView",
              "parent": 2,
              "index": -1
            }
          ]
        },
        {
          "viewName": "FrameLayout",
          "forceDark": true,
          "backgroundUsage": 2,
          "conditions": [
            {
              "viewName": "RelativeLayout",
              "parent": 0,
              "index": -1
            },
            {
              "viewName": "GridLayout",
              "parent": 1,
              "index": -1
            },
            {
              "viewName": "ContentFrameLayout",
              "parent": 6,
              "index": -1,
              "id": "content"
            }
          ]
        },
        {
          "forceDark": false,
          "viewName": "LottieAnimationView",
          "conditions": [
            {
              "viewName": "RelativeLayout",
              "parent": 0,
              "index": -1
            },
            {
              "viewName": "GestureDetectLayout",
              "parent": 5,
              "index": -1
            }
          ]
        }
      ]
    },
    {
      "activityName": "com.bytedance.android.livesdkproxy.activity.LiveShellActivity",
      "forceDark": true,
      "forceDarkViewConfigList": [
        {
          "viewName": "com.bytedance.android.annie.view.ForceInterceptConstraintLayout",
          "forceDark": false,
          "blackMask": true,
          "conditions": [
            {
              "parent": 0,
              "viewName": "android.widget.FrameLayout",
              "index": -1
            },
            {
              "parent": 2,
              "viewName": "android.widget.LinearLayout",
              "index": -1
            }
          ]
        },
        {
          "viewName": "com.google.android.material.tabs.TabLayout$c",
          "forceDark": false,
          "conditions": [
            {
              "parent": 0,
              "viewName": "com.bytedance.ies.xelement.viewpager.a.a",
              "index": -1
            },
            {
              "parent": 1,
              "viewName": "com.bytedance.ies.xelement.viewpager.viewpager.e",
              "index": -1
            },
            {
              "parent": 5,
              "viewName": "com.lynx.tasm.LynxView",
              "index": -1
            }
          ]
        },
        {
          "viewName": "com.lynx.tasm.behavior.ui.text.AndroidText",
          "forceDark": false,
          "conditions": [
            {
              "parent": 0,
              "viewName": "com.lynx.tasm.behavior.ui.view.AndroidView",
              "index": -1
            }
          ]
        }
      ]
    }
  ]
}