{
  "packageName": "com.glodon.drawingexplorer",
  "forceDark": true,
  "mainRule": 0,
  "forceDarkActivityConfigList": [
    {
      "activityName": "com.glodon.drawingexplorer.cloud.ui.CloudFileSearchActivity",
      "forceDark": true,
      "forceDarkViewConfigList": [
        {
          "viewName": "android.widget.EditText",
          "forceDark": true,
          "usage": 103,
          "backgroundUsage": 103,
          "conditions": [
            {
              "parent": 0,
              "viewName": "android.widget.RelativeLayout",
              "index": -1
            },
            {
              "parent": 2,
              "viewName": "android.widget.FrameLayout",
              "index": -1
            }
          ]
        }
      ]
    },
    {
      "activityName": "com.glodon.drawingexplorer.fileManager.FileSearchActivity",
      "forceDark": true,
      "forceDarkViewConfigList": [
        {
          "viewName": "android.widget.EditText",
          "id": "editKeyWord",
          "forceDark": true,
          "usage": 103,
          "backgroundUsage": 103,
          "conditions": [
            {
              "parent": 0,
              "viewName": "android.widget.RelativeLayout",
              "index": -1,
              "id": "searchPalette"
            },
            {
              "parent": 2,
              "viewName": "android.widget.FrameLayout",
              "index": -1,
              "id": "content"
            }
          ]
        }
      ]
    },
    {
      "activityName": "com.glodon.drawingexplorer.activity.DefaultActivity",
      "forceDark": true,
      "forceDarkViewConfigList": [
        {
          "viewName": "android.widget.EditText",
          "forceDark": true,
          "usage": 103,
          "backgroundUsage": 103
        }
      ]
    }
  ]
}