{
  "packageName": "com.jd.jdlite",
  "forceDark": true,
  "mainRule": 1024,
  "secondaryRule": 32,
  "forceDarkActivityConfigList": [
    {
      "activityName": "com.jd.jdlite.MainFrameActivity",
      "forceDark": true,
      "forceDarkViewConfigList": [
        {
          "viewName": "com.jd.jdlite.navigationbar.BottomCropImage",
          "forceDark": true,
          "usage": 1,
          "conditions": [
            {
              "parent": 0,
              "viewName": "android.widget.RelativeLayout",
              "index": -1
            },
            {
              "parent": 3,
              "viewName": "android.widget.FrameLayout",
              "index": -1,
              "id": "content"
            },
            {
              "parent": 5,
              "viewName": "com.android.internal.policy.DecorView",
              "index": -1
            }
          ]
        },
        {
          "viewName": "com.facebook.drawee.view.SimpleDraweeView",
          "forceDark": true,
          "usage": 103,
          "conditions": [
            {
              "parent": 0,
              "viewName": "android.widget.RelativeLayout",
              "index": -1
            },
            {
              "parent": 1,
              "viewName": "com.jd.jdlite.lib.personal.view.view.OrderItem",
              "index": -1
            },
            {
              "parent": 2,
              "viewName": "org.jetbrains.anko.ao",
              "index": -1
            }
          ]
        },
        {
          "viewName": "android.view.View",
          "forceDark": true,
          "usage": 103,
          "backgroundUsage": 103,
          "conditions": [
            {
              "parent": 0,
              "viewName": "android.widget.FrameLayout",
              "index": -1
            },
            {
              "parent": 1,
              "viewName": "com.jd.jdlite.lib.mission.allowance.view",
              "index": -1
            },
            {
              "parent": 2,
              "viewName": "com.jd.jdlite.lib.mission.widget.pullToRefreshView.MissionRecyclerView",
              "index": -1
            }
          ]
        },
        {
          "viewName": "android.view.View",
          "forceDark": true,
          "usage": 103,
          "backgroundUsage": 103,
          "conditions": [
            {
              "parent": 0,
              "viewName": "android.widget.LinearLayout",
              "index": -1
            },
            {
              "parent": 2,
              "viewName": "com.jd.jdlite.lib.mission.allowance.view.AllowanceNewSignInView",
              "index": -1
            },
            {
              "parent": 3,
              "viewName": "com.jd.jdlite.lib.mission.widget.pullToRefreshView.MissionRecyclerView",
              "index": -1
            }
          ]
        }
      ]
    },
    {
      "activityName": "com.jd.lib.productdetail.ProductDetailActivity",
      "forceDark": true,
      "forceDarkViewConfigList": [
        {
          "viewName": "com.facebook.drawee.view.SimpleDraweeView",
          "forceDark": true,
          "usage": 103,
          "conditions": [
            {
              "parent": 0,
              "viewName": "android.widget.LinearLayout",
              "index": -1
            },
            {
              "parent": 5,
              "viewName": "com.jingdong.common.ui.JDDrawerLayout",
              "index": -1
            },
            {
              "parent": 7,
              "viewName": "android.widget.FrameLayout",
              "index": -1,
              "id": "content"
            }
          ]
        },
        {
          "viewName": "com.jingdong.common.widget.shadow.widget.JDShadowViewGroup",
          "forceDark": false,
          "blackMask": true,
          "conditions": [
            {
              "parent": 0,
              "viewName": "android.widget.FrameLayout",
              "index": -1,
              "id": "content"
            }
          ]
        }
      ]
    },
    {
      "activityName": "com.jd.jdlite.web.WebActivity",
      "forceDark": false,
      "blackMask": true
    },
    {
      "activityName": "com.jd.jdlite.scan.ScanCaptureActivity",
      "forceDark": false
    }
  ],
  "forceDarkViewGlobalConfigList": [
    {
      "viewName": "com.facebook.drawee.view.SimpleDraweeView",
      "forceDark": true,
      "usage": 1,
      "conditions": [
        {
          "parent": 1,
          "viewName": "com.jingdong.common.unification.title.theme.JdThemeTitle",
          "index": -1
        },
        {
          "parent": 5,
          "viewName": "com.jingdong.common.web.ui.JDWebView",
          "index": -1
        }
      ]
    },
    {
      "viewName": "TencentWebView",
      "forceDark": false,
      "blackMask": true
    }
  ]
}