{
  "packageName": "com.xt.retouch",
  "forceDark": true,
  "mainRule": 128,
  "secondaryRule": 0,
  "forceDarkActivityConfigList": [
    {
      "activityName": "com.xt.retouch.uilauncher.MainActivity",
      "forceDark": true,
      "forceDarkViewConfigList": [
        {
          "viewName": "com.xt.retouch.baseui.view.BaseImageView",
          "id": "ic_draft_box_entrance",
          "forceDark": false
        },
        {
          "viewName": "com.bytedance.lynx.tasm.ui.imageloader",
          "forceDark": true,
          "usage": 103,
          "conditions": [
            {
              "parent": 4,
              "viewName": "androidx.appcompat.widget.Toolbar",
              "index": -1,
              "id": "x_fold_toolbar"
            },
            {
              "parent": 5,
              "viewName": "com.google.android.material.appbar.CollapsingToolbarLayout",
              "index": -1,
              "id": "collapsing_toolbar_layout"
            }
          ]
        },
        {
          "viewName": "com.airbnb.lottie.LottieAnimationView",
          "forceDark": true,
          "usage": 103,
          "conditions": [
            {
              "parent": 1,
              "viewName": "com.xt.retouch.uilauncher.ui.FuncEntranceViewContainer",
              "index": -1,
              "id": "outsideFunction"
            },
            {
              "parent": 2,
              "viewName": "androidx.constraintlayout.widget.ConstraintLayout",
              "index": -1,
              "id": "layout_function_area_b"
            }
          ]
        },
        {
          "viewName": "com.bytedance.lynx.tasm.ui.imageloader",
          "forceDark": true,
          "usage": 103,
          "conditions": [
            {
              "parent": 1,
              "viewName": "com.lynx.tasm.behavior.ui.view",
              "index": -1
            },
            {
              "parent": 5,
              "viewName": "com.lynx.tasm.LynxView",
              "index": -1
            }
          ]
        },
        {
          "viewName": "android.view.View",
          "id": "goSetting",
          "forceDark": false,
          "conditions": [
            {
              "parent": 1,
              "viewName": "androidx.constraintlayout.widget.ConstraintLayout",
              "index": -1,
              "id": "scrollContentView"
            }
          ]
        }
      ]
    },
    {
      "activityName": "com.xt.retouch.login.LoginActivity",
      "forceDark": true,
      "forceDarkViewConfigList": [
        {
          "viewName": "com.lynx.tasm.LynxView",
          "forceDark": true,
          "usage": 103,
          "conditions": [
            {
              "parent": 1,
              "viewName": "android.widget.FrameLayout",
              "index": -1,
              "id": "common_lynx_container"
            },
            {
              "parent": 2,
              "viewName": "android.widget.FrameLayout",
              "index": -1,
              "id": "lynxViewRoot"
            }
          ]
        },
        {
          "viewName": "com.bytedance.lynx.tasm.ui.imageloader",
          "forceDark": true,
          "usage": 103,
          "conditions": [
            {
              "parent": 0,
              "viewName": "com.lynx.tasm.LynxView",
              "index": -1
            },
            {
              "parent": 2,
              "viewName": "android.widget.FrameLayout",
              "index": -1,
              "id": "common_lynx_container"
            },
            {
              "parent": 3,
              "viewName": "android.widget.FrameLayout",
              "index": -1,
              "id": "lynxViewRoot"
            }
          ]
        }
      ]
    },
    {
      "activityName": "com.xt.retouch.feed.impl.ProfileActivity",
      "forceDark": true,
      "forceDarkViewConfigList": [
        {
          "viewName": "com.lynx.tasm.LynxView",
          "forceDark": true,
          "usage": 103,
          "conditions": [
            {
              "parent": 1,
              "viewName": "android.widget.FrameLayout",
              "index": -1,
              "id": "common_lynx_container"
            },
            {
              "parent": 2,
              "viewName": "android.widget.FrameLayout",
              "index": -1,
              "id": "lynxViewRoot"
            }
          ]
        }
      ]
    },
    {
      "activityName": "com.xt.retouch.subscribe.impl.ui.SubscribeDetailActivity",
      "forceDark": true,
      "forceDarkViewConfigList": [
        {
          "viewName": "com.lynx.tasm.behavior.ui.scroll",
          "forceDark": true,
          "usage": 103,
          "conditions": [
            {
              "parent": 0,
              "viewName": "com.lynx.tasm.behavior.ui.scroll",
              "index": -1
            },
            {
              "parent": 2,
              "viewName": "com.lynx.tasm.LynxView",
              "index": -1
            },
            {
              "parent": 3,
              "viewName": "com.lm.components.lynx.view",
              "index": -1
            }
          ]
        }
      ]
    },
    {
      "activityName": "com.xt.edit.EditActivity",
      "forceDark": false
    },
    {
      "activityName": "com.xt.retouch.lynx.impl.common.container.LynxCommonActivity",
      "forceDark": true,
      "forceDarkViewConfigList": [
        {
          "viewName": "com.bytedance.lynx.tasm.ui.imageloader",
          "forceDark": true,
          "usage": 103,
          "conditions": [
            {
              "parent": 0,
              "viewName": "com.lynx.tasm.behavior.ui.view",
              "index": -1
            },
            {
              "parent": 3,
              "viewName": "com.lynx.tasm.LynxView",
              "index": -1
            },
            {
              "parent": 4,
              "viewName": "com.lm.components.lynx.view",
              "index": -1
            }
          ]
        },
        {
          "viewName": "com.bytedance.lynx.tasm.ui.imageloader",
          "forceDark": true,
          "usage": 103,
          "conditions": [
            {
              "parent": 0,
              "viewName": "com.lynx.tasm.behavior.ui.view",
              "index": -1
            },
            {
              "parent": 4,
              "viewName": "com.lynx.tasm.LynxView",
              "index": -1
            },
            {
              "parent": 5,
              "viewName": "com.lm.components.lynx.view",
              "index": -1
            }
          ]
        }
      ]
    }
  ],
  "forceDarkViewGlobalConfigList": [
    {
      "viewName": "com.lynx.tasm.LynxView",
      "forceDark": true,
      "usage": 103,
      "conditions": [
        {
          "parent": 1,
          "viewName": "android.widget.FrameLayout",
          "index": -1,
          "id": "common_lynx_container"
        },
        {
          "parent": 2,
          "viewName": "android.widget.FrameLayout",
          "index": -1,
          "id": "lynxViewRoot"
        }
      ]
    }
  ]
}