{
  "packageName": "com.taobao.etao",
  "forceDark": true,
  "mainRule": 1024,
  "secondaryRule": 32,
  "forceDarkActivityConfigList": [
    {
      "activityName": "com.taobao.etao.app.home.view.NewHomeActivity",
      "forceDark": true,
      "forceDarkViewConfigList": [
        {
          "viewName": "alimama.com.unwimage.UNWPhenixImageImpl",
          "forceDark": true,
          "usage": 105,
          "conditions": [
            {
              "parent": 5,
              "viewName": "androidx.appcompat.widget.ContentFrameLayout",
              "index": -1,
              "id": "content"
            },
            {
              "parent": 6,
              "viewName": "androidx.appcompat.widget.FitWindowsLinearLayout",
              "index": -1
            }
          ]
        },
        {
          "viewName": "com.taobao.android.AliUrlImageView",
          "forceDark": true,
          "usage": 103,
          "conditions": [
            {
              "parent": 0,
              "viewName": "com.taobao.android.dinamicx.DXRootView",
              "index": -1
            },
            {
              "parent": 7,
              "viewName": "androidx.appcompat.widget.ContentFrameLayout",
              "index": -1,
              "id": "content"
            },
            {
              "parent": 8,
              "viewName": "androidx.appcompat.widget.FitWindowsLinearLayout",
              "index": -1
            }
          ]
        },
        {
          "viewName": "com.taobao.android.AliUrlImageView",
          "forceDark": true,
          "usage": 103,
          "conditions": [
            {
              "parent": 0,
              "viewName": "com.taobao.android.dinamicx.view.DXNativeFrameLayout",
              "index": -1
            },
            {
              "parent": 8,
              "viewName": "androidx.appcompat.widget.ContentFrameLayout",
              "index": -1,
              "id": "content"
            },
            {
              "parent": 9,
              "viewName": "androidx.appcompat.widget.FitWindowsLinearLayout",
              "index": -1
            }
          ]
        },
        {
          "viewName": "com.taobao.android.AliUrlImageView",
          "forceDark": true,
          "usage": 103,
          "conditions": [
            {
              "parent": 0,
              "viewName": "com.taobao.android.dinamicx.view.DXNativeFrameLayout",
              "index": -1
            },
            {
              "parent": 2,
              "viewName": "com.taobao.android.dxcontainer.DXContainerRootView",
              "index": -1
            },
            {
              "parent": 3,
              "viewName": "androidx.recyclerview.widget.RecyclerView",
              "index": -1
            }
          ]
        }
      ]
    },
    {
      "activityName": "com.taobao.etao.app.trident.UNWTridentTabActivity",
      "forceDark": true,
      "forceDarkViewConfigList": [
        {
          "viewName": "com.taobao.android.AliUrlImageView",
          "forceDark": true,
          "usage": 105,
          "conditions": [
            {
              "parent": 0,
              "viewName": "com.taobao.android.dinamicx.view.DXNativeFrameLayout",
              "index": -1
            },
            {
              "parent": 3,
              "viewName": "com.taobao.android.dinamicx.widget.recycler.view.DXRecyclerView",
              "index": -1
            },
            {
              "parent": 5,
              "viewName": "com.taobao.android.dinamicx.widget.recycler.refresh.TBSwipeRefreshLayout",
              "index": -1
            }
          ]
        }
      ]
    },
    {
      "activityName": "com.taobao.etao.newsearch.NewSearchInputActivity",
      "forceDark": true,
      "forceDarkViewConfigList": [
        {
          "viewName": "alimama.com.unwimage.UNWPhenixImageImpl",
          "forceDark": true,
          "usage": 105,
          "conditions": [
            {
              "parent": 0,
              "viewName": "alimama.com.unwimage.UNWImageView",
              "index": -1
            },
            {
              "parent": 3,
              "viewName": "androidx.appcompat.widget.ContentFrameLayout",
              "index": -1,
              "id": "content"
            },
            {
              "parent": 4,
              "viewName": "androidx.appcompat.widget.FitWindowsLinearLayout",
              "index": -1
            }
          ]
        },
        {
          "viewName": "com.taobao.android.AliUrlImageView",
          "forceDark": true,
          "usage": 103,
          "conditions": [
            {
              "parent": 0,
              "viewName": "com.taobao.android.dinamicx.view.DXNativeFrameLayout",
              "index": -1
            },
            {
              "parent": 1,
              "viewName": "com.taobao.android.dinamicx.view.DXNativeRecyclerView",
              "index": -1
            },
            {
              "parent": 2,
              "viewName": "com.taobao.android.dinamicx.DXRootView",
              "index": -1
            }
          ]
        }
      ]
    },
    {
      "activityName": "com.taobao.etao.newsearch.NewSearchResultActivity",
      "forceDark": true,
      "forceDarkViewConfigList": [
        {
          "viewName": "alimama.com.unwimage.UNWPhenixImageImpl",
          "forceDark": true,
          "usage": 105,
          "conditions": [
            {
              "parent": 0,
              "viewName": "alimama.com.unwimage.UNWImageView",
              "index": -1
            },
            {
              "parent": 3,
              "viewName": "androidx.appcompat.widget.ContentFrameLayout",
              "index": -1,
              "id": "content"
            },
            {
              "parent": 4,
              "viewName": "androidx.appcompat.widget.FitWindowsLinearLayout",
              "index": -1
            }
          ]
        }
      ]
    },
    {
      "activityName": "com.taobao.etao.newcart.NewCartActivity",
      "forceDark": true,
      "forceDarkViewConfigList": [
        {
          "viewName": "alimama.com.unwimage.UNWPhenixImageImpl",
          "forceDark": true,
          "usage": 105,
          "conditions": [
            {
              "parent": 0,
              "viewName": "alimama.com.unwimage.UNWImageView",
              "index": -1
            },
            {
              "parent": 1,
              "viewName": "android.widget.RelativeLayout",
              "index": -1,
              "id": "layout_root"
            },
            {
              "parent": 4,
              "viewName": "androidx.appcompat.widget.ContentFrameLayout",
              "index": -1,
              "id": "content"
            }
          ]
        }
      ]
    },
    {
      "activityName": "com.taobao.sns.app.scan.NewScanActivity",
      "forceDark": false
    }
  ],
  "forceDarkViewGlobalConfigList": [
    {
      "viewName": "WebView",
      "forceDark": false,
      "blackMask": true
    },
    {
      "viewName": "com.taobao.sns.views.image.EtaoDraweeView",
      "forceDark": true,
      "usage": 103,
      "conditions": [
        {
          "parent": 0,
          "viewName": "com.taobao.sns.views.tab.ISTabView",
          "index": -1
        },
        {
          "parent": 2,
          "viewName": "androidx.appcompat.widget.ContentFrameLayout",
          "index": -1,
          "id": "content"
        },
        {
          "parent": 3,
          "viewName": "androidx.appcompat.widget.FitWindowsLinearLayout",
          "index": -1
        }
      ]
    },
    {
      "viewName": "alimama.com.unwimage.UNWPhenixImageImpl",
      "forceDark": true,
      "usage": 103,
      "conditions": [
        {
          "parent": 0,
          "viewName": "alimama.com.unwimage.UNWImageView",
          "index": -1
        },
        {
          "parent": 4,
          "viewName": "com.taobao.sns.views.tab.ISTabView",
          "index": -1
        },
        {
          "parent": 6,
          "viewName": "androidx.appcompat.widget.ContentFrameLayout",
          "index": -1,
          "id": "content"
        }
      ]
    }
  ]
}