{
  "packageName": "com.cleanmaster.mguard_cn",
  "forceDark": true,
  "mainRule": 16,
  "secondaryRule": 41,
  "forceDarkActivityConfigList": [
    {
      "activityName": "com.keniu.security.main.MainActivity",
      "forceDark": true,
      "forceDarkViewConfigList": [
        {
          "viewName": "android.widget.Button",
          "forceDark": false,
          "conditions": [
            {
              "parent": 0,
              "viewName": "android.widget.LinearLayout",
              "index": -1
            },
            {
              "parent": 1,
              "viewName": "android.widget.FrameLayout",
              "index": -1,
              "id": "content"
            }
          ]
        },
        {
          "viewName": "android.widget.RelativeLayout",
          "forceDark": false,
          "conditions": [
            {
              "parent": 0,
              "viewName": "android.widget.LinearLayout",
              "index": -1
            },
            {
              "parent": 1,
              "viewName": "com.cleanmaster.meplugin.me.item.NewMeVipItemView",
              "index": -1
            },
            {
              "parent": 2,
              "viewName": "com.cleanmaster.meplugin.view.ScrollZuniListView",
              "index": -1
            }
          ]
        }
      ]
    },
    {
      "activityName": "com.cleanmaster.AutoClean.AutoCleanActivityNew",
      "forceDark": true,
      "forceDarkViewConfigList": [
        {
          "viewName": "android.widget.TextView",
          "forceDark": true,
          "usage": 1,
          "backgroundUsage": 2,
          "conditions": [
            {
              "parent": 3,
              "viewName": "com.cleanmaster.AutoClean.widget.AutoCleanHeaderView",
              "index": -1
            },
            {
              "parent": 6,
              "viewName": "android.widget.ScrollView",
              "index": -1
            }
          ]
        }
      ]
    },
    {
      "activityName": "com.cleanmaster.accountdetect.DetectMainActivity",
      "forceDark": true,
      "forceDarkViewConfigList": [
        {
          "viewName": "android.widget.ImageView",
          "forceDark": true,
          "backgroundUsage": 2,
          "conditions": [
            {
              "parent": 0,
              "viewName": "android.widget.LinearLayout",
              "index": -1
            },
            {
              "parent": 2,
              "viewName": "android.widget.FrameLayout",
              "index": -1,
              "id": "content"
            }
          ]
        }
      ]
    },
    {
      "activityName": "com.cleanmaster.privacyalbum.porn.AdultPrivacyCleanActivity",
      "forceDark": true,
      "forceDarkViewConfigList": [
        {
          "viewName": "android.widget.ImageView",
          "forceDark": true,
          "backgroundUsage": 2,
          "conditions": [
            {
              "parent": 0,
              "viewName": "android.widget.RelativeLayout",
              "index": -1
            },
            {
              "parent": 2,
              "viewName": "android.widget.FrameLayout",
              "index": -1,
              "id": "content"
            }
          ]
        }
      ]
    },
    {
      "activityName": "com.cleanmaster.meplugin.anum.ui.login.LoginActivity",
      "forceDark": true,
      "forceDarkViewConfigList": [
        {
          "viewName": "android.widget.ImageView",
          "forceDark": true,
          "usage": 2,
          "backgroundUsage": 2,
          "conditions": [
            {
              "parent": 0,
              "viewName": "android.widget.LinearLayout",
              "index": -1
            },
            {
              "parent": 3,
              "viewName": "android.widget.FrameLayout",
              "index": -1,
              "id": "content"
            }
          ]
        },
        {
          "viewName": "android.widget.ImageView",
          "forceDark": true,
          "usage": 2,
          "backgroundUsage": 2,
          "conditions": [
            {
              "parent": 0,
              "viewName": "android.widget.LinearLayout",
              "index": -1
            },
            {
              "parent": 4,
              "viewName": "android.widget.FrameLayout",
              "index": -1,
              "id": "content"
            }
          ]
        }
      ]
    },
    {
      "activityName": "com.cleanmaster.feedback.FeedBackActivity",
      "forceDark": true,
      "forceDarkViewConfigList": [
        {
          "viewName": "android.widget.EditText",
          "forceDark": true,
          "backgroundUsage": 103,
          "conditions": [
            {
              "parent": 0,
              "viewName": "android.widget.LinearLayout",
              "index": -1
            },
            {
              "parent": 2,
              "viewName": "android.widget.ScrollView",
              "index": -1,
              "id": "a_p"
            },
            {
              "parent": 4,
              "viewName": "android.support.v4.view.ViewPager",
              "index": -1
            }
          ]
        }
      ]
    },
    {
      "activityName": "com.cleanmaster.meplugin.wallet.WalletActivity",
      "forceDark": true,
      "forceDarkViewConfigList": [
        {
          "viewName": "android.widget.ImageView",
          "forceDark": true,
          "usage": 2,
          "conditions": [
            {
              "parent": 0,
              "viewName": "android.widget.RelativeLayout",
              "index": -1
            },
            {
              "parent": 2,
              "viewName": "android.widget.FrameLayout",
              "index": -1,
              "id": "content"
            }
          ]
        }
      ]
    }
  ]
}