{
  "packageName": "com.suning.mobile.ebuy",
  "forceDark": true,
  "mainRule": 144,
  "secondaryRule": 32,
  "forceDarkActivityConfigList": [
    {
      "activityName": "com.suning.mobile.yunxin.activity.NewsListActivity",
      "forceDark": true,
      "forceDarkViewConfigList": [
        {
          "viewName": "com.suning.mobile.yunxin.ui.view.ShadowRecyclerView",
          "id": "yx_session_recycle_view",
          "forceDark": true,
          "usage": 103,
          "backgroundUsage": 103
        }
      ]
    },
    {
      "activityName": "com.suning.mobile.ebuy.host.MainActivity",
      "forceDark": true,
      "forceDarkViewConfigList": [
        {
          "viewName": "android.widget.LinearLayout",
          "id": "rpro_rec",
          "forceDark": true,
          "usage": 103,
          "backgroundUsage": 103
        },
        {
          "viewName": "com.suning.mobile.widget.SuningTabView",
          "id": "iv_tab_icon",
          "forceDark": true,
          "usage": 103,
          "backgroundUsage": 103,
          "conditions": [
            {
              "parent": 0,
              "viewName": "android.widget.RelativeLayout",
              "index": -1
            },
            {
              "parent": 1,
              "viewName": "com.suning.mobile.widget.SuningTabWidget",
              "index": -1
            },
            {
              "parent": 2,
              "viewName": "android.widget.RelativeLayout",
              "index": -1
            }
          ]
        },
        {
          "viewName": "androidx.appcompat.widget.AppCompatImageView",
          "id": "like_promotion_iv",
          "forceDark": true,
          "usage": 103
        },
        {
          "viewName": "android.widget.LinearLayout",
          "id": "home_floor_tab_menu_layout",
          "forceDark": true,
          "usage": 103
        },
        {
          "viewName": "androidx.appcompat.widget.AppCompatImageView",
          "id": "iv_container_right_bg",
          "forceDark": true,
          "usage": 103
        },
        {
          "viewName": "androidx.appcompat.widget.AppCompatImageView",
          "id": "iv_container_left_bg",
          "forceDark": true,
          "usage": 103
        },
        {
          "viewName": "androidx.appcompat.widget.AppCompatImageView",
          "id": "iv_container_bg",
          "forceDark": true,
          "usage": 103
        },
        {
          "viewName": "android.view.View",
          "forceDark": true,
          "usage": 103,
          "backgroundUsage": 103,
          "conditions": [
            {
              "parent": 0,
              "viewName": "android.widget.RelativeLayout",
              "index": -1
            },
            {
              "parent": 1,
              "viewName": "com.suning.mobile.ebuy.display.home.custom.FloorListView",
              "index": -1,
              "id": "home_main_floor_refresh_list_view"
            }
          ]
        },
        {
          "viewName": "android.view.View",
          "id": "home_bottom_tab_one",
          "forceDark": true,
          "usage": 103,
          "backgroundUsage": 103
        },
        {
          "viewName": "androidx.appcompat.widget.AppCompatImageView",
          "forceDark": true,
          "usage": 103,
          "backgroundUsage": 103,
          "conditions": [
            {
              "parent": 0,
              "viewName": "android.widget.FrameLayout",
              "index": -1
            },
            {
              "parent": 1,
              "viewName": "android.widget.RelativeLayout",
              "index": -1
            }
          ]
        },
        {
          "viewName": "androidx.appcompat.widget.AppCompatImageView",
          "id": "member_code_iv",
          "forceDark": true,
          "usage": 103,
          "backgroundUsage": 103
        },
        {
          "viewName": "androidx.appcompat.widget.AppCompatImageView",
          "id": "order_icon",
          "forceDark": true,
          "usage": 103
        },
        {
          "viewName": "androidx.appcompat.widget.AppCompatImageView",
          "id": "icon_iv",
          "forceDark": true,
          "usage": 103
        },
        {
          "viewName": "com.suning.mobile.ebuy.member.myebuy.entrance.itemview.RecPromotionItemView",
          "id": "item_rec_promotion_view",
          "forceDark": true,
          "usage": 103
        },
        {
          "viewName": "androidx.appcompat.widget.AppCompatImageView",
          "id": "move_to_top_btn",
          "forceDark": true,
          "usage": 103,
          "backgroundUsage": 103
        },
        {
          "viewName": "com.suning.mobile.widget.SuningTabView",
          "forceDark": true,
          "usage": 103,
          "backgroundUsage": 103,
          "conditions": [
            {
              "parent": 0,
              "viewName": "com.suning.mobile.widget.SuningTabWidget",
              "index": -1
            },
            {
              "parent": 1,
              "viewName": "android.widget.RelativeLayout",
              "index": -1
            }
          ]
        },
        {
          "viewName": "android.widget.FrameLayout",
          "id": "fl_newbatch",
          "forceDark": false
        },
        {
          "viewName": "androidx.appcompat.widget.AppCompatImageView",
          "id": "layout_myebuy_header",
          "forceDark": true,
          "usage": 103,
          "backgroundUsage": 103
        },
        {
          "viewName": "androidx.appcompat.widget.AppCompatImageView",
          "id": "float_bg",
          "forceDark": true,
          "usage": 103,
          "backgroundUsage": 103
        }
      ]
    },
    {
      "activityName": "com.suning.mobile.mp.SMPActivity",
      "forceDark": true,
      "forceDarkViewConfigList": [
        {
          "viewName": "com.suning.mobile.mp.snview.sview.SReactViewGroup",
          "forceDark": true,
          "usage": 103,
          "backgroundUsage": 103,
          "conditions": [
            {
              "parent": 0,
              "viewName": "com.suning.mobile.mp.snview.sview.SReactViewGroup",
              "index": -1
            },
            {
              "parent": 6,
              "viewName": "com.facebook.react.views.view.ReactViewGroup",
              "index": -1
            }
          ]
        }
      ]
    },
    {
      "activityName": "com.suning.mobile.ebuy.commodity.CommodityMainActivity",
      "forceDark": true,
      "forceDarkViewConfigList": [
        {
          "viewName": "androidx.appcompat.widget.AppCompatImageView",
          "id": "cmody_search_menu",
          "forceDark": true,
          "usage": 103,
          "backgroundUsage": 103
        },
        {
          "viewName": "androidx.appcompat.widget.AppCompatImageView",
          "id": "server_bg",
          "forceDark": true,
          "usage": 103
        },
        {
          "viewName": "android.widget.RelativeLayout",
          "id": "old_for_new_07_main_layout",
          "forceDark": true,
          "usage": 103,
          "backgroundUsage": 103
        },
        {
          "viewName": "android.widget.LinearLayout",
          "id": "ll_origin",
          "forceDark": true,
          "usage": 103,
          "backgroundUsage": 103
        },
        {
          "viewName": "androidx.appcompat.widget.AppCompatImageView",
          "id": "cmody_search_back",
          "forceDark": true,
          "usage": 103,
          "backgroundUsage": 103
        },
        {
          "viewName": "androidx.appcompat.widget.AppCompatImageView",
          "id": "cmody_search_share",
          "forceDark": true,
          "usage": 103
        },
        {
          "viewName": "com.suning.mobile.commonview.shape.RoundImageView",
          "forceDark": true,
          "usage": 103,
          "conditions": [
            {
              "parent": 0,
              "viewName": "android.widget.LinearLayout",
              "index": -1
            },
            {
              "parent": 2,
              "viewName": "android.widget.LinearLayout",
              "index": -1
            }
          ]
        },
        {
          "viewName": "androidx.appcompat.widget.AppCompatImageView",
          "forceDark": true,
          "usage": 103,
          "backgroundUsage": 103,
          "conditions": [
            {
              "parent": 0,
              "viewName": "android.widget.FrameLayout",
              "index": -1
            },
            {
              "parent": 3,
              "viewName": "android.widget.LinearLayout",
              "index": -1
            }
          ]
        },
        {
          "viewName": "androidx.appcompat.widget.AppCompatImageView",
          "forceDark": true,
          "usage": 103,
          "backgroundUsage": 103,
          "conditions": [
            {
              "parent": 0,
              "viewName": "android.widget.FrameLayout",
              "index": -1
            },
            {
              "parent": 1,
              "viewName": "android.widget.FrameLayout",
              "index": -1
            }
          ]
        },
        {
          "viewName": "androidx.appcompat.widget.AppCompatImageView",
          "forceDark": true,
          "usage": 103,
          "conditions": [
            {
              "parent": 0,
              "viewName": "android.widget.LinearLayout",
              "index": -1
            },
            {
              "parent": 1,
              "viewName": "android.widget.LinearLayout",
              "index": -1
            }
          ]
        }
      ]
    },
    {
      "activityName": "com.suning.mobile.daodao.haigou.detail.activity.ContentDetailActivity",
      "forceDark": true,
      "forceDarkViewConfigList": [
        {
          "viewName": "androidx.appcompat.widget.AppCompatImageView",
          "id": "hg_detail_tvPraise",
          "forceDark": true,
          "usage": 103,
          "backgroundUsage": 103
        },
        {
          "viewName": "androidx.appcompat.widget.AppCompatImageView",
          "id": "hg_detail_tvComment",
          "forceDark": true,
          "usage": 103,
          "backgroundUsage": 103
        }
      ]
    },
    {
      "activityName": "com.suning.mobile.ebuy.sales.dajuhui.DJHMainNewActivity",
      "forceDark": true,
      "forceDarkViewConfigList": [
        {
          "viewName": "androidx.appcompat.widget.AppCompatImageView",
          "id": "djh_main_tab_menu_tag",
          "forceDark": true,
          "usage": 103
        }
      ]
    },
    {
      "activityName": "com.suning.mobile.ebuy.transaction.coupon.couponscenter.ui.CouponsCenterActivityNew",
      "forceDark": true,
      "forceDarkViewConfigList": [
        {
          "viewName": "androidx.appcompat.widget.AppCompatTextView",
          "id": "tv_explore_version_sign_title",
          "forceDark": true,
          "usage": 103
        },
        {
          "viewName": "android.widget.RelativeLayout",
          "id": "rl_explore_version_coupon_sign",
          "forceDark": true,
          "usage": 103,
          "backgroundUsage": 103
        },
        {
          "viewName": "androidx.appcompat.widget.AppCompatImageView",
          "id": "custom_tab_icon",
          "forceDark": true,
          "usage": 103
        },
        {
          "viewName": "androidx.appcompat.widget.AppCompatImageView",
          "id": "image_icon",
          "forceDark": true,
          "usage": 103
        }
      ]
    },
    {
      "activityName": "com.suning.mobile.weex.WXPageActivity",
      "forceDark": true,
      "forceDarkViewConfigList": [
        {
          "viewName": "com.taobao.weex.ui.view.WXTextView",
          "forceDark": false,
          "usage": 103,
          "backgroundUsage": 103,
          "conditions": [
            {
              "parent": 0,
              "viewName": "com.taobao.weex.ui.view.WXFrameLayout",
              "index": -1
            },
            {
              "parent": 5,
              "viewName": "android.widget.FrameLayout",
              "index": -1
            }
          ]
        },
        {
          "viewName": "com.taobao.weex.ui.view.WXImageView",
          "forceDark": true,
          "usage": 103,
          "backgroundUsage": 103,
          "conditions": [
            {
              "parent": 0,
              "viewName": "com.taobao.weex.ui.view.WXFrameLayout",
              "index": -1
            },
            {
              "parent": 3,
              "viewName": "com.taobao.weex.ui.view.listview.WXRecyclerView",
              "index": -1
            }
          ]
        },
        {
          "viewName": "androidx.appcompat.widget.AppCompatImageView",
          "id": "iv_action_icon",
          "forceDark": true,
          "usage": 103,
          "backgroundUsage": 103
        }
      ]
    },
    {
      "activityName": "com.suning.mobile.ebuy.find.shiping.NewPersonCenterActivity",
      "forceDark": true,
      "forceDarkViewConfigList": [
        {
          "viewName": "android.widget.RelativeLayout",
          "id": "publish_root",
          "forceDark": true,
          "usage": 103,
          "backgroundUsage": 103
        }
      ]
    },
    {
      "activityName": "com.suning.mobile.ebuy.sales.dajuhui.bybt.DJHBybtActivity",
      "forceDark": true,
      "forceDarkViewConfigList": [
        {
          "viewName": "androidx.appcompat.widget.AppCompatImageView",
          "id": "rob_mian_actiontwo",
          "forceDark": false
        }
      ]
    },
    {
      "activityName": "com.suning.mobile.ebuy.host.InitialActivity",
      "forceDark": true,
      "forceDarkViewConfigList": [
        {
          "viewName": "android.widget.RelativeLayout",
          "id": "priv_layout",
          "forceDark": true,
          "usage": 103,
          "backgroundUsage": 103,
          "conditions": [
            {
              "parent": 0,
              "viewName": "android.widget.RelativeLayout",
              "index": -1
            },
            {
              "parent": 1,
              "viewName": "android.widget.FrameLayout",
              "index": -1
            }
          ]
        }
      ]
    },
    {
      "activityName": "com.suning.mobile.ebuy.member.myebuy.membercode.ui.MembershipCodeAcitivty",
      "forceDark": true,
      "forceDarkViewConfigList": [
        {
          "viewName": "androidx.appcompat.widget.AppCompatImageView",
          "forceDark": true,
          "usage": 103,
          "backgroundUsage": 103
        }
      ]
    }
  ],
  "forceDarkViewGlobalConfigList": [
    {
      "viewName": "android.widget.LinearLayout",
      "id": "bg",
      "forceDark": true,
      "usage": 103,
      "backgroundUsage": 103,
      "conditions": [
        {
          "parent": 0,
          "viewName": "android.widget.LinearLayout",
          "index": -1,
          "id": "root_view"
        },
        {
          "parent": 1,
          "viewName": "com.suning.mobile.components.view.header.RadiusFrameLayout",
          "index": -1
        }
      ]
    }
  ]
}