{
  "packageName": "com.ss.android.article.video",
  "forceDark": true,
  "mainRule": 16,
  "secondaryRule": 34,
  "forceDarkActivityConfigList": [
    {
      "activityName": "com.ss.android.article.video.activity.SplashActivity",
      "forceDark": true,
      "forceDarkViewConfigList": [
        {
          "forceDark": true,
          "viewName": "AppCompatImageView",
          "usage": 1,
          "conditions": [
            {
              "viewName": "RelativeLayout",
              "parent": 0,
              "index": -1
            },
            {
              "viewName": "ScrollRelativeLayout",
              "parent": 3,
              "index": -1
            },
            {
              "viewName": "XGTabLayout",
              "parent": 0,
              "index": 2
            }
          ]
        },
        {
          "forceDark": true,
          "viewName": "ConstraintLayout",
          "usage": 103,
          "backgroundUsage": 105,
          "conditions": [
            {
              "viewName": "ConstraintLayout",
              "parent": 0,
              "index": -1
            },
            {
              "viewName": "MonitorScrollView",
              "parent": 3,
              "index": -1
            }
          ]
        },
        {
          "viewName": "com.ixigua.commonui.view.lottie.ResetWhenDetachedLottieAnimationView",
          "forceDark": true,
          "usage": 103,
          "backgroundUsage": 103,
          "conditions": [
            {
              "parent": 0,
              "viewName": "com.ixigua.commonui.view.like.LikeButton",
              "index": -1
            },
            {
              "parent": 6,
              "viewName": "com.ixigua.commonui.view.recyclerview.MotionRecyclerView",
              "index": -1
            }
          ]
        },
        {
          "viewName": "com.ixigua.image.AsyncImageView",
          "forceDark": true,
          "usage": 103,
          "backgroundUsage": 103,
          "conditions": [
            {
              "parent": 0,
              "viewName": "com.ixigua.feature.search.skin",
              "index": -1
            },
            {
              "parent": 4,
              "viewName": "com.bytedance.scene.view",
              "index": -1
            }
          ]
        }
      ]
    },
    {
      "activityName": "com.ixigua.feature.detail.activity.NewDetailActivity",
      "forceDark": true,
      "forceDarkViewConfigList": [
        {
          "forceDark": true,
          "viewName": "AppCompatImageView",
          "usage": 1,
          "conditions": [
            {
              "viewName": "RelativeLayout",
              "parent": 0,
              "index": -1
            },
            {
              "viewName": "ScrollRelativeLayout",
              "parent": 3,
              "index": -1
            },
            {
              "viewName": "XGTabLayout",
              "parent": 0,
              "index": 2
            }
          ]
        }
      ]
    },
    {
      "activityName": "com.ixigua.feature.live.LivePlayerActivity",
      "forceDark": true,
      "forceDarkViewConfigList": [
        {
          "forceDark": true,
          "viewName": "FrameLayout",
          "backgroundUsage": 2,
          "id": "icon",
          "conditions": [
            {
              "viewName": "RelativeLayout",
              "parent": 0,
              "index": -1,
              "id": "action_area"
            },
            {
              "viewName": "GridLayout",
              "parent": 1,
              "index": -1,
              "id": "grid_layout"
            }
          ]
        }
      ]
    },
    {
      "activityName": "CreateHomeWrapperActivity",
      "forceDark": true,
      "forceDarkViewConfigList": [
        {
          "forceDark": true,
          "viewName": "CoverView",
          "usage": 103,
          "conditions": [
            {
              "viewName": "ConstraintLayout",
              "parent": 0,
              "index": -1
            },
            {
              "viewName": "FrameLayout",
              "parent": 1,
              "index": -1
            }
          ]
        },
        {
          "forceDark": true,
          "viewName": "AsyncImageView",
          "usage": 103,
          "conditions": [
            {
              "viewName": "ConstraintLayout",
              "parent": 0,
              "index": -1
            },
            {
              "viewName": "RecyclerView",
              "parent": 2,
              "index": -1
            }
          ]
        }
      ]
    },
    {
      "activityName": "com.ixigua.lynx.specific.page.XgLynxActivity",
      "forceDark": false,
      "blackMask": true
    },
    {
      "activityName": "com.ixigua.account.area.SelectAreaCodeActivity",
      "forceDark": true,
      "forceDarkViewConfigList": [
        {
          "viewName": "PinnedHeaderListView",
          "forceDark": true,
          "usage": 103
        }
      ]
    },
    {
      "activityName": "com.ixigua.imageview.specific.imageview.ThumbPreviewActivity",
      "forceDark": true,
      "forceDarkViewConfigList": [
        {
          "forceDark": false,
          "viewName": "XGDraweeImageViewTouch",
          "conditions": [
            {
              "viewName": "FrameLayout",
              "parent": 0,
              "index": -1
            }
          ]
        }
      ]
    },
    {
      "activityName": "com.ixigua.feature.hotspot.specific.HotspotDetailSceneActivity",
      "forceDark": true,
      "forceDarkViewConfigList": [
        {
          "viewName": "androidx.appcompat.widget.AppCompatImageView",
          "forceDark": true,
          "usage": 103,
          "conditions": [
            {
              "parent": 0,
              "viewName": "androidx.constraintlayout.widget.ConstraintLayout",
              "index": -1
            },
            {
              "parent": 1,
              "viewName": "com.ixigua.feature.hotspot.specific.view.HotspotContainerViewPager",
              "index": -1
            }
          ]
        }
      ]
    },
    {
      "activityName": "com.ixigua.openliveplugin.LivePlayerActivity",
      "forceDark": false
    }
  ],
  "forceDarkViewGlobalConfigList": [
    {
      "viewName": "ResetWhenDetachedLottieAnimationView",
      "forceDark": true,
      "usage": 2
    },
    {
      "viewName": "FixDetachCancelLottieAnimationView",
      "forceDark": true,
      "usage": 2
    },
    {
      "viewName": "ChannelWebView",
      "forceDark": false,
      "blackMask": true
    },
    {
      "viewName": "NestedScrollWebView",
      "forceDark": false,
      "blackMask": true
    },
    {
      "viewName": "ImagePreviewLayout",
      "forceDark": false
    }
  ]
}