{
  "packageName": "com.ss.android.article.lite",
  "forceDark": true,
  "mainRule": 1040,
  "secondaryRule": 34,
  "forceDarkActivityConfigList": [
    {
      "activityName": "com.ss.android.article.lite.activity.SplashActivity",
      "forceDark": true,
      "forceDarkViewConfigList": [
        {
          "forceDark": true,
          "viewName": "base.feature.main",
          "usage": 1,
          "conditions": [
            {
              "viewName": "CropRelativeLayout",
              "parent": 0,
              "index": -1
            },
            {
              "viewName": "HomePageSearchBar",
              "parent": 2,
              "index": -1
            }
          ]
        },
        {
          "forceDark": false,
          "viewName": "AsyncImageView",
          "conditions": [
            {
              "viewName": "ListViewPager",
              "parent": 1,
              "index": -1
            },
            {
              "viewName": "FeedTopBanner",
              "parent": 2,
              "index": -1
            }
          ]
        },
        {
          "forceDark": true,
          "viewName": "ImageView",
          "usage": 2,
          "conditions": [
            {
              "viewName": "RelativeLayout",
              "parent": 0,
              "index": -1
            },
            {
              "viewName": "HomePageRelativeLayout",
              "parent": 2,
              "index": -1
            }
          ]
        },
        {
          "viewName": "com.lynx.tasm.behavior.ui.view.AndroidView",
          "forceDark": false,
          "conditions": [
            {
              "parent": 0,
              "viewName": "com.lynx.tasm.behavior.ui.view.AndroidView",
              "index": -1
            },
            {
              "parent": 1,
              "viewName": "com.lynx.tasm.LynxView",
              "index": -1
            },
            {
              "parent": 7,
              "viewName": "com.ss.android.article.common.view.SSTabHost",
              "index": -1,
              "id": "tabhost"
            }
          ]
        },
        {
          "viewName": "com.lynx.tasm.behavior.ui.view.AndroidView",
          "forceDark": false,
          "conditions": [
            {
              "parent": 0,
              "viewName": "com.lynx.tasm.LynxView",
              "index": -1
            },
            {
              "parent": 4,
              "viewName": "android.widget.RelativeLayout",
              "index": -1
            },
            {
              "parent": 6,
              "viewName": "com.ss.android.article.common.view.SSTabHost",
              "index": -1,
              "id": "tabhost"
            }
          ]
        },
        {
          "viewName": "FrescoImageView",
          "forceDark": true,
          "usage": 103,
          "conditions": [
            {
              "parent": 3,
              "viewName": "ImpressionLinearLayout",
              "index": -1
            }
          ]
        },
        {
          "viewName": "com.facebook.drawee.view.SimpleDraweeView",
          "forceDark": true,
          "usage": 103,
          "conditions": [
            {
              "parent": 0,
              "viewName": "com.bytedance.article.lite.nest.layout.NestLinearLayout",
              "index": -1
            },
            {
              "parent": 2,
              "viewName": "com.ss.android.mine.gridstyle.view.EquallyGridLayout",
              "index": -1
            },
            {
              "parent": 5,
              "viewName": "android.widget.ScrollView",
              "index": -1
            }
          ]
        }
      ]
    },
    {
      "activityName": "com.ss.android.article.base.feature.category.activity.CategoryExpandActivity",
      "forceDark": true,
      "forceDarkViewConfigList": [
        {
          "forceDark": true,
          "viewName": "AppCompatTextView",
          "usage": 1,
          "conditions": [
            {
              "viewName": "DragGridView",
              "parent": 1,
              "index": -1
            }
          ]
        }
      ]
    },
    {
      "activityName": "com.ss.android.live.host.livehostimpl.LivePlayerActivity",
      "forceDark": true,
      "forceDarkViewConfigList": [
        {
          "forceDark": true,
          "viewName": "FrameLayout",
          "backgroundUsage": 2,
          "conditions": [
            {
              "viewName": "RelativeLayout",
              "parent": 0,
              "index": -1,
              "id": "action_area"
            },
            {
              "viewName": "GridLayout",
              "parent": 1,
              "index": -1,
              "id": "grid_layout"
            }
          ]
        }
      ]
    },
    {
      "activityName": "com.ss.android.newugc.forum.ConcernDetailActivity",
      "forceDark": true,
      "forceDarkViewConfigList": [
        {
          "forceDark": true,
          "viewName": "AndroidView",
          "usage": 2,
          "conditions": [
            {
              "viewName": "NewLynxDocker$NewLynxView",
              "parent": 0,
              "index": -1
            },
            {
              "viewName": "FrameLayout",
              "parent": 1,
              "index": -1,
              "id": "lynx_bottom_container"
            }
          ]
        }
      ]
    },
    {
      "activityName": "com.bytedance.ugc.publishcommon.mediamaker.hotboard.CreationHotBoardActivity",
      "forceDark": true,
      "forceDarkViewConfigList": [
        {
          "forceDark": true,
          "viewName": "AppCompatImageView",
          "usage": 1,
          "conditions": [
            {
              "viewName": "RelativeLayout",
              "parent": 0,
              "index": -1
            },
            {
              "viewName": "BaseHeaderViewPager",
              "parent": 2,
              "index": -1
            }
          ]
        },
        {
          "viewName": "AppCompatImageView",
          "forceDark": true,
          "usage": 1,
          "id": "title_bar_category_gradient"
        }
      ]
    },
    {
      "activityName": "com.ss.android.newmedia.activity.browser.BrowserActivity",
      "forceDark": true,
      "forceDarkViewConfigList": [
        {
          "viewName": "article.common",
          "forceDark": false,
          "blackMask": true,
          "conditions": [
            {
              "viewName": "article.common",
              "parent": 0,
              "index": -1
            },
            {
              "viewName": "NestRelativeLayout",
              "parent": 1,
              "index": -1
            }
          ]
        }
      ]
    },
    {
      "activityName": "com.ss.android.publish.send.TTSendPostActivity",
      "forceDark": true,
      "forceDarkViewConfigList": [
        {
          "viewName": "AppCompatImageView",
          "forceDark": true,
          "usage": 1,
          "conditions": [
            {
              "viewName": "RelativeLayout",
              "parent": 0,
              "index": -1
            },
            {
              "viewName": "EmojiBoard",
              "parent": 2,
              "index": -1
            }
          ]
        }
      ]
    },
    {
      "activityName": "com.ss.android.newugc.detail.UgcDetailActivity",
      "forceDark": true,
      "forceDarkViewConfigList": [
        {
          "viewName": "NewUserActionStripView",
          "forceDark": true,
          "usage": 103
        },
        {
          "viewName": "NestFrameLayout",
          "forceDark": true,
          "usage": 103,
          "conditions": [
            {
              "viewName": "NestLinearLayout",
              "parent": 0,
              "index": -1
            }
          ]
        }
      ]
    },
    {
      "activityName": "com.bytedance.ug.sdk.luckycat.impl.lynx.LuckyCatLynxActivity",
      "forceDark": true,
      "forceDarkViewConfigList": [
        {
          "viewName": "LynxView",
          "forceDark": true,
          "usage": 104
        },
        {
          "viewName": "com.lynx.tasm.behavior.ui.view.AndroidView",
          "forceDark": false,
          "conditions": [
            {
              "parent": 0,
              "viewName": "com.lynx.tasm.behavior.ui.view.AndroidView",
              "index": -1
            },
            {
              "parent": 1,
              "viewName": "com.lynx.tasm.LynxView",
              "index": -1
            },
            {
              "parent": 7,
              "viewName": "com.ss.android.article.common.view.SSTabHost",
              "index": -1,
              "id": "tabhost"
            }
          ]
        },
        {
          "viewName": "com.lynx.tasm.behavior.ui.view.AndroidView",
          "forceDark": false,
          "conditions": [
            {
              "parent": 0,
              "viewName": "com.lynx.tasm.LynxView",
              "index": -1
            },
            {
              "parent": 4,
              "viewName": "android.widget.RelativeLayout",
              "index": -1
            },
            {
              "parent": 6,
              "viewName": "com.ss.android.article.common.view.SSTabHost",
              "index": -1,
              "id": "tabhost"
            }
          ]
        }
      ]
    },
    {
      "activityName": "com.tt.miniapp.container.MiniAppContainerActivity0",
      "forceDark": false,
      "blackMask": true
    },
    {
      "activityName": "com.tt.miniapp.container.MiniAppContainerActivity1",
      "forceDark": false,
      "blackMask": true
    },
    {
      "activityName": "com.ss.android.article.common.ThumbPreviewActivity",
      "forceDark": false
    },
    {
      "activityName": "com.ss.android.ugc.detail.refactor.ui.TikTokActivity",
      "forceDark": true,
      "forceDarkViewConfigList": [
        {
          "viewName": "com.ss.android.ttlayerplayer.mediaview",
          "forceDark": false,
          "conditions": [
            {
              "parent": 0,
              "viewName": "android.widget.FrameLayout",
              "index": -1
            },
            {
              "parent": 1,
              "viewName": "androidx.appcompat.widget.ContentFrameLayout",
              "index": -1,
              "id": "content"
            }
          ]
        }
      ]
    },
    {
      "activityName": "com.ss.android.article.base.feature.detail2.view.NewDetailActivity",
      "forceDark": true,
      "forceDarkViewConfigList": [
        {
          "viewName": "androidx.appcompat.widget.AppCompatImageView",
          "forceDark": true,
          "usage": 103,
          "conditions": [
            {
              "parent": 0,
              "viewName": "im.quar.autolayout.view.AutoFrameLayout",
              "index": -1
            },
            {
              "parent": 1,
              "viewName": "com.ss.android.article.base.feature.feed.view.NewDetailToolBar",
              "index": -1
            },
            {
              "parent": 5,
              "viewName": "com.ss.android.common.ui.view.SwipeOverlayFrameLayout",
              "index": -1
            }
          ]
        },
        {
          "forceDark": false,
          "viewName": "com.ss.android.image",
          "conditions": [
            {
              "parent": 0,
              "viewName": "com.bytedance.bytewebview.nativerender",
              "index": -1
            },
            {
              "parent": 3,
              "viewName": "com.ss.android.detail.feature.detail.view.v2.DetailScrollView",
              "index": -1
            }
          ]
        },
        {
          "viewName": "com.bytedance.bytewebview.nativerender",
          "forceDark": false,
          "conditions": [
            {
              "parent": 0,
              "viewName": "com.bytedance.bytewebview.nativerender",
              "index": -1
            },
            {
              "parent": 2,
              "viewName": "com.ss.android.detail.feature.detail.view.v2.DetailScrollView",
              "index": -1
            }
          ]
        },
        {
          "viewName": "androidx.appcompat.widget.AppCompatTextView",
          "forceDark": true,
          "usage": 103,
          "conditions": [
            {
              "parent": 0,
              "viewName": "com.bytedance.article.common.ui.DetailTitleBar",
              "index": -1
            },
            {
              "parent": 4,
              "viewName": "com.ss.android.common.ui.view.SwipeOverlayFrameLayout",
              "index": -1
            },
            {
              "parent": 6,
              "viewName": "com.ss.android.article.base.ui.SwipeBackLayout",
              "index": -1
            }
          ]
        }
      ]
    },
    {
      "activityName": "com.bytedance.novel.view.NovelReaderActivity",
      "forceDark": false
    },
    {
      "activityName": "com.android.bytedance.search.SearchActivity",
      "forceDark": true,
      "forceDarkViewConfigList": [
        {
          "viewName": "com.lynx.tasm.ui.image.FrescoImageView",
          "forceDark": true,
          "usage": 103,
          "conditions": [
            {
              "parent": 0,
              "viewName": "com.lynx.tasm.behavior.ui.view.AndroidView",
              "index": -1
            },
            {
              "parent": 4,
              "viewName": "com.ss.android.lite.lynx.view.TTLynxView",
              "index": -1
            },
            {
              "parent": 5,
              "viewName": "android.widget.FrameLayout",
              "index": -1
            }
          ]
        }
      ]
    },
    {
      "activityName": "com.ss.android.live.host.livehostimpl.OpenLivePlayerActivity",
      "forceDark": false
    }
  ],
  "forceDarkViewGlobalConfigList": [
    {
      "viewName": "NightModeAsyncImageView",
      "forceDark": false
    },
    {
      "viewName": "WatermarkImageView",
      "forceDark": false
    },
    {
      "viewName": "LayerHostMediaLayout",
      "forceDark": false
    }
  ]
}