{
  "packageName": "com.hpbr.bosszhipin",
  "forceDark": true,
  "mainRule": 128,
  "forceDarkActivityConfigList": [
    {
      "activityName": "com.hpbr.bosszhipin.module.main.activity.MainActivity",
      "forceDark": true,
      "forceDarkViewConfigList": [
        {
          "viewName": "ZPUIBadgeView",
          "forceDark": true,
          "usage": 103,
          "id": "iv_general_settings"
        },
        {
          "viewName": "AppCompatImageView",
          "forceDark": false,
          "conditions": [
            {
              "parent": 0,
              "viewName": "android.widget.RelativeLayout",
              "index": -1,
              "id": "rl_title"
            },
            {
              "parent": 3,
              "viewName": "com.hpbr.bosszhipin.views.WindowInsetsLinearLayout",
              "index": -1,
              "id": "ll_main_view"
            }
          ]
        },
        {
          "viewName": "AppCompatImageView",
          "forceDark": false,
          "conditions": [
            {
              "parent": 1,
              "viewName": "android.widget.RelativeLayout",
              "index": -1,
              "id": "rl_title"
            },
            {
              "parent": 4,
              "viewName": "com.hpbr.bosszhipin.views.WindowInsetsLinearLayout",
              "index": -1,
              "id": "ll_main_view"
            }
          ]
        }
      ]
    },
    {
      "activityName": "com.hpbr.bosszhipin.module.resume.MyResumeEditActivity",
      "forceDark": true,
      "forceDarkViewConfigList": [
        {
          "viewName": "AppCompatImageView",
          "forceDark": true,
          "usage": 103,
          "conditions": [
            {
              "viewName": "ZPUIFrameLayout",
              "parent": 1,
              "index": -1
            }
          ]
        }
      ]
    },
    {
      "activityName": "com.hpbr.bosszhipin.search.geek.activity.GeekSearchActivity",
      "forceDark": true,
      "forceDarkViewConfigList": [
        {
          "viewName": "AppCompatImageView",
          "forceDark": true,
          "usage": 105,
          "backgroundUsage": 105,
          "conditions": [
            {
              "viewName": "RecyclerView",
              "parent": 0,
              "index": 0,
              "id": "recyclerView_lable_filter"
            },
            {
              "viewName": "ConstraintLayout",
              "parent": 0,
              "index": -1
            }
          ]
        }
      ]
    }
  ],
  "forceDarkViewGlobalConfigList": [
    {
      "viewName": "smtt.sdk.WebView",
      "forceDark": false,
      "blackMask": true
    }
  ]
}