{
  "packageName": "com.jsmcc",
  "forceDark": true,
  "mainRule": 1152,
  "secondaryRule": 32,
  "forceDarkActivityConfigList": [
    {
      "activityName": "com.jsmcc.ui.MainActivityGroupNew",
      "forceDark": true,
      "forceDarkViewConfigList": [
        {
          "viewName": "android.widget.ImageView",
          "id": "pub_item_iv",
          "forceDark": true,
          "usage": 1,
          "conditions": [
            {
              "parent": 0,
              "viewName": "android.widget.LinearLayout",
              "index": -1,
              "id": "vis_pub_layout"
            },
            {
              "parent": 1,
              "viewName": "androidx.recyclerview.widget.RecyclerView",
              "index": -1,
              "id": "pub_rv"
            },
            {
              "parent": 3,
              "viewName": "androidx.recyclerview.widget.RecyclerView",
              "index": -1,
              "id": "visitor_rv"
            }
          ]
        },
        {
          "viewName": "android.widget.ImageView",
          "forceDark": true,
          "usage": 103,
          "conditions": [
            {
              "parent": 0,
              "viewName": "android.widget.RelativeLayout",
              "index": -1
            },
            {
              "parent": 3,
              "viewName": "com.jsmcc.ui.main.customview.bottom.MainBottomMenuLayout",
              "index": -1,
              "id": "bottom_content"
            }
          ]
        },
        {
          "viewName": "android.widget.ImageView",
          "forceDark": true,
          "usage": 2,
          "backgroundUsage": 2,
          "conditions": [
            {
              "parent": 3,
              "viewName": "com.jsmcc.ui.home.view.HomeHeadBar",
              "index": -1,
              "id": "home_head_bar"
            }
          ]
        },
        {
          "viewName": "android.widget.ImageView",
          "forceDark": true,
          "usage": 2,
          "backgroundUsage": 2,
          "conditions": [
            {
              "parent": 2,
              "viewName": "com.jsmcc.ui.home.view.HomeHeadBar",
              "index": -1,
              "id": "home_head_bar"
            }
          ]
        },
        {
          "viewName": "android.widget.ImageView",
          "id": "vis_net_bg",
          "forceDark": true,
          "usage": 103,
          "conditions": [
            {
              "parent": 0,
              "viewName": "android.widget.FrameLayout",
              "index": -1
            },
            {
              "parent": 5,
              "viewName": "androidx.cardview.widget.CardView",
              "index": -1
            }
          ]
        },
        {
          "viewName":"android.widget.ImageView",
          "id":"top_image",
          "forceDark":false,
          "conditions":[
            {
              "parent":0,
              "viewName":"android.widget.RelativeLayout",
              "index":-1
            },
            {
              "parent":1,
              "viewName":"com.google.android.material.appbar.CollapsingToolbarLayout",
              "index":-1
            },
            {
              "parent":2,
              "viewName":"com.jsmcc.ui.home.view.HomeAppBarLayout",
              "index":-1,
              "id":"abl_home"
            }
          ]
        },
        {
          "viewName": "com.jsmcc.ui.widget.RoundImageView",
          "forceDark": true,
          "usage": 103,
          "conditions": [
            {
              "parent": 1,
              "viewName": "android.widget.LinearLayout",
              "index": -1,
              "id": "home_floor_model_net_bottom"
            },
            {
              "parent": 4,
              "viewName": "androidx.recyclerview.widget.RecyclerView",
              "index": -1,
              "id": "home_floor"
            }
          ]
        },
        {
          "viewName": "android.widget.ImageView",
          "id": "iv_floor_head_title",
          "forceDark": true,
          "usage": 103
        }
      ]
    },
    {
      "activityName": "com.jsmcc.ui.login.LoginActivity",
      "forceDark": true,
      "forceDarkViewConfigList": [
        {
          "viewName": "android.widget.ImageView",
          "forceDark": true,
          "usage": 103,
          "conditions": [
            {
              "parent": 0,
              "viewName": "android.widget.RelativeLayout",
              "index": -1
            },
            {
              "parent": 1,
              "viewName": "android.widget.FrameLayout",
              "index": -1,
              "id": "content"
            }
          ]
        }
      ]
    },
    {
      "activityName": "com.jsmcc.ui.qrcode.QrCodeActivity",
      "forceDark": false
    }
  ],
  "forceDarkViewGlobalConfigList": [
    {
      "viewName": "android.widget.ImageView",
      "id": "iv_select",
      "forceDark": true,
      "usage": 103
    }
  ]
}