{
  "packageName": "tv.pps.mobile",
  "forceDark": true,
  "mainRule": 128,
  "secondaryRule": 0,
  "forceDarkActivityConfigList": [
    {
      "activityName": "org.qiyi.android.video.MainActivity",
      "forceDark": true,
      "forceDarkViewConfigList": [
        {
          "viewName": "android.widget.RelativeLayout",
          "forceDark": true,
          "usage": 105,
          "backgroundUsage": 105,
          "conditions": [
            {
              "parent": 0,
              "viewName": "android.widget.LinearLayout",
              "index": -1
            },
            {
              "parent": 2,
              "viewName": "androidx.core.widget.NestedScrollView",
              "index": -1
            },
            {
              "parent": 5,
              "viewName": "android.widget.FrameLayout",
              "index": -1
            }
          ]
        },
        {
          "viewName": "android.widget.ImageView",
          "forceDark": true,
          "usage": 105,
          "conditions": [
            {
              "parent": 0,
              "viewName": "android.widget.RelativeLayout",
              "index": -1
            },
            {
              "parent": 2,
              "viewName": "android.widget.FrameLayout",
              "index": -1
            },
            {
              "parent": 4,
              "viewName": "com.android.internal.policy.DecorView",
              "index": -1
            }
          ]
        }
      ]
    },
    {
      "activityName": "com.suike.search.newsearch.view.activity.NewSearchActivity",
      "forceDark": true,
      "forceDarkViewConfigList": [
        {
          "viewName": "android.widget.ImageView",
          "forceDark": true,
          "usage": 105,
          "conditions": [
            {
              "parent": 0,
              "viewName": "android.widget.FrameLayout",
              "index": -1
            },
            {
              "parent": 3,
              "viewName": "android.widget.FrameLayout",
              "index": -1
            },
            {
              "parent": 5,
              "viewName": "com.android.internal.policy.DecorView",
              "index": -1
            }
          ]
        },
        {
          "viewName": "android.widget.ImageView",
          "id": "title_bg",
          "forceDark": true,
          "usage": 105,
          "conditions": [
            {
              "parent": 0,
              "viewName": "androidx.constraintlayout.widget.ConstraintLayout",
              "index": -1
            },
            {
              "parent": 3,
              "viewName": "com.suike.searchbase.view.SearchNestedScrollView",
              "index": -1
            },
            {
              "parent": 4,
              "viewName": "androidx.fragment.app.FragmentContainerView",
              "index": -1,
              "id": "fragment_container"
            }
          ]
        }
      ]
    }
  ]
}