<?xml version="1.0" encoding="utf-8"?>
<permissions>
    <privapp-permissions package="com.android.quicksearchbox">
        <permission name="android.permission.GLOBAL_SEARCH"/>
        <permission name="android.permission.PACKAGE_USAGE_STATS"/>
        <permission name="android.permission.READ_NETWORK_USAGE_HISTORY"/>
        <permission name="android.permission.DUMP"/>
        <permission name="android.permission.INTERACT_ACROSS_USERS"/>
        <permission name="android.permission.STOP_APP_SWITCHES"/>
        <permission name="android.permission.READ_SEARCH_INDEXABLES"/>
        <permission name="android.permission.CHANGE_COMPONENT_ENABLED_STATE"/>
        <permission name="android.permission.WRITE_SECURE_SETTINGS"/>
        <!-- Android 9 and bellow -->
        <permission name="android.permission.READ_FRAME_BUFFER"/>
    </privapp-permissions>
</permissions>
