<?xml version="1.0" encoding="utf-8"?>
<permissions>
    <privapp-permissions package="com.miui.miwallpaper">
        <permission name="android.permission.INTERACT_ACROSS_USERS"/>
        <permission name="android.permission.BIND_WALLPAPER"/>
        <permission name="android.permission.READ_WALLPAPER_INTERNAL"/>
        <permission name="android.permission.SET_WALLPAPER_COMPONENT"/>
        <permission name="android.permission.WRITE_MEDIA_STORAGE"/>
        <permission name="android.permission.MANAGE_USERS"/>
        <permission name="android.permission.WRITE_SECURE_SETTINGS"/>
    </privapp-permissions>
</permissions>
