<filter-conf>
    <version>2021101101</version>
    <isOpen>1</isOpen>
    <filter-name>sys_gamespace_applist_whitelist</filter-name>

    <!-- 0 off, 1 on, 2 Off and notify -->
    <xunyouSwitch value="1"/>
    <!-- 0 off, 1 on -->
    <wiFiAccelSwitch value="1"/>
    <!-- 0 off, 1 on -->
    <xunyouSpeedUpCheckedSwitch value="1"/>
    <!-- 0 off, 1 on -->
    <touchProtectSwitch value="1" />
    <!-- 0 off, 1 on -->
    <showOtherGameSpace value="1" />
    <!-- 0 off, 1 on -->
    <showTypeSevenOfOtherGameSpace value="1" />
    <!-- 0 off, 1 on -->
    <gameAvailTimeSwitch value="1" />
    <!-- 0 off, 1 on -->
    <gameDiffPreDownloadSwitch value="1" />
    <!-- 0 off, 1 on -->
    <gameSharePackageSwitch value = "1"/>
    <!-- 0 off, 1 on -->
    <uuSwitch value="1" />

    <!-- Unit of the threshold for performing memory cleanup：M -->
    <threshClearPersist value="1024" />
    <!-- Cold start Hy-pnus level -->
    <cold_boot_action_level value="15" />
    <!-- Hot start Hy-pnus level -->
    <hot_boot_action_level value="11" />
    <!-- Unit of the time Hy-pnus when cold start：ms -->
    <default_cold_timeout value="10000" />
    <!-- Unit of the time Hy-pnus when hot start：ms -->
    <default_hot_timeout value="8000"/>
    <!-- app usage power ratio default -->
    <default_usage_power_ratio value="6.00"/>
    <!-- app usage power ratio default when high performance -->
    <default_performance_high_ratio_weight value="0.9"/>
    <!-- app usage power ratio default when save-power performance -->
    <default_performance_save_power_ratio_weight value="1.1"/>

    <!-- default_open list -->
    <default_open name="com.tencent.tmgp.sgame" timeout="15000" usage_power_ratio="9.67"/>
    <default_open name="com.tencent.tmgp.sgamece" timeout="15000" usage_power_ratio="9.67"/>
    <default_open name="com.wepie.snake.nearme.gamecenter" timeout="15000" usage_power_ratio="5.88"/>
    <default_open name="com.supercell.clashofclans.nearme.gamecenter" timeout="15000" usage_power_ratio="4.60"/>
    <default_open name="com.tencent.tmgp.cf" timeout="15000"/>
    <default_open name="com.supercell.boombeach.nearme.gamecenter" timeout="15000" usage_power_ratio="5.14"/>
    <default_open name="com.netease.l10.nearme.gamecenter" timeout="15000" usage_power_ratio="6.82"/>
    <default_open name="com.netease.my.nearme.gamecenter" timeout="15000" usage_power_ratio="4.42"/>
    <default_open name="com.netease.onmyoji.nearme.gamecenter" timeout="15000" usage_power_ratio="5.63"/>
    <default_open name="com.ztgame.bob" timeout="15000" usage_power_ratio="7.35"/>
    <default_open name="com.tencent.shootgame" timeout="15000" usage_power_ratio="6.13"/>
    <default_open name="com.supercell.clashofclans.baidu" timeout="15000" usage_power_ratio="4.60"/>
    <default_open name="com.netease.hyxd.nearme.gamecenter" timeout="15000" usage_power_ratio="8.10"/>
    <default_open name="com.netease.zjz2.nearme.gamecenter" timeout="15000" usage_power_ratio="8.80"/>
    <default_open name="com.wali.ak.nearme.gamecenter" timeout="15000"/>
    <default_open name="com.tencent.cldts" timeout="15000"/>
    <default_open name="com.tencent.tmgp.speedmobile" timeout="15000" usage_power_ratio="8.17"/>
    <default_open name="com.tencent.tmgp.tstl" timeout="25000" usage_power_ratio="7.22"/>
    <default_open name="com.tencent.tmgp.gods" timeout="15000"/>
    <default_open name="com.tencent.WeFire" timeout="15000"/>
    <default_open name="com.tencent.tmgp.xymobile" timeout="15000" usage_power_ratio="9.67"/>
    <default_open name="com.tencent.KiHan" timeout="15000" usage_power_ratio="4.6"/>
    <default_open name="com.tencent.tmgp.wec" timeout="15000" usage_power_ratio="4.90"/>
    <default_open name="com.tencent.tmgp.sgqyz" timeout="15000" usage_power_ratio="4.54"/>
    <default_open name="com.tencent.tmgp.xxsy" timeout="15000" usage_power_ratio="7.28"/>
    <default_open name="com.tencent.freestyle" timeout="15000"/>
    <default_open name="com.tencent.pao" timeout="15000" usage_power_ratio="5.07"/>
    <default_open name="com.tencent.tmgp.jxqy" timeout="15000" usage_power_ratio="5.17"/>
    <default_open name="com.tencent.tmgp.mhzxsy" timeout="15000" usage_power_ratio="4.89"/>
    <default_open name="com.tencent.tmgp.dragonnest" timeout="15000" usage_power_ratio="6.20"/>
    <default_open name="com.tencent.hexkog" timeout="15000"/>
    <default_open name="com.tencent.tmgp.pubgm" timeout="15000"/>
    <default_open name="com.tencent.tmgp.pubgmhd" timeout="15000" usage_power_ratio="10.98"/>
    <default_open name="com.netease.moba.nearme.gamecenter" timeout="15000" usage_power_ratio="8.21"/>
    <default_open name="com.netease.gd.nearme.gamecenter" timeout="15000"/>
    <default_open name="com.tencent.tmgp.qqx5" timeout="15000" usage_power_ratio="7.31"/>
    <default_open name="com.tencent.tmgp.NBA" timeout="15000" usage_power_ratio="11.17"/>
    <default_open name="com.crisisfire.android.nearme.gamecenter" timeout="15000"/>
    <default_open name="com.minitech.miniworld.nearme.gamecenter" timeout="15000" usage_power_ratio="5.63"/>
    <default_open name="com.cmcm.arrowio_cn.nearme.gamecenter" timeout="15000"/>
    <default_open name="com.yingxiong.heroo.nearme.gamecenter" timeout="15000"/>
    <default_open name="com.hxjy.union.keke.nearme.gamecenter" timeout="15000"/>
    <default_open name="com.jiguang.dtszj.nearme.gamecenter" timeout="15000" usage_power_ratio="7.78"/>
    <default_open name="com.next.netcraft.nearme.gamecenter" timeout="15000"/>
    <default_open name="com.netease.wyclx.nearme.gamecenter" timeout="15000" usage_power_ratio="6.60"/>
    <default_open name="com.netease.dwrg.nearme.gamecenter" timeout="15000" usage_power_ratio="10.3"/>
    <default_open name="com.yinhan.skzh.nearme.gamecenter" timeout="15000"/>
    <default_open name="com.netease.mc.nearme.gamecenter" timeout="15000" usage_power_ratio="6.93"/>
    <default_open name="com.hero.sm.nearme.gamecenter" timeout="15000" usage_power_ratio="6.53"/>
    <default_open name="com.tencent.game.VXDGame" timeout="15000" usage_power_ratio="4.55"/>
    <default_open name="com.tencent.fifamobile" timeout="15000"/>
    <default_open name="com.popcap.pvz2cthdop" timeout="15000"/>
    <default_open name="com.tencent.clover" timeout="15000"/>
    <default_open name="com.tencent.feiji" timeout="15000" usage_power_ratio="4.58"/>
    <default_open name="com.supercell.clashroyale.nearme.gamecenter" timeout="15000" usage_power_ratio="6.20"/>
    <default_open name="com.popcap.pvz2op" timeout="15000" usage_power_ratio="4.14"/>
    <default_open name="com.tencent.af" timeout="15000"/>
    <default_open name="com.mfp.jelly.oppo" timeout="15000"/>
    <default_open name="com.miHoYo.bh3.nearme.gamecenter" timeout="15000"/>

    <!-- default_hide list -->
    <default_hide name="com.oppo.market"/>
    <default_hide name="com.nearme.gamecenter"/>
    <default_hide name="com.nearme.note"/>
    <default_hide name="com.android.calculator2"/>
    <default_hide name="com.tencent.mm"/>
    <default_hide name="com.tencent.mobileqq"/>
    <default_hide name="com.taobao.taobao"/>
    <default_hide name="com.sina.weibo"/>
    <default_hide name="com.whatsapp"/>
    <default_hide name="com.bbm"/>
    <default_hide name="com.facebook.orca"/>
    <default_hide name="jp.naver.line.android"/>
    <default_hide name="com.facebook.katana"/>
    <default_hide name="com.instagram.android"/>
    <default_hide name="com.skype.raider"/>
    <default_hide name="com.viber.voip"/>
    <default_hide name="com.bsb.hike"/>
    <default_hide name="org.telegram.messenger"/>
    <default_hide name="com.imo.android.imoim"/>
    <default_hide name="com.zing.zalo"/>
    <default_hide name="com.tencent.android.qqdownloader"/>
    <default_hide name="com.nearme.play"/>



    <!--PIP prompt disappears time-->
    <pip_weixin_timeout value="60000"/>
    <pip_disappear_timeout name="com.tencent.mm" value="60000"/>
    <pip_disappear_timeout name="com.whatsapp" value="60000"/>
    <pip_disappear_timeout name="com.facebook.orca" value="60000"/>

    <!--Game Auto Clear Threshold -->
    <!-- key : totalMemSize -->
    <!-- value : threshold -->
    <mem_clear_threshold key="10" value="1024"/>
    <mem_clear_threshold key="8" value="1024"/>
    <mem_clear_threshold key="6" value="1024"/>
    <mem_clear_threshold key="4" value="800"/>
    <mem_clear_threshold key="3" value="600"/>
    <mem_clear_threshold key="2" value="600"/>

    <!-- pre download game-->
    <!-- unit : minutes -->
    <gamediff_check_interval value="300" />
    <gamediff_download_interval value="10" />
    <!-- unit : day -->
    <gamediff_download_low_battery_thresh value="20" />
    <gamediff_timeout value="14" />
    <game_active_timeout value="14" />
    <!-- support pre download game list-->
    <pre_download name="com.tencent.tmgp.speedmobile"  label= "QQ飞车"/>
    <pre_download name="com.tencent.hyrzol"  label = "火影忍者OL"/>
    <pre_download name="com.tencent.lzhx"  label= "龙族幻想"/>
    <pre_download name="com.tencent.tmgp.projectg"  label= "和平精英体验服"/>
    <pre_download name="com.tencent.tmgp.pubgmhd"  label= "和平精英"/>

    <!--support game shock list-->
    <game_shock name="com.tencent.tmgp.sgame" label="王者荣耀" description="在击杀时振动，并匹配连杀次数">
        <scene-data sceneValue="1" effectId="54"/>
        <scene-data sceneValue="2" effectId="59"/>
        <scene-data sceneValue="3" effectId="55"/>
        <scene-data sceneValue="4" effectId="56"/>
        <scene-data sceneValue="5" effectId="57"/>
        <scene-data sceneValue="6" effectId="58"/>
        <scene-data sceneValue="11" effectId="59"/>
        <scene-data sceneValue="12" effectId="60"/>
        <scene-data sceneValue="13" effectId="61"/>
        <scene-data sceneValue="14" effectId="62"/>
        <scene-data sceneValue="15" effectId="63"/>
    </game_shock>

    <game_shock name="com.netease.lztg.nearme.gamecenter" label="量子特攻" description="在击杀时振动，并匹配连杀次数">
        <scene-data sceneValue="1" effectId="75"/>
        <scene-data sceneValue="2" effectId="77"/>
    </game_shock>
    <game_shock_ai>
        <game name="com.tencent.tmgp.pubgmhd" label="和平精英" description="在开枪时振动，并匹配枪械类型"/>
    </game_shock_ai>

    <gameRecordCardId value="11115"/>
    <show_game_record_switch value= "1" />

    <show_change_voice_switch value= "1" />
    <magic_voice_supported_game name= "com.c2vl.kgamebox" />
    <magic_voice_supported_game name= "com.tencent.tmgp.sgame" />
    <magic_voice_supported_game name= "com.tencent.tmgp.pubgmhd" />
    <magic_voice_supported_game name= "com.tencent.tmgp.cf" />
    <magic_voice_supported_game name= "com.tencent.tmgp.speedmobile" />
    <magic_voice_supported_game name= "com.tencent.lolm" />
    <magic_voice_supported_game name= "com.tencent.KiHan" />
    <magic_voice_supported_game name= "com.ztgame.bob" />
    <magic_voice_supported_game name= "com.supercell.clashofclans.nearme.gamecenter" />
    <magic_voice_supported_game name= "com.minitech.miniworld.nearme.gamecenter" />
    <magic_voice_supported_game name= "com.netease.mc.nearme.gamecenter" />
    <magic_voice_supported_game name= "com.netease.mrzh.nearme.gamecenter" />
    <magic_voice_supported_game name= "com.netease.dwrg.nearme.gamecenter" />
    <magic_voice_supported_game name= "com.supercell.clashroyale.nearme.gamecenter" />
    <magic_voice_supported_game name= "com.ChillyRoom.nearme.gamecenter" />
    <magic_voice_supported_game name= "com.supercell.boombeach.nearme.gamecenter" />
    <magic_voice_supported_game name= "com.miHoYo.bh3.nearme.gamecenter" />
    <magic_voice_supported_game name= "com.sgshd.nearme.gamecenter" />
    <magic_voice_supported_game name= "com.wepie.snake.nearme.gamecenter" />
    <magic_voice_supported_game name= "com.netease.onmyoji.nearme.gamecenter" />
    <magic_voice_supported_game name= "com.tencent.tmgp.sgamece" />
    <magic_voice_supported_game name= "com.aligames.kuang.kybc.nearme.gamecenter" />
    <magic_voice_supported_game name= "com.blizzard.wtcg.hearthstone" />
    <magic_voice_supported_game name= "com.hdqy.nearme.gamecenter" />
    <magic_voice_supported_game name= "com.netease.lztg.nearme.gamecenter" />
    <magic_voice_supported_game name= "com.hegu.dnl.oppo.nearme.gamecenter" />
    <magic_voice_supported_game name= "com.baitian.alx.alxsy.nearme.gamecenter" />
    <magic_voice_supported_game name= "com.bairimeng.dmmdzz.nearme.gamecenter" />
    <magic_voice_supported_game name= "com.pandadastudio.ninjamustdie3.nearme.gamecenter" />
    <magic_voice_supported_game name= "com.xyjx.hardtime.nearme.gamecenter" />
    <magic_voice_supported_game name= "com.tencent.tmgp.qqx5" />
    <magic_voice_supported_game name= "com.sofunny.Sausage" />
    <magic_voice_supported_game name= "com.shiyue.sszg.nearme.gamecenter" />
    <magic_voice_supported_game name= "com.tencent.tmgp.NBA" />
    <magic_voice_supported_game name= "com.popcap.pvz2cthdop" />
    <magic_voice_supported_game name= "com.tq.he.nearme.gamecenter" />
    <magic_voice_supported_game name= "com.tencent.shootgame" />
    <magic_voice_supported_game name= "com.greatefunhy.sdgs.nearme.gamecenter" />
    <magic_voice_supported_game name= "com.hsh.cqyzs.nearme.gamecenter" />
    <magic_voice_supported_game name= "nn4.nearme.gamecenter" />
    <magic_voice_supported_game name= "com.yxkx.zzys.nearme.gamecenter" />
    <magic_voice_supported_game name= "com.netease.hyxd.nearme.gamecenter" />
    <magic_voice_supported_game name= "com.tencent.game.rhythmmaster" />
    <magic_voice_supported_game name= "com.yingxiong.heroo.nearme.gamecenter" />
    <magic_voice_supported_game name= "com.yinhan.skzh.nearme.gamecenter" />
    <magic_voice_supported_game name= "com.qqgame.mic" />
    <magic_voice_supported_game name= "com.tencent.fifamobile" />
    <magic_voice_supported_game name= "com.netease.stzb.nearme.gamecenter" />
    <magic_voice_supported_game name= "com.playcrab.achillesrxj.nearme.gamecenter" />
    <magic_voice_supported_game name= "com.ledou.mhhy.nearme.gamecenter" />
    <magic_voice_supported_game name= "com.netease.my.nearme.gamecenter" />
    <magic_voice_supported_game name= "com.netease.moba.nearme.gamecenter" />
    <magic_voice_supported_game name= "com.hero.sm.nearme.gamecenter" />
    <magic_voice_supported_game name= "com.sy.ydcs.nearme.gamecenter" />
    <magic_voice_supported_game name= "com.tencent.tmgp.qjnn" />
    <magic_voice_supported_game name= "com.tencent.gwgo" />
    <magic_voice_supported_game name= "com.tencent.tmgp.tstl" />

    <show_game_hqv_switch value= "1" />
    <hqv_switch_time_after_show_float_view value= "70" />
    <show_hqv_float_view_time value= "900" />
    <show_hqv_disable_dock_time value= "600" />
    <!--support game hqv list-->
    <game_hqv name="com.tencent.tmgp.sgame" label="王者荣耀">
        <config-data key='vendor.qti-ext-vpp-aie.ltm-ace-brightness-high' value='40'/>
        <config-data key='vendor.qti-ext-vpp-aie.ltm-ace-brightness-low' value='35'/>
        <config-data key='vendor.qti-ext-vpp-aie.ltm-ace-str' value='35'/>
        <config-data key='vendor.qti-ext-vpp-aie.ltm-sat-gain' value='60'/>
        <config-data key='vendor.qti-ext-vpp-demo.mode' value='0'/>
        <config-data key='vendor.qti-ext-vpp-aie.ltm-sat-offset' value='65'/>
        <config-data key='vendor.qti-ext-vpp-aie.cade-level' value='30'/>
    </game_hqv>
    <game_hqv name="com.tencent.tmgp.sgamece" label="王者荣耀">
        <config-data key='vendor.qti-ext-vpp-aie.ltm-ace-brightness-high' value='40'/>
        <config-data key='vendor.qti-ext-vpp-aie.ltm-ace-brightness-low' value='35'/>
        <config-data key='vendor.qti-ext-vpp-aie.ltm-ace-str' value='35'/>
        <config-data key='vendor.qti-ext-vpp-aie.ltm-sat-gain' value='60'/>
        <config-data key='vendor.qti-ext-vpp-demo.mode' value='0'/>
        <config-data key='vendor.qti-ext-vpp-aie.ltm-sat-offset' value='65'/>
        <config-data key='vendor.qti-ext-vpp-aie.cade-level' value='30'/>
    </game_hqv>
    <game_hqv name="com.tencent.tmgp.pubgmhd" label="和平精英">
        <config-data key='vendor.qti-ext-vpp-aie.ltm-ace-brightness-high' value='40'/>
        <config-data key='vendor.qti-ext-vpp-aie.ltm-ace-brightness-low' value='35'/>
        <config-data key='vendor.qti-ext-vpp-aie.ltm-ace-str' value='35'/>
        <config-data key='vendor.qti-ext-vpp-aie.ltm-sat-gain' value='65'/>
        <config-data key='vendor.qti-ext-vpp-demo.mode' value='0'/>
        <config-data key='vendor.qti-ext-vpp-aie.ltm-sat-offset' value='65'/>
        <config-data key='vendor.qti-ext-vpp-aie.cade-level' value='30'/>
    </game_hqv>
    <game_hqv name="com.netease.wotb.nearme.gamecenter" label="坦克世界闪电战">
        <config-data key='vendor.qti-ext-vpp-aie.ltm-ace-brightness-high' value='90'/>
        <config-data key='vendor.qti-ext-vpp-aie.ltm-ace-brightness-low' value='80'/>
        <config-data key='vendor.qti-ext-vpp-aie.ltm-ace-str' value='70'/>
        <config-data key='vendor.qti-ext-vpp-aie.ltm-sat-gain' value='80'/>
        <config-data key='vendor.qti-ext-vpp-demo.mode' value='0'/>
        <config-data key='vendor.qti-ext-vpp-aie.ltm-sat-offset' value='50'/>
        <config-data key='vendor.qti-ext-vpp-aie.cade-level' value='50'/>
    </game_hqv>
    <game_hqv name="com.tencent.tmgp.dpcq" label="斗破苍穹">
        <config-data key='vendor.qti-ext-vpp-aie.ltm-ace-brightness-high' value='100'/>
        <config-data key='vendor.qti-ext-vpp-aie.ltm-ace-brightness-low' value='100'/>
        <config-data key='vendor.qti-ext-vpp-aie.ltm-ace-str' value='70'/>
        <config-data key='vendor.qti-ext-vpp-aie.ltm-sat-gain' value='100'/>
        <config-data key='vendor.qti-ext-vpp-demo.mode' value='0'/>
        <config-data key='vendor.qti-ext-vpp-aie.ltm-sat-offset' value='60'/>
        <config-data key='vendor.qti-ext-vpp-aie.cade-level' value='80'/>
    </game_hqv>

    <invalid_resource name="com.tencent.tmgp.projectg" website="https://gp.qq.com/cp/a20190531experiencem/index.shtml"/>
    <!--support game color plus2.0 list-->
    <game_gcp default_value="260">
        <config name="com.tencent.tmgp.sgame" label="王者荣耀" value="258"/>
        <config name="com.tencent.tmgp.pubgmhd" label="和平精英" value="259"/>
        <config name="com.happyelements.AndroidAnimal" label="开心消消乐"/>
        <config name="com.tencent.tmgp.cf" label="穿越火线：枪战王者"/>
        <config name="com.tencent.tmgp.speedmobile" label="QQ飞车"/>
        <config name="com.mfp.jelly.oppo" label="宾果消消消"/>
        <config name="com.tencent.peng" label="天天爱消除"/>
        <config name="com.tencent.KiHan" label="火影忍者"/>
        <config name="com.ztgame.bob" label="球球大作战"/>
        <config name="com.tencent.pao" label="天天酷跑"/>
        <config name="com.minitech.miniworld.nearme.gamecenter" label="迷你世界"/>
        <config name="com.supercell.clashofclans.nearme.gamecenter" label="部落冲突"/>
        <config name="com.outfit7.talkingtomgoldrun.nearme.gamecenter" label="汤姆猫跑酷"/>
        <config name="com.netease.tom.nearme.gamecenter" label="猫和老鼠"/>
        <config name="com.ChillyRoom.nearme.gamecenter" label="元气骑士"/>
        <config name="com.minitech.miniworld" label="迷你世界"/>
        <config name="com.supercell.clashofclans" label="部落冲突"/>
        <config name="com.outfit7.talkingtomgoldrun" label="汤姆猫跑酷"/>
        <config name="com.netease.tom" label="猫和老鼠"/>
        <config name="com.ChillyRoom" label="元气骑士"/>
    </game_gcp>

    <game_bp>
        <config-screen name="720" value="" />
        <config-screen name="1080" value="142:2118:118:45:132:50:2330:274:451" />
        <config-screen name="1440" value="173:2808:159:61:175:97:3065:366:603" />

        <item value="533:0110011000101001010001010100001111010010011001100010100010001001" />
        <item value="116:0101011001001010110011101010010010011110011111100101100001101011" />
        <item value="142:0100111000001111110011110101111100001010111011010101100001010100" />
        <item value="120:1001101000010110100110101000110101001010011010001011000011011010" />
        <item value="196:1100100110010101110110101010010101011101001011110011111010101011" />
        <item value="195:1101010101110010001011100010110010001100110101000110101011100000" />
        <item value="119:0000110100001100001011000110010010000110010010101100001111010011" />
        <item value="157:0100101110101101000111100011000010001001101110000101101100000100" />
        <item value="184:1001110101111010010011101011011100001110100101100110110110101001" />
        <item value="128:1100101001000111101001110110101110011110101011010101101111100100" />
        <item value="515:0111010001011111100110010101010111001101010001100101011100101011" />
        <item value="177:0010010010110000101011001010010111010101011101100100011101001001" />
        <item value="144:0110110100011101100101101000111101101101101011010101110001110100" />
        <item value="134:0100001011000110011001000001011000101100100101011001101111010001" />
        <item value="109:1101011110010111001110110011001110001110100101001100100011100001" />
        <item value="191:1001100101010011101101001010111000001111100001000010101010001001" />
        <item value="133:1100110011011101101101011100011010101110100101101101111111011001" />
        <item value="129:1101000111011011110110011000111011011101010100101010110000100100" />
        <item value="141:1111010111101111110110101010110010010110101101101101100010010011" />
        <item value="187:1101100110011101100100110010111000011110010100100001001010001011" />
        <item value="509:0011110101111010100111100100110001101001000011000000011100010010" />
        <item value="508:1111000110011100100111100111011001000110010001101011010110110011" />
        <item value="182:1011010100011000010011010000111111010100000011000010101010101001" />
        <item value="115:0011101001101010101101101101101001000110101011101010011010100101" />
        <item value="199:1101101101110110110000111001001111011100000111000101101001101010" />
        <item value="130:1101000111001101110011011101010010011110001011000010100000101001" />
        <item value="140:0110110010101001010010111010101111000101110101100100111010100111" />
        <item value="189:1011101011010100001011001011000010100001011010111000101110110100" />
        <item value="169:0000110001000110010101010101100111010011010110111000010101011001" />
        <item value="154:1100001010010101101010001101100010000010110010000100110000001100" />
        <item value="192:1100010101010101101101100000101000011010101001111100110101010011" />
        <item value="148:0001110100101110010111110010010100110010001111100111101111111101" />
        <item value="531:1100101110001101101000001101010010010110100101000111000001011000" />
        <item value="163:1110111001000101010001101000110100010010000011000000111001001100" />
        <item value="193:1110111111010111110011110101011101000111100110110100011111100101" />
        <item value="503:0001101110111001010011110001101101011101010110100001001001100001" />
        <item value="153:0010101001011001101001100101101101010010110110011001111011010100" />
        <item value="139:0001100000101110000111100001011010001011101010010100111110001111" />
        <item value="131:1110110001101010011001010000110100001110100100111100101101101100" />
        <item value="507:0011010100101111001001110010111000001101000110110100110110101101" />
        <item value="173:0111000110010001010011010100000111010110110001111011100111000011" />
        <item value="105:1010101011100001110100101101011001101101111011110111010110111011" />
        <item value="149:0010101101101000010100101010101000101011000110110010110111100001" />
        <item value="170:0010101000101111100111101001110000100111100010001101001011100010" />
        <item value="114:0010110011100000010001001001001010010001101100100100001010011001" />
        <item value="146:0001011001001110000010010010101000001011010010110101011010110011" />
        <item value="525:0101001010001001001101001001000011000110011001011010010011100101" />
        <item value="112:0101100010001100010111100011011010111100101010111101110000011001" />
        <item value="123:1111001110111000101110001011011010101101010010101101100011001011" />
        <item value="518:0101010101101011010110100100110000010110011011011110100010111001" />
        <item value="132:0011110110001101111001011010100101011101000010111000011101100010" />
        <item value="527:1110110111010000110011001100110010001010001010101000010110010011" />
        <item value="524:1010110001100100011100010110011011000111101010101100010110110001" />
        <item value="198:0010001011001101000001000001111000110101010100111000011111100110" />
        <item value="504:1001001101001100011010101010101000000110010001111110011111100100" />
        <item value="121:0001001001101110110001010100110000101111010011001110010011001010" />
        <item value="501:0001101101011101001001100111100000011101000110111011001101110111" />
        <item value="108:1101010001011010000101010010010111110001101100110011011000101101" />
        <item value="180:1100010100010010000001101110001110010101100110111001010101101011" />
        <item value="162:1110000111100001110010000110101010101110101011110010110110111001" />
        <item value="168:0110101101010011110000101000011110001010101001000110010000101001" />
        <item value="179:0010001000101011010011001011110010010100101010011010111010100010" />
        <item value="529:0001010110101011010010110110100110101000101010000000010101001110" />
        <item value="502:1111100011101000110100101101101110001111110011001100111001111101" />
        <item value="513:1010001010010000011010100010001000100011100011011010011011000110" />
        <item value="312:0000100100010000001010100101101110100101101010101011110110010101" />
        <item value="137:1101100010100100100110001001000010111010000110011010010011001110" />
        <item value="194:1010101011101011011100010001000101001000101101001110101000101101" />
        <item value="118:1110011101100111011000010110010101000111110010001010101011010001" />
        <item value="510:0011111000101110011111111101110011010111110001100110101000100010" />
        <item value="111:0110110001010100100010100100111001010110100001101010111101100111" />
        <item value="167:0000101101001101001011101010011111001100101000011110110000110100" />
        <item value="186:1011000100100100010100011101101011100100010100011010010110101001" />
        <item value="152:0110100110001001101100111010111000101110100011100010011000011000" />
        <item value="523:1010000010100011010000100100011011001110000011000010100000101000" />
        <item value="126:0110011101110111011100100001001010101100100011001000101110100011" />
        <item value="135:1101010111001110100101111011010010001001110100110111010111100111" />
        <item value="106:1010010010011001000100011010100101001111010010111011011111100101" />
        <item value="183:1001101100110110101100111001011011010101101010011010101010010000" />
        <item value="166:0011011001010011010000111010101111000010110011101010110110101000" />
        <item value="178:0010010110101001001011010110110100000101010010100111001101110011" />
        <item value="176:1101011101001110010001110110110100011110100011001000110001001110" />
        <item value="505:1010101101001100101010111101001110001101110101011001111000011100" />
        <item value="522:1010011010000110010100101001010010010010010110000100110101001001" />
        <item value="197:0111100001101011101110111010101101100110100001011110101011100100" />
        <item value="110:1011001111100111010001011010010001010100001010000110100101001011" />
        <item value="174:0011011000011010101001111101101100101100001001000011001010010001" />
        <item value="125:1110101101001011000100111001101100101101010100100111101100110101" />
        <item value="506:0111011101011001001011100010111001101011100011010111100101110001" />
        <item value="171:0110110111001101110110100100101110001101101010101101000110101100" />
        <item value="156:0010010100110000000100001000101110001000010010100010101010101010" />
        <item value="107:1010111100101111011010111101010111011110110011000011010100111010" />
        <item value="127:1100100011101000111000001110001111100100110000101110001011111000" />
        <item value="175:1000101110001110000101001001010010010100110010010100010001000100" />
        <item value="117:0110011001001101010111100100110101001100010000111100010101011001" />
        <item value="124:1000010100010111101011100010111011000110110101110110110000110101" />
        <item value="190:1100111101000101111001111101001100101101100001111010100100101010" />
        <item value="511:1001100011001010101001010001110110001011100110110101011110110101" />
        <item value="113:0110000100110100001101110100110010000101100010111010011101010101" />
        <item value="150:1100010010100011101000110001011001001010110000101100011001101101" />
        <item value="136:1010011011001100110010101001101010010010110011001001001000110010" />
        <item value="1000:0000000000000000000101000000010000000100000101000000000000000000" />
    </game_bp>

    <!--game filter-->
    <game_filter_switch value = "1"/>
    <game_filter_supported_game name="com.tencent.tmgp.sgame" label="王者荣耀"/>
    <game_filter_supported_game name="com.tencent.tmgp.pubgmhd" label="和平精英"/>
    <game_filter_supported_game name="com.netease.onmyoji" label="阴阳师"/>
    <game_filter_supported_game name="com.netease.onmyoji.nearme.gamecenter" label="阴阳师"/>
    <game_filter_supported_game name="com.netease.dwrg" label="第五人格"/>
    <game_filter_supported_game name="com.netease.dwrg.nearme.gamecenter" label="第五人格"/>

    <game_filter_type_switch name="game_filter_type_switch">
        <config name="none" value="1" />
        <config name="invert" value="1" />
        <config name="cel_shading" value="1" />
        <config name="hdr" value="1" />
        <config name="old_movie" value="1" />
        <config name="night_vision" value="1" />
    </game_filter_type_switch>

    <!-- assistant suggest switch:1 open   0 close -->
    <assistant_suggest_switch value="1"/>
    <mutual_exclusion_interval value="1"/>
    <!-- count : show Times -->
    <!-- intervals : time interval -->
    <assistant_suggest_frequency key="key_battery" count="-1" intervals= "-1" weights="-1"/>
    <assistant_suggest_frequency key="key_game_shock" count="1" intervals="-1" weights="4"/>
    <assistant_suggest_frequency key="key_ompetitive_mode" count="1" intervals= "-1" weights="5"/>
    <assistant_suggest_frequency key="key_refuse_call" count="1" intervals= "-1" weights="2"/>
    <assistant_suggest_frequency key="key_speed_game_info" count="3" intervals= "-1" weights="7"/>
    <assistant_suggest_frequency key="key_cf_game_info" count="3" intervals= "-1" weights="7"/>
    <assistant_suggest_frequency key="key_nba_game_info" count="3" intervals= "-1" weights="7"/>
    <assistant_suggest_frequency key="key_sgame_info" count="3" intervals= "-1" weights="7"/>
    <assistant_suggest_frequency key="key_pubgmhd_info" count="3" intervals= "-1" weights="7"/>
    <assistant_suggest_frequency key="key_speedup_in_info" count="3" intervals= "-1" weights="1"/>
    <assistant_suggest_frequency key="key_speedup_info" count="3" intervals= "-1" weights="1"/>
    <assistant_suggest_frequency key="key_speedup_vip_info" count="3" intervals= "-1" weights="1"/>

    <game_tagp name= "com.tencent.tmgp.sgame" />
    <game_tagp name= "com.tencent.tmgp.pubgmhd" />
    <game_tagp name= "com.tencent.tmgp.cf" />
    <game_tagp name= "com.tencent.af" />
    <game_tagp name= "com.tencent.tmgp.speedmobile" />
    <game_tagp name= "com.tencent.tmgp.NBA" />
    <game_tagp name= "com.tencent.kof" />
    <game_tagp name= "com.tencent.tmgp.pubgm" />
    <game_tagp name= "com.tencent.raziel" />

    <brand_adfr brand="OPPO" switch="0" />
    <brand_adfr brand="REALME" switch="0" />
    <brand_adfr brand="ONEPLUS" switch="0" />

    <game_adfr name="com.tencent.tmgp.sgame" label="王者荣耀" brightness="4200" switch="0"/>
    <game_adfr name="com.riotgames.league.wildrift" label="英雄联盟" brightness="4200" switch="0"/>
    <game_adfr name="com.riotgames.league.wildrifttw" label="英雄联盟" brightness="4200" switch="0"/>
    <game_adfr name="com.tencent.tmgp.speedmobile" label="QQ飞车" brightness="4200" switch="0"/>
    <game_adfr name="com.tencent.qqspmi" label="QQ飞车(海外版)" brightness="4200" switch="0"/>
    <game_adfr name="com.tencent.tmgp.cod" label="使命召唤" brightness="5100" switch="0"/>
    <game_adfr name="com.garena.game.codm" label="使命召唤" brightness="5100" switch="0"/>
    <game_adfr name="com.activision.callofduty.shooter" label="使命召唤(海外版)" brightness="5100" switch="0"/>
    <game_adfr name="com.tencent.tmgp.pubgmhd" label="和平精英" brightness="5100" switch="0"/>
    <game_adfr name="com.tencent.ig" label="和平精英(海外版)" brightness="5100" switch="0"/>

    <adfr_suggest duid="14EE9A13D52A4B4D9AD08B9988CFF1CBEC7D424979CC9C512D66E0FB413BFC59" />
    <adfr_suggest duid="ACD50FCA7C0C4D939FCF1B06DD69FE7BEC7D424979CC9C51A58918283D07998C" />

</filter-conf>
