<?xml version="1.0" encoding="utf-8"?>
<permissions>
    <privapp-permissions package="com.miui.player">
        <permission name="android.permission.WRITE_MEDIA_STORAGE"/>
        <permission name="android.permission.MOUNT_UNMOUNT_FILESYSTEMS"/>
        <permission name="android.permission.GET_ACCOUNTS_PRIVILEGED"/>
        <permission name="android.permission.INTERACT_ACROSS_USERS"/>
        <permission name="android.permission.music.ACCESS_DOWNLOAD_MANAGER"/>
        <permission name="android.permission.STOP_APP_SWITCHES"/>
        <permission name="android.permission.ACCESS_MEDIA_LOCATION"/>
        <permission name="android.permission.MANAGE_EXTERNAL_STORAGE"/>
    </privapp-permissions>
</permissions>




