<?xml version='1.0' encoding='utf-8' standalone='yes' ?>
<map>
    <string name="dsp.bs2b.mode">5</string>
    <boolean name="dsp.masterswitch.enable" value="true" />
    <string name="dsp.stereowide.mode">60</string>
    <string name="dsp.tone.eq">custom</string>
    <string name="dsp.compression.maxrel">150</string>
    <string name="dsp.compression.maxatk">20</string>
    <boolean name="dsp.bass.enable" value="true" />
    <string name="dsp.convolver.resampler"></string>
    <string name="dsp.masterswitch.limthreshold">-0.1</string>
    <boolean name="dsp.compression.enable" value="false" />
    <boolean name="dsp.tone.enable" value="true" />
    <string name="dsp.masterswitch.limrelease">60.0</string>
    <string name="dsp.convolver.mode">0</string>
    <string name="dsp.convolver.advimp">-80;-100;0;0;0;0</string>
    <boolean name="dsp.streq.enable" value="false" />
    <boolean name="dsp.analogmodelling.enable" value="true" />
    <string name="dsp.headphone.preset">15</string>
    <boolean name="dsp.headphone.enable" value="false" />
    <string name="dsp.analogmodelling.tubedrive">2.5</string>
    <boolean name="dsp.convolver.enable" value="false" />
    <string name="dsp.convolver.files">/storage/emulated/0/JamesDSP/Convolver/Huber_K50G_GameAudioTurbo.wav</string>
    <boolean name="dsp.liveprog.enable" value="true" />
    <string name="dsp.streq.stringp">GraphicEQ: 0.0 0.0; </string>
    <string name="dsp.tone.filtertype">0</string>
    <string name="dsp.tone.eq.custom">25.0000000;40.0000000;63.0000000;100.0000000;160.0000000;250.0000000;400.0000000;630.0000000;1000.0000000;1600.0000000;2500.0000000;4000.0000000;6300.0000000;10000.0000000;16000.0000000;-15.0000000;-15.0000000;1.7947474;-12.8638134;-3.8857021;-7.2446499;-0.6070032;0.9017496;0.1094360;0.5909529;1.2913427;-1.5072956;2.8672180;1.5102139;1.1308365;</string>
    <string name="dsp.compression.adaptspeed">100</string>
    <string name="dsp.bass.maxgain">3</string>
    <string name="dsp.masterswitch.postgain">5.5</string>
    <string name="dsp.tone.interpolation">1</string>
    <string name="dsp.ddc.files"></string>
    <string name="dsp.liveprog.files">/storage/emulated/0/JamesDSP/liveprog/dc_remove.eel</string>
</map>
