<?xml version="1.0" encoding="UTF-8"?>
<!--拉出稳定版本分支后，建议将此分支改为dev，与开发版本同步-->
<!--已加入两个游戏进程及MiSound(Huber_HaYu)-->
<audio_karoake_list>
    <app name="com.tencent.karaoke"/>
    <app name="com.changba"/>
    <app name="com.smile.gifmaker"/>
    <app name="com.sl.whale"/>
    <app name="com.netease.play"/>
    <app name="com.vv51.mvbox"/>
    <app name="com.netease.cloudmusic"/>
    <app name="com.xiaochang.claw"/>
    <app name="com.tencent.ibg.joox"/>
    <app name="com.netease.karaoke"/>
    <app name="com.kugou.android.ktvapp"/>
    <app name="com.kugou.android"/>
    <app name="com.android.camera"/>
    <app name="com.tencent.qqmusic"/>
    <app name="com.tme.qqmusic.mlive"/>
    <app name="com.tencent.wesing"/>
    <app name="com.duoduo.opera"/>
    <app name="com.kwai.hisense"/>
    <app name="com.ss.android.ugc.aweme"/>
    <app name="com.ss.android.ugc.aweme.lite"/>
    <app name="com.xiaochang.easylive"/>
    <app name="com.miui.player"/>
    <app name="cn.banshenggua.aichang"/>
    <app name="com.aichang.yage"/>
    <app name="com.kuaiyuhudong.djshow"/>
    <app name="com.tencent.mobileqq"/>
    <app name="com.miui.misound"/>
    <app name="com.miHoYo.Yuanshen"/>
    <app name="com.miHoYo.enterprise.NGHSoD"/>
    <app name="sing.hising.social.live"/>
</audio_karoake_list>
