<fonts-modification version="1">
    <family customizationType="new-named-family" name="google-sans">
        <font weight="100" style="normal">Roboto-Regular.ttf
            <axis tag="wght" stylevalue="125.0" />
            <axis tag="wdth" stylevalue="100.0" />
            <axis tag="ital" stylevalue="0" />
        </font>
        <font weight="200" style="normal">Roboto-Regular.ttf
            <axis tag="wght" stylevalue="225.0" />
            <axis tag="wdth" stylevalue="100.0" />
            <axis tag="ital" stylevalue="0" />
        </font>
        <font weight="300" style="normal">Roboto-Regular.ttf
            <axis tag="wght" stylevalue="325.0" />
            <axis tag="wdth" stylevalue="100.0" />
            <axis tag="ital" stylevalue="0" />
        </font>
        <font weight="400" style="normal">Roboto-Regular.ttf
            <axis tag="wght" stylevalue="425.0" />
            <axis tag="wdth" stylevalue="100.0" />
            <axis tag="ital" stylevalue="0" />
        </font>
        <font weight="500" style="normal">Roboto-Regular.ttf
            <axis tag="wght" stylevalue="525.0" />
            <axis tag="wdth" stylevalue="100.0" />
            <axis tag="ital" stylevalue="0" />
        </font>
        <font weight="600" style="normal">Roboto-Regular.ttf
            <axis tag="wght" stylevalue="625.0" />
            <axis tag="wdth" stylevalue="100.0" />
            <axis tag="ital" stylevalue="0" />
        </font>
        <font weight="700" style="normal">Roboto-Regular.ttf
            <axis tag="wght" stylevalue="725.0" />
            <axis tag="wdth" stylevalue="100.0" />
            <axis tag="ital" stylevalue="0" />
        </font>
        <font weight="800" style="normal">Roboto-Regular.ttf
            <axis tag="wght" stylevalue="825.0" />
            <axis tag="wdth" stylevalue="100.0" />
            <axis tag="ital" stylevalue="0" />
        </font>
        <font weight="900" style="normal">Roboto-Regular.ttf
            <axis tag="wght" stylevalue="900.0" />
            <axis tag="wdth" stylevalue="100.0" />
            <axis tag="ital" stylevalue="0" />
        </font>
        <font weight="100" style="italic">Roboto-Regular.ttf
            <axis tag="wght" stylevalue="125.0" />
            <axis tag="wdth" stylevalue="100.0" />
            <axis tag="ital" stylevalue="1" />
        </font>
        <font weight="200" style="italic">Roboto-Regular.ttf
            <axis tag="wght" stylevalue="225.0" />
            <axis tag="wdth" stylevalue="100.0" />
            <axis tag="ital" stylevalue="1" />
        </font>
        <font weight="300" style="italic">Roboto-Regular.ttf
            <axis tag="wght" stylevalue="325.0" />
            <axis tag="wdth" stylevalue="100.0" />
            <axis tag="ital" stylevalue="1" />
        </font>
        <font weight="400" style="italic">Roboto-Regular.ttf
            <axis tag="wght" stylevalue="425.0" />
            <axis tag="wdth" stylevalue="100.0" />
            <axis tag="ital" stylevalue="1" />
        </font>
        <font weight="500" style="italic">Roboto-Regular.ttf
            <axis tag="wght" stylevalue="525.0" />
            <axis tag="wdth" stylevalue="100.0" />
            <axis tag="ital" stylevalue="1" />
        </font>
        <font weight="600" style="italic">Roboto-Regular.ttf
            <axis tag="wght" stylevalue="625.0" />
            <axis tag="wdth" stylevalue="100.0" />
            <axis tag="ital" stylevalue="1" />
        </font>
        <font weight="700" style="italic">Roboto-Regular.ttf
            <axis tag="wght" stylevalue="725.0" />
            <axis tag="wdth" stylevalue="100.0" />
            <axis tag="ital" stylevalue="1" />
        </font>
        <font weight="800" style="italic">Roboto-Regular.ttf
            <axis tag="wght" stylevalue="825.0" />
            <axis tag="wdth" stylevalue="100.0" />
            <axis tag="ital" stylevalue="1" />
        </font>
        <font weight="900" style="italic">Roboto-Regular.ttf
            <axis tag="wght" stylevalue="900.0" />
            <axis tag="wdth" stylevalue="100.0" />
            <axis tag="ital" stylevalue="1" />
        </font>
    </family>
    <alias name="google-sans-medium" to="google-sans" weight="500" />

    <family customizationType="new-named-family" name="arbutus-slab">
      <font weight="400" style="normal">ArbutusSlab-Regular.ttf</font>
    </family>

    <family customizationType="new-named-family" name="lato">
      <font weight="400" style="normal">Lato-Regular.ttf</font>
      <font weight="400" style="italic">Lato-Italic.ttf</font>
      <font weight="700" style="normal">Lato-Bold.ttf</font>
      <font weight="700" style="italic">Lato-BoldItalic.ttf</font>
    </family>
    <alias name="lato-bold" to="lato" weight="700" />

    <family customizationType="new-named-family" name="rubik">
      <font weight="400" style="normal">Rubik-Regular.ttf</font>
      <font weight="400" style="italic">Rubik-Italic.ttf</font>
      <font weight="500" style="normal">Rubik-Medium.ttf</font>
      <font weight="500" style="italic">Rubik-MediumItalic.ttf</font>
      <font weight="700" style="normal">Rubik-Bold.ttf</font>
      <font weight="700" style="italic">Rubik-BoldItalic.ttf</font>
    </family>
    <alias name="rubik-medium" to="rubik" weight="500" />

    <family customizationType="new-named-family" name="zilla-slab-medium">
      <font weight="500" style="normal">ZillaSlab-Medium.ttf</font>
      <font weight="500" style="italic">ZillaSlab-MediumItalic.ttf</font>
      <font weight="600" style="normal">ZillaSlab-SemiBold.ttf</font>
      <font weight="600" style="italic">ZillaSlab-SemiBoldItalic.ttf</font>
    </family>
    <alias name="zilla-slab-semi-bold" to="zilla-slab-medium" weight="600" />
</fonts-modification>
