<?xml version="1.0" encoding="UTF-8" standalone="yes"?>
<!-- Copyright (C) 2016 The Android Open Source Project

     Licensed under the Apache License, Version 2.0 (the "License");
     you may not use this file except in compliance with the License.
     You may obtain a copy of the License at

          http://www.apache.org/licenses/LICENSE-2.0

     Unless required by applicable law or agreed to in writing, software
     distributed under the License is distributed on an "AS IS" BASIS,
     WITHOUT WARRANTIES OR CONDITIONS OF ANY KIND, either express or implied.
     See the License for the specific language governing permissions and
     limitations under the License.
-->

<audioPolicyConfiguration version="1.0" xmlns:xi="http://www.w3.org/2001/XInclude">
    <!-- Global configuration Decalaration -->
    <globalConfiguration speaker_drc_enabled="true"/>

    <modules>
        <!-- Stub Audio HAL -->
        <xi:include href="stub_audio_policy_configuration.xml"/>

        <!-- Remote Submix Audio HAL -->
        <xi:include href="r_submix_audio_policy_configuration.xml"/>

    </modules>

    <xi:include href="audio_policy_volumes.xml"/>
    <xi:include href="default_volume_tables.xml"/>
    <xi:include href="surround_sound_configuration_5_0.xml"/>

</audioPolicyConfiguration>
