<rules>
  <service block="true" log="false">
    <component-filter name="com.coolapk.market/com.bytedance.sdk.openadsdk.multipro.aidl.BinderPoolService" />
    <component-filter name="com.coolapk.market/com.bytedance.tea.crash.upload.CrashUploadService" />
    <component-filter name="com.coolapk.market/com.inmobi.ads.ApkDownloader$ApkDownloadService" />
    <component-filter name="com.coolapk.market/com.ksad.download.service.DownloadService" />
    <component-filter name="com.coolapk.market/com.qq.e.comm.DownloadService" />
    <component-filter name="com.coolapk.market/com.ss.android.socialbase.appdownloader.DownloadHandlerService" />
    <component-filter name="com.coolapk.market/com.ss.android.socialbase.appdownloader.RetryJobSchedulerService" />
   <component-filter name="com.coolapk.market/com.mob68.ad.DownLoadService" />
   <component-filter name="com.coolapk.market/com.umeng.message.UmengDownloadResourceService" />
   <component-filter name="com.coolapk.market/com.umeng.message.XiaomiIntentService" />
  <component-filter name="com.coolapk.market/com.igexin.download.DownloadService" />
  <component-filter name="com.coolapk.market/com.igexin.sdk.PushService" />
  <component-filter name="com.coolapk.market/com.umeng.message.UmengIntentService" />
  <component-filter name="com.coolapk.market/com.umeng.message.UmengMessageCallbackHandlerService" />
  <component-filter name="com.coolapk.market/com.umeng.message.UmengMessageIntentReceiverService" />
  </service>
  <activity block="true" log="false">
    <component-filter name="com.coolapk.market/.app.AdsAppActivity" />
    <component-filter name="com.coolapk.market/com.bytedance.sdk.openadsdk.activity.TTDelegateActivity" />
    <component-filter name="com.coolapk.market/com.bytedance.sdk.openadsdk.activity.TTFullScreenExpressVideoActivity" />
    <component-filter name="com.coolapk.market/com.bytedance.sdk.openadsdk.activity.TTFullScreenVideoActivity" />
    <component-filter name="com.coolapk.market/com.bytedance.sdk.openadsdk.activity.TTLandingPageActivity" />
    <component-filter name="com.coolapk.market/com.bytedance.sdk.openadsdk.activity.TTPlayableLandingPageActivity" />
    <component-filter name="com.coolapk.market/com.bytedance.sdk.openadsdk.activity.TTRewardExpressVideoActivity" />
    <component-filter name="com.coolapk.market/com.bytedance.sdk.openadsdk.activity.TTRewardVideoActivity" />
    <component-filter name="com.coolapk.market/com.bytedance.sdk.openadsdk.activity.TTVideoLandingPageActivity" />
    <component-filter name="com.coolapk.market/com.bytedance.sdk.openadsdk.activity.base.TTDelegateActivity" />
    <component-filter name="com.coolapk.market/com.bytedance.sdk.openadsdk.activity.base.TTFullScreenExpressVideoActivity" />
    <component-filter name="com.coolapk.market/com.bytedance.sdk.openadsdk.activity.base.TTFullScreenVideoActivity" />
    <component-filter name="com.coolapk.market/com.bytedance.sdk.openadsdk.activity.base.TTMiddlePageActivity" />
    <component-filter name="com.coolapk.market/com.bytedance.sdk.openadsdk.activity.base.TTPlayableWebPageActivity" />
    <component-filter name="com.coolapk.market/com.bytedance.sdk.openadsdk.activity.base.TTRewardExpressVideoActivity" />
    <component-filter name="com.coolapk.market/com.bytedance.sdk.openadsdk.activity.base.TTRewardVideoActivity" />
    <component-filter name="com.coolapk.market/com.bytedance.sdk.openadsdk.activity.base.TTVideoScrollWebPageActivity" />
    <component-filter name="com.coolapk.market/com.bytedance.sdk.openadsdk.activity.base.TTVideoWebPageActivity" />
    <component-filter name="com.coolapk.market/com.bytedance.sdk.openadsdk.activity.base.TTWebPageActivity" />
    <component-filter name="com.coolapk.market/com.bytedance.sdk.openadsdk.dislike.TTDislikeWebViewActivity" />
    <component-filter name="com.coolapk.market/com.kwad.sdk.core.page.AdWebViewActivity" />
    <component-filter name="com.coolapk.market/com.kwad.sdk.fullscreen.KsFullScreenVideoActivity" />
    <component-filter name="com.coolapk.market/com.kwad.sdk.reward.KSRewardVideoActivity" />
    <component-filter name="com.coolapk.market/com.maplehaze.adsdk.AdDialogActivity" />
    <component-filter name="com.coolapk.market/com.maplehaze.adsdk.WebViewActivity" />
    <component-filter name="com.coolapk.market/com.mob68.ad.AdListActivity" />
    <component-filter name="com.coolapk.market/com.mob68.ad.VideoActivity" />
    <component-filter name="com.coolapk.market/com.openadx.banner.WebViewActivity" />
    <component-filter name="com.coolapk.market/com.qq.e.ads.ADActivity" />
    <component-filter name="com.coolapk.market/com.qq.e.ads.LandscapeADActivity" />
    <component-filter name="com.coolapk.market/com.qq.e.ads.PortraitADActivity" />
    <component-filter name="com.coolapk.market/com.qq.e.ads.RewardvideoLandscapeADActivity" />
    <component-filter name="com.coolapk.market/com.qq.e.ads.RewardvideoPortraitADActivity" />
    <component-filter name="com.coolapk.market/com.ss.android.downloadlib.addownload.compliance.AppDetailInfoActivity" />
    <component-filter name="com.coolapk.market/com.ss.android.downloadlib.addownload.compliance.AppPrivacyPolicyActivity" />
    <component-filter name="com.coolapk.market/com.ss.android.socialbase.appdownloader.view.DownloadTaskDeleteActivity" />
    <component-filter name="com.coolapk.market/com.ss.android.socialbase.appdownloader.view.JumpUnknownSourceActivity" />
  </activity>
  <broadcast block="true" log="false">
    <component-filter name="com.coolapk.market/.armap.wealthgod.ARMapThreadStubReceiver" />
    <component-filter name="com.coolapk.market/.microapp.app.AppBrandTaskPreloadReceiver" />
    <component-filter name="com.coolapk.market/.mini.app.AppBrandTaskPreloadReceiver" />
    <component-filter name="com.coolapk.market/.mini.app.AppBrandTaskPreloadReceiver1" />
    <component-filter name="com.coolapk.market/.mini.app.AppBrandTaskPreloadReceiver2" />
    <component-filter name="com.coolapk.market/.mini.app.AppBrandTaskPreloadReceiver3" />
    <component-filter name="com.coolapk.market/.mini.app.AppBrandTaskPreloadReceiver4" />
    <component-filter name="com.coolapk.market/.mini.app.AppBrandTaskPreloadReceiver5" />
    <component-filter name="com.coolapk.market/.mini.app.AppBrandTaskPreloadReceiver6" />
    <component-filter name="com.coolapk.market/.mini.app.AppBrandTaskPreloadReceiver7" />
    <component-filter name="com.coolapk.market/.plugin.appbrand.task.AppBrandTaskPreloadReceiver1" />
    <component-filter name="com.coolapk.market/.plugin.appbrand.task.AppBrandTaskPreloadReceiver2" />
    <component-filter name="com.coolapk.market/com.ksad.download.DownloadReceiver" />
    <component-filter name="com.coolapk.market/com.mob68.ad.DownLoadReceiver" />
    <component-filter name="com.coolapk.market/com.ss.android.downloadlib.core.download.DownloadReceiver" />
  <component-filter name="com.coolapk.market/com.umeng.message.UmengMessageIntentReceiverService" />

  </broadcast>
</rules>
