<rules>
  <service block="true" log="false">
    <component-filter name="com.tencent.mm/com.ksad.download.service.DownloadService" />
    <component-filter name="com.tencent.mm/com.mob68.ad.DownLoadService" />
    <component-filter name="com.tencent.mm/com.bytedance.tea.crash.upload.CrashUploadService" />
    <component-filter name="com.tencent.mm/com.tencent.tinker.lib.service.TinkerPatchService" />
    <component-filter name="com.tencent.mm/com.ss.android.socialbase.appdownloader.DownloadHandlerService" />
    <component-filter name="com.tencent.mm/.ipcinvoker.wx_extension.service.Appbrand0IPCService" />
    <component-filter name="com.tencent.mm/.ipcinvoker.wx_extension.service.Appbrand2IPCService" />
    <component-filter name="com.tencent.mm/com.umeng.message.UmengMessageCallbackHandlerService" />
    <component-filter name="com.tencent.mm/com.bytedance.sdk.openadsdk.multipro.aidl.BinderPoolService" />
    <component-filter name="com.tencent.mm/com.igexin.download.DownloadService" />
    <component-filter name="com.tencent.mm/com.qq.e.comm.DownloadService" />
    <component-filter name="com.tencent.mm/com.umeng.message.XiaomiIntentService" />
    <component-filter name="com.tencent.mm/com.umeng.message.UmengDownloadResourceService" />
    <component-filter name="com.tencent.mm/com.umeng.message.UmengIntentService" />
    <component-filter name="com.tencent.mm/.plugin.hp.tinker.TinkerPatchResultService" />
    <component-filter name="com.tencent.mm/com.tencent.tinker.lib.service.TinkerPatchForeService" />
    <component-filter name="com.tencent.mm/com.igexin.sdk.PushService" />
    <component-filter name="com.tencent.mm/.ipcinvoker.wx_extension.service.Appbrand1IPCService" />
    <component-filter name="com.tencent.mm/.ipcinvoker.wx_extension.service.ToolsMpProcessIPCService" />
    <component-filter name="com.tencent.mm/.ipcinvoker.wx_extension.service.ToolsProcessIPCService" />
    <component-filter name="com.tencent.mm/com.inmobi.ads.ApkDownloader$ApkDownloadService" />
    <component-filter name="com.tencent.mm/com.tencent.tmassistantsdk.downloadservice.TMAssistantDownloadSDKService" />
    <component-filter name="com.tencent.mm/com.umeng.message.UmengMessageIntentReceiverService" />
    <component-filter name="com.tencent.mm/com.ss.android.socialbase.appdownloader.RetryJobSchedulerService" />
    <component-filter name="com.tencent.mm/com.tencent.tinker.lib.service.TinkerPatchService$InnerService" />
  </service>
  <activity block="true" log="false">
    <component-filter name="com.tencent.mm/com.bytedance.sdk.openadsdk.dislike.TTDislikeWebViewActivity" />
    <component-filter name="com.tencent.mm/com.qq.e.ads.RewardvideoLandscapeADActivity" />
    <component-filter name="com.tencent.mm/com.ss.android.downloadlib.addownload.compliance.AppPrivacyPolicyActivity" />
    <component-filter name="com.tencent.mm/com.qq.e.ads.PortraitADActivity" />
    <component-filter name="com.tencent.mm/com.bytedance.sdk.openadsdk.activity.base.TTFullScreenExpressVideoActivity" />
    <component-filter name="com.tencent.mm/com.bytedance.sdk.openadsdk.activity.base.TTPlayableWebPageActivity" />
    <component-filter name="com.tencent.mm/com.kwad.sdk.fullscreen.KsFullScreenVideoActivity" />
    <component-filter name="com.tencent.mm/com.qq.e.ads.LandscapeADActivity" />
    <component-filter name="com.tencent.mm/com.tencent.tinker.loader.hotplug.ActivityStubs$SGTStub_03" />
    <component-filter name="com.tencent.mm/com.tencent.tinker.loader.hotplug.ActivityStubs$SIStub_02_T" />
    <component-filter name="com.tencent.mm/com.tencent.tinker.loader.hotplug.ActivityStubs$SGTStub_02" />
    <component-filter name="com.tencent.mm/com.tencent.tinker.loader.hotplug.ActivityStubs$SGTStub_01" />
    <component-filter name="com.tencent.mm/com.tencent.tinker.loader.hotplug.ActivityStubs$SIStub_00_T" />
    <component-filter name="com.tencent.mm/com.tencent.tinker.loader.hotplug.ActivityStubs$SGTStub_00" />
    <component-filter name="com.tencent.mm/com.qq.e.ads.ADActivity" />
    <component-filter name="com.tencent.mm/com.bytedance.sdk.openadsdk.activity.TTVideoLandingPageActivity" />
    <component-filter name="com.tencent.mm/com.bytedance.sdk.openadsdk.activity.base.TTVideoScrollWebPageActivity" />
    <component-filter name="com.tencent.mm/com.tencent.tinker.loader.hotplug.ActivityStubs$SIStub_04" />
    <component-filter name="com.tencent.mm/com.kwad.sdk.core.page.AdWebViewActivity" />
    <component-filter name="com.tencent.mm/com.tencent.tinker.loader.hotplug.ActivityStubs$SGTKStub_00_T" />
    <component-filter name="com.tencent.mm/com.tencent.tinker.loader.hotplug.ActivityStubs$SIStub_05" />
    <component-filter name="com.tencent.mm/com.tencent.tinker.loader.hotplug.ActivityStubs$SGTStub_09" />
    <component-filter name="com.tencent.mm/com.tencent.tinker.loader.hotplug.ActivityStubs$SIStub_06" />
    <component-filter name="com.tencent.mm/com.kwad.sdk.reward.KSRewardVideoActivity" />
    <component-filter name="com.tencent.mm/com.tencent.tinker.loader.hotplug.ActivityStubs$SGTKStub_02_T" />
    <component-filter name="com.tencent.mm/com.tencent.tinker.loader.hotplug.ActivityStubs$SGTStub_08" />
    <component-filter name="com.tencent.mm/com.tencent.tinker.loader.hotplug.ActivityStubs$SIStub_07" />
    <component-filter name="com.tencent.mm/com.tencent.tinker.loader.hotplug.ActivityStubs$SGTStub_07" />
    <component-filter name="com.tencent.mm/com.tencent.tinker.loader.hotplug.ActivityStubs$SIStub_00" />
    <component-filter name="com.tencent.mm/com.tencent.tinker.loader.hotplug.ActivityStubs$SGTStub_06" />
    <component-filter name="com.tencent.mm/com.tencent.tinker.loader.hotplug.ActivityStubs$SIStub_01" />
    <component-filter name="com.tencent.mm/com.tencent.tinker.loader.hotplug.ActivityStubs$STDStub_01_T" />
    <component-filter name="com.tencent.mm/com.tencent.tinker.loader.hotplug.ActivityStubs$SGTStub_05" />
    <component-filter name="com.tencent.mm/com.tencent.tinker.loader.hotplug.ActivityStubs$SIStub_02" />
    <component-filter name="com.tencent.mm/com.tencent.tinker.loader.hotplug.ActivityStubs$SGTStub_04" />
    <component-filter name="com.tencent.mm/com.tencent.tinker.loader.hotplug.ActivityStubs$SIStub_03" />
    <component-filter name="com.tencent.mm/com.bytedance.sdk.openadsdk.activity.base.TTFullScreenVideoActivity" />
    <component-filter name="com.tencent.mm/com.bytedance.sdk.openadsdk.activity.TTFullScreenExpressVideoActivity" />
    <component-filter name="com.tencent.mm/com.tencent.tinker.loader.hotplug.ActivityStubs$SIStub_08" />
    <component-filter name="com.tencent.mm/com.tencent.tinker.loader.hotplug.ActivityStubs$SIStub_09" />
    <component-filter name="com.tencent.mm/com.qq.e.ads.RewardvideoPortraitADActivity" />
    <component-filter name="com.tencent.mm/com.bytedance.sdk.openadsdk.activity.TTPlayableLandingPageActivity" />
    <component-filter name="com.tencent.mm/com.bytedance.sdk.openadsdk.activity.base.TTRewardVideoActivity" />
    <component-filter name="com.tencent.mm/.plugin.appbrand.ad.ui.AppBrandAdUI3" />
    <component-filter name="com.tencent.mm/.plugin.appbrand.ad.ui.AppBrandAdUI4" />
    <component-filter name="com.tencent.mm/.plugin.appbrand.ad.ui.AppBrandAdUI1" />
    <component-filter name="com.tencent.mm/.plugin.appbrand.ad.ui.AppBrandAdUI2" />
    <component-filter name="com.tencent.mm/com.ss.android.socialbase.appdownloader.view.DownloadTaskDeleteActivity" />
    <component-filter name="com.tencent.mm/com.openadx.banner.WebViewActivity" />
    <component-filter name="com.tencent.mm/.plugin.appbrand.ad.ui.AppBrandAdUI" />
    <component-filter name="com.tencent.mm/com.tencent.tinker.loader.hotplug.ActivityStubs$SGTStub_01_T" />
    <component-filter name="com.tencent.mm/com.mob68.ad.VideoActivity" />
    <component-filter name="com.tencent.mm/com.bytedance.sdk.openadsdk.activity.TTFullScreenVideoActivity" />
    <component-filter name="com.tencent.mm/com.bytedance.sdk.openadsdk.activity.TTDelegateActivity" />
    <component-filter name="com.tencent.mm/com.bytedance.sdk.openadsdk.activity.base.TTDelegateActivity" />
    <component-filter name="com.tencent.mm/com.bytedance.sdk.openadsdk.activity.TTRewardVideoActivity" />
    <component-filter name="com.tencent.mm/com.maplehaze.adsdk.WebViewActivity" />
    <component-filter name="com.tencent.mm/com.bytedance.sdk.openadsdk.activity.base.TTWebPageActivity" />
    <component-filter name="com.tencent.mm/com.tencent.tinker.loader.hotplug.ActivityStubs$SGTKStub_00" />
    <component-filter name="com.tencent.mm/com.tencent.tinker.loader.hotplug.ActivityStubs$SIStub_01_T" />
    <component-filter name="com.tencent.mm/com.tencent.tinker.loader.hotplug.ActivityStubs$STDStub_02_T" />
    <component-filter name="com.tencent.mm/.app.AdsAppActivity" />
    <component-filter name="com.tencent.mm/com.ss.android.socialbase.appdownloader.view.JumpUnknownSourceActivity" />
    <component-filter name="com.tencent.mm/com.tencent.tinker.loader.hotplug.ActivityStubs$SGTKStub_03" />
    <component-filter name="com.tencent.mm/com.tencent.tinker.loader.hotplug.ActivityStubs$STDStub_09" />
    <component-filter name="com.tencent.mm/com.tencent.tinker.loader.hotplug.ActivityStubs$SGTKStub_04" />
    <component-filter name="com.tencent.mm/com.tencent.tinker.loader.hotplug.ActivityStubs$SGTKStub_01" />
    <component-filter name="com.tencent.mm/com.tencent.tinker.loader.hotplug.ActivityStubs$STDStub_07" />
    <component-filter name="com.tencent.mm/com.tencent.tinker.loader.hotplug.ActivityStubs$SGTKStub_02" />
    <component-filter name="com.tencent.mm/com.tencent.tinker.loader.hotplug.ActivityStubs$STDStub_08" />
    <component-filter name="com.tencent.mm/com.tencent.tinker.loader.hotplug.ActivityStubs$SGTKStub_01_T" />
    <component-filter name="com.tencent.mm/com.tencent.tinker.loader.hotplug.ActivityStubs$SGTKStub_07" />
    <component-filter name="com.tencent.mm/com.tencent.tinker.loader.hotplug.ActivityStubs$STDStub_05" />
    <component-filter name="com.tencent.mm/com.tencent.tinker.loader.hotplug.ActivityStubs$SGTKStub_08" />
    <component-filter name="com.tencent.mm/com.tencent.tinker.loader.hotplug.ActivityStubs$STDStub_06" />
    <component-filter name="com.tencent.mm/com.tencent.tinker.loader.hotplug.ActivityStubs$SGTKStub_05" />
    <component-filter name="com.tencent.mm/com.tencent.tinker.loader.hotplug.ActivityStubs$STDStub_03" />
    <component-filter name="com.tencent.mm/com.tencent.tinker.loader.hotplug.ActivityStubs$SGTKStub_06" />
    <component-filter name="com.tencent.mm/com.tencent.tinker.loader.hotplug.ActivityStubs$STDStub_04" />
    <component-filter name="com.tencent.mm/com.tencent.tinker.loader.hotplug.ActivityStubs$STDStub_01" />
    <component-filter name="com.tencent.mm/com.tencent.tinker.loader.hotplug.ActivityStubs$STDStub_00_T" />
    <component-filter name="com.tencent.mm/com.tencent.tinker.loader.hotplug.ActivityStubs$STDStub_02" />
    <component-filter name="com.tencent.mm/com.tencent.tinker.loader.hotplug.ActivityStubs$SGTKStub_09" />
    <component-filter name="com.tencent.mm/com.tencent.tinker.loader.hotplug.ActivityStubs$STDStub_00" />
    <component-filter name="com.tencent.mm/com.bytedance.sdk.openadsdk.activity.base.TTVideoWebPageActivity" />
    <component-filter name="com.tencent.mm/com.mob68.ad.AdListActivity" />
    <component-filter name="com.tencent.mm/com.bytedance.sdk.openadsdk.activity.TTRewardExpressVideoActivity" />
    <component-filter name="com.tencent.mm/com.bytedance.sdk.openadsdk.activity.base.TTMiddlePageActivity" />
    <component-filter name="com.tencent.mm/com.bytedance.sdk.openadsdk.activity.TTLandingPageActivity" />
    <component-filter name="com.tencent.mm/com.bytedance.sdk.openadsdk.activity.base.TTRewardExpressVideoActivity" />
    <component-filter name="com.tencent.mm/com.maplehaze.adsdk.AdDialogActivity" />
    <component-filter name="com.tencent.mm/com.ss.android.downloadlib.addownload.compliance.AppDetailInfoActivity" />
    <component-filter name="com.tencent.mm/com.tencent.tinker.loader.hotplug.ActivityStubs$SGTStub_00_T" />
    <component-filter name="com.tencent.mm/com.tencent.tinker.loader.hotplug.ActivityStubs$SGTStub_02_T" />
  </activity>
  <broadcast block="true" log="false">
    <component-filter name="com.tencent.mm/.plugin.appbrand.task.AppBrandTaskPreloadReceiver" />
    <component-filter name="com.tencent.mm/com.ss.android.downloadlib.core.download.DownloadReceiver" />
    <component-filter name="com.tencent.mm/.armap.wealthgod.ARMapThreadStubReceiver" />
    <component-filter name="com.tencent.mm/.microapp.app.AppBrandTaskPreloadReceiver" />
    <component-filter name="com.tencent.mm/.plugin.appbrand.task.AppBrandTaskPreloadReceiver3" />
    <component-filter name="com.tencent.mm/.plugin.appbrand.task.AppBrandTaskPreloadReceiver4" />
    <component-filter name="com.tencent.mm/.plugin.appbrand.task.AppBrandTaskPreloadReceiver1" />
    <component-filter name="com.tencent.mm/com.mob68.ad.DownLoadReceiver" />
    <component-filter name="com.tencent.mm/.plugin.appbrand.task.AppBrandTaskPreloadReceiver2" />
    <component-filter name="com.tencent.mm/.mini.app.AppBrandTaskPreloadReceiver2" />
    <component-filter name="com.tencent.mm/.mini.app.AppBrandTaskPreloadReceiver1" />
    <component-filter name="com.tencent.mm/.mini.app.AppBrandTaskPreloadReceiver" />
    <component-filter name="com.tencent.mm/.mini.app.AppBrandTaskPreloadReceiver4" />
    <component-filter name="com.tencent.mm/.mini.app.AppBrandTaskPreloadReceiver3" />
    <component-filter name="com.tencent.mm/.mini.app.AppBrandTaskPreloadReceiver6" />
    <component-filter name="com.tencent.mm/.mini.app.AppBrandTaskPreloadReceiver5" />
    <component-filter name="com.tencent.mm/.mini.app.AppBrandTaskPreloadReceiver7" />
    <component-filter name="com.tencent.mm/com.ksad.download.DownloadReceiver" />
    <component-filter name="com.tencent.mm/com.umeng.message.UmengMessageIntentReceiverService" />
  </broadcast>
</rules>
