<?xml version='1.0' encoding='utf-8' standalone='yes' ?>
<map>
    <boolean name="useCustomTabs" value="false" />
    <boolean name="showWelcome" value="false" />
    <boolean name="autoRemoveHistoryData" value="false" />
    <boolean name="last_is_dark_mode" value="false" />
    <boolean name="quickView_shortcuts_label" value="true" />
    <boolean name="openFirstItem" value="false" />
    <boolean name="quickView_shortcuts" value="false" />
    <string name="clipBoardDisplayMode">DEFAULT_DISPLAY</string>
    <boolean name="conner_compatibility_click_mode" value="false" />
    <boolean name="corner_landscape_hide" value="false" />
    <boolean name="initData" value="false" />
    <boolean name="quickView_contact" value="false" />
    <boolean name="quickView_commonlyAPP" value="false" />
    <string name="thaw_mode">ROOT</string>
    <boolean name="Active_pop_up_keyboard" value="true" />
    <boolean name="authorityOverlayDisplay" value="true" />
    <boolean name="corner_enable_left" value="true" />
    <boolean name="corner_enable_right" value="true" />
    <boolean name="theme_change" value="false" />
    <boolean name="authorityAssist" value="true" />
    <boolean name="authorityAccessibility" value="true" />
    <string name="themeChangeMode">-1</string>
    <boolean name="corner_enable" value="true" />
    <boolean name="search_box_default_english" value="false" />
    <boolean name="corner_assist_mode" value="false" />
    <string name="ChangeApplicationLocales">follow</string>
    <boolean name="collapse_fab_to_menu" value="false" />
    <string name="sugOrderS_0">SEARCH_ENGINE</string>
    <string name="sugOrderS_2">SHORTCUT</string>
    <string name="screenContent_mode">ACCESSIBILITY</string>
    <string name="sugOrderS_1">APPS</string>
    <string name="sugOrderS_4">SMS</string>
    <string name="sugOrderS_3">CONTACT</string>
    <boolean name="authorityStopApp" value="false" />
    <string name="sugOrderS_5">HISTORY</string>
    <string name="participle_mode">LOCAL</string>
    <string name="localLan">中文</string>
    <string name="default_browser"></string>
    <string name="search_content_resume_action">select</string>
    <boolean name="authorityIceBox" value="false" />
    <boolean name="exitDirectlyAfterCopying" value="true" />
    <boolean name="conner_first_data" value="false" />
    <boolean name="showGuid" value="false" />
    <boolean name="initSugOrder" value="false" />
    <boolean name="corner_landscape_prevent_false_touches" value="true" />
    <boolean name="authorityContact" value="true" />
    <boolean name="authorityCamera" value="true" />
    <boolean name="enable_window_bg_blur" value="false" />
    <boolean name="use_one_handed_mode" value="false" />
</map>
