{
  "version": "2.4.0",
  "apkFileName": "CT4RR_LOS.apk",
  "isFrameworkApk": false,
  "compressionType": false,
  "sharedLibrary": false,
  "sparseResources": true,
  "sdkInfo": {
    "minSdkVersion": "29",
    "targetSdkVersion": "29"
  },
  "unknownFiles": {},
  "doNotCompress": [
    "arsc",
    "xml"
  ],
  "UsesFramework": {
    "ids": [
      1
    ],
    "tag": null
  },
  "PackageInfo": {
    "forcedPackageId": "127",
    "renameManifestPackage": null
  },
  "VersionInfo": {
    "versionCode": "1",
    "versionName": "1.0"
  }
}