<?xml version="1.0" encoding="utf-8"?>
<permissions>
    <library name="miui"
        file="/system/framework/miui.jar"/>
    <library name="miuiframework"
        file="/system/framework/miui.jar"/>
    <library name="com.miui.system"
        file="/system/app/miuisystem/miuisystem.apk"/>
    <library name="com.miui.rom"
        file="/system/framework/framework-ext-res/framework-ext-res.apk"/>
    <library name="com.miui.core"
        file="/system/priv-app/miui/miui.apk"/>
    <library name="MiuiSettingsSearchLib.jar"
        file="/system/framework/MiuiSettingsSearchLib.jar"/>
    <library name="cloud-common.jar"
        file="/system/framework/cloud-common-runtime.jar"
        dependency="org.apache.http.legacy" />
    <library name="micloud-lib-shared.jar"
        file="/system/framework/MiCloudLibShared.jar" />
    <library name="yellowpage-common.jar"
        file="/system/framework/yellowpage-common.jar" />
    <library name="miui-update.jar"
        file="/system/framework/miui-update.jar" />
    <library name="activation.jar"
        file="/system/framework/activation.jar" />
    <library name="gson.jar"
        file="/system/framework/gson.jar" />
    <library name="microlog4android.jar"
        file="/system/framework/microlog4android.jar" />
    <library name="protobuf.jar"
        file="/system/framework/protobuf.jar" />
    <library name="zxing.jar"
        file="/system/framework/zxing.jar" />
    <library name="android-support-v4.jar"
        file="/system/framework/android-support-v13.jar" />
    <library name="android-support-v7-recyclerview.jar"
        file="/system/framework/android-support-v7-recyclerview.jar"
        dependency="android-support-v13.jar" />
    <library name="android-support-v13.jar"
        file="/system/framework/android-support-v13.jar" />
    <library name="volley.jar"
        file="/system/framework/volley.jar" />
    <library name="picasso.jar"
        file="/system/framework/picasso.jar" />
    <library name="miui-push.jar"
        file="/system/framework/miuipushsdkshared.jar" />
    <library name="miui-stat.jar"
        file="/system/framework/miuistatssdkshared.jar"
        dependency="com.miui.system" />
    <library name="miui-stat-v3.jar"
        file="/system/framework/miuistatssdksharedv3.jar" />
    <library name="eventbus.jar"
        file="/system/framework/eventbus.jar" />
    <library name="security-device-credential-sdk.jar"
        file="/system/framework/security-device-credential-sdk.jar" />
    <library name="global-miui11-empty.jar"
        file="/system/framework/global-miui11-empty.jar" />
    <library name="global-miui12-empty.jar"
        file="/system/framework/global-miui12-empty.jar" />
    <library name="camerax-vendor-extensions.jar"
        file="/system/framework/camerax-vendor-extensions.jar" />
    <library name="bugreport-log-provider.jar"
        file="/system/framework/bugreport-log-provider.jar" />
    <library name="global-cleaner-empty.jar"
        file="/system/framework/global-cleaner-empty.jar" />
</permissions>
