<?xml version="1.0" encoding="UTF-8"?>
<SCNTABLE>
</SCNTABLE>
    <scenario powerhint="MTKPOWER_HINT_ACT_SWITCH">
        <data cmd="PERF_RES_DRAM_OPP_MIN" param1="0"></data>
    </scenario>
    <scenario powerhint="MTKPOWER_HINT_PACK_SWITCH">
        <data cmd="PERF_RES_DRAM_OPP_MIN" param1="0"></data>
    </scenario>
    <scenario powerhint="LAUNCH">
        <data cmd="PERF_RES_DRAM_OPP_MIN" param1="0"></data>
    </scenario>
    <scenario powerhint="MTKPOWER_HINT_EXT_LAUNCH">
        <data cmd="PERF_RES_DRAM_OPP_MIN" param1="1"></data>
    </scenario>
    <scenario powerhint="MTKPOWER_HINT_WHITELIST_LAUNCH">
        <data cmd="PERF_RES_DRAM_OPP_MIN" param1="0"></data>
    </scenario>
    <scenario powerhint="MTKPOWER_HINT_WHITELIST_ACT_SWITCH">
        <data cmd="PERF_RES_DRAM_OPP_MIN" param1="0"></data>
    </scenario>
    <scenario powerhint="MTKPOWER_HINT_PROCESS_CREATE">
        <data cmd="PERF_RES_DRAM_OPP_MIN" param1="0"></data>
    </scenario>
    <scenario powerhint="MTKPOWER_HINT_APP_ROTATE">
        <data cmd="PERF_RES_DRAM_OPP_MIN" param1="0"></data>
    </scenario>
    <scenario powerhint="MTKPOWER_HINT_PMS_INSTALL">
        <data cmd="PERF_RES_DRAM_OPP_MIN" param1="0"></data>
    </scenario>
    <scenario powerhint="MTKPOWER_HINT_APP_TOUCH">
        <data cmd="PERF_RES_DRAM_OPP_MIN" param1="0"></data>
    </scenario>
    <scenario powerhint="MTKPOWER_HINT_GALLERY_BOOST">
        <data cmd="PERF_RES_DRAM_OPP_MIN" param1="0"></data>
    </scenario>
    <scenario powerhint="MTKPOWER_HINT_WFD">
        <data cmd="PERF_RES_POWERHAL_SCREEN_OFF_STATE" param1="2"></data>
        <data cmd="PERF_RES_POWER_SYSLIMITER_DISABLE" param1="1"></data>
    </scenario>
    <scenario powerhint="MTKPOWER_HINT_AUDIO_POWER_DL">
        <data cmd="PERF_RES_CPUFREQ_MIN_CLUSTER_0" param1="800000"></data>
        <data cmd="PERF_RES_POWERHAL_SCREEN_OFF_STATE" param1="1"></data>
    </scenario>
    <scenario powerhint="MTKPOWER_HINT_AUDIO_LATENCY_UL">
        <data cmd="PERF_RES_CPUFREQ_MIN_CLUSTER_0" param1="1500000"></data>
        <data cmd="PERF_RES_CPUFREQ_MIN_CLUSTER_1" param1="1000000"></data>
        <data cmd="PERF_RES_POWERHAL_SCREEN_OFF_STATE" param1="1"></data>
    </scenario>
    <scenario powerhint="MTKPOWER_HINT_AUDIO_DISABLE_WIFI_POWER_SAVE">
        <data cmd="PERF_RES_NET_WIFI_CAM" param1="1"></data>
        <data cmd="PERF_RES_POWERHAL_SCREEN_OFF_STATE" param1="1"></data>
    </scenario>
</SCNTABLE>
