{
  "Nodes": [
    {
      "Name": "PMQoSCpuDmaLatency",
      "Path": "/dev/cpu_dma_latency",
      "Values": ["44", "1000"],
      "Type": "File",
      "DefaultIndex": 1,
      "ResetOnInit": true,
      "HoldFd": true
    }
  ],
  "Actions": [
    {
      "PowerHint": "LAUNCH",
      "Node": "PMQoSCpuDmaLatency",
      "Duration": 1,
      "Value": "44",
      "ValueIndex": 0
    }
  ]
}
            "Node": "PMQoSCpuDmaLatency",
            "Duration": 2000,
            "Value": "44",
            "ValueIndex": 0
        }
    ]
}