<?xml version='1.0' encoding='utf-8' standalone='yes' ?>
<map>
    <string name="viper4android.headphonefx.outvol">150</string>
    <boolean name="viper4android.headphonefx.viperddc.enable" value="true" />
    <boolean name="viper4android.headphonefx.playbackgain.enable" value="true" />
    <string name="viper4android.headphonefx.fireq.custom">4.5;4.5;3.5;1.2;1.0;0.5;1.4;1.75;3.5;2.5;</string>
    <string name="viper4android.headphonefx.diffsurr.delay">200</string>
    <string name="viper4android.headphonefx.fidelity.clarity.gain">50</string>
    <string name="viper4android.headphonefx.dynamicsystem.bass">5</string>
    <string name="viper4android.headphonefx.fidelity.bass.mode">0</string>
    <boolean name="viper4android.headphonefx.analogx.enable" value="true" />
    <string name="viper4android.ddcblock.1341436792">0.979789710060584,-1.94081498315676,0.961096190433839,1.94081498315676,-0.940885900494423,1.05836975443608,-1.75383070520354,0.742039088790568,1.75383070520354,-0.800408843226653,0.831084391149606,-0.941427335743063,0.558358587752693,0.941427335743063,-0.389442978902299,0.787065700254136,-0.48193986284178,0.443268709767699,0.48193986284178,-0.230334410021835,1.56467157454125,0.204614527767431,-0.0869648812179523,-0.204614527767431,-0.477706693323299,0.981387118192062,-1.94549823475456,0.964171122160832,1.94549823475456,-0.945558240352894,1.05405822167778,-1.77548639563569,0.761093596211173,1.77548639563569,-0.815151817888954,0.840964761736472,-1.03377182144979,0.584191492415608,1.03377182144979,-0.42515625415208,0.798357739899146,-0.606540481990044,0.472792519733607,0.606540481990044,-0.271150259632752,1.52602784487697,-9.26690386326477E-17,-0.0125776109565184,9.26690386326477E-17,-0.513450233920456</string>
    <string name="viper4android.headphonefx.playbackgain.maxscaler">200</string>
    <boolean name="viper4android.headphonefx.vse.enable" value="false" />
    <string name="viper4android.headphonefx.reverb.roomwidth">0</string>
    <string name="viper4android.headphonefx.colorfulmusic.midimage">150</string>
    <boolean name="viper4android.headphonefx.fidelity.clarity.enable" value="true" />
    <string name="viper4android.headphonefx.dynamicsystem.coeffs">400;6200;40;80;10;0</string>
    <string name="viper4android.headphonefx.fidelity.clarity.mode">0</string>
    <boolean name="viper4android.headphonefx.convolver.enable" value="true" />
    <boolean name="viper4android.headphonefx.tube.enable" value="false" />
    <string name="viper4android.headphonefx.playbackgain.ratio">50</string>
    <boolean name="viper4android.headphonefx.diffsurr.enable" value="false" />
    <boolean name="viper4android.headphonefx.colorfulmusic.enable" value="false" />
    <string name="viper4android.headphonefx.vhs.qual">0</string>
    <string name="viper4android.headphonefx.fireq">4.5;4.5;3.5;1.2;1.0;0.5;1.4;1.75;3.5;2.5;</string>
    <string name="viper4android.headphonefx.viperddc.device">1341436792</string>
    <string name="viper4android.headphonefx.convolver.crosschannel">0</string>
    <string name="viper4android.headphonefx.reverb.dry">50</string>
    <string name="viper4android.headphonefx.convolver.kernel">/storage/emulated/legacy/ViPER4Android/Kernel/DFX Urban RB.irs</string>
    <boolean name="viper4android.headphonefx.fidelity.bass.enable" value="true" />
    <string name="viper4android.headphonefx.fidelity.bass.freq">40</string>
    <boolean name="viper4android.headphonefx.vhs.enable" value="false" />
    <boolean name="viper4android.headphonefx.dynamicsystem.enable" value="true" />
    <string name="viper4android.headphonefx.fidelity.bass.gain">150</string>
    <string name="viper4android.headphonefx.colorfulmusic.coeffs">120;200</string>
    <string name="viper4android.headphonefx.reverb.damp">0</string>
    <string name="viper4android.headphonefx.analogx.mode">1</string>
    <string name="viper4android.headphonefx.reverb.roomsize">0</string>
    <string name="viper4android.headphonefx.limiter">100</string>
    <string name="viper4android.headphonefx.playbackgain.volume">100</string>
    <boolean name="viper4android.headphonefx.enable" value="true" />
    <boolean name="viper4android.headphonefx.fireq.enable" value="false" />
    <string name="viper4android.headphonefx.channelpan">0</string>
    <boolean name="viper4android.headphonefx.cure.enable" value="true" />
    <string name="viper4android.headphonefx.reverb.wet">0</string>
    <string name="viper4android.headphonefx.cure.crossfeed">1</string>
    <string name="viper4android.headphonefx.vse.value">0.5</string>
</map>
