{
	"header": {
		"version": "2022051701",
		"index_enable": true,
		"network_improve": true,
		"mqs_enable": true
	},
	"game_booster": {
		"booster_enable": true,
		"cpuset_enable": true,
		"tuner_enable": true,
		"monitor": {
			"monitor_enable": false,
			"analytics_enable": false,
			"default_interval": 2
		},
		"migl_enable": true,
		"migl_config": ["yuanshen:com.miHoYo.Yuanshen#com.miHoYo.GenshinImpact#com.miHoYo.ys.mi#com.miHoYo.ys.bilibili;1280;576;-1", "pubg:com.tencent.tmgp.pubgmhd;-1;-1;1"],
		"support_display_refresh_rates": [60, 90, 120],
		"support_dynamic_refresh_rate_games": [],
		"support_highfps_app": ["com.tencent.tmgp.speedmobile:120", "com.tencent.tmgp.pubgmhd:120", "com.tencent.tmgp.sgame:120", "com.tencent.tmgp.sgamece:120", "com.tencent.tmgp.cf:90", "com.netease.moba.mi:120", "com.miHoYo.bh3.mi:90", "com.miHoYo.enterprise.NGHSoD:90", "com.t2ksports.nba2k20and:120", "com.miHoYo.Yuanshen:90", "com.miHoYo.ys.mi:90", "com.tencent.lolm:90", "com.guandan.mi:90", "com.tencent.af:90"],
		"support_motor_app": [],
		"booster_config": {
			"default_config": [],
			"scene_config": [],
			"ovrride_config": [{
				"game_name": "DEFAULT_COMMON_CONFIG",
				"dynamic_fps": "10:120,46:120,50:120,55:90,60:60",
				"dynamic_fps_M": "10:120,46:120,48:120,50:90,55:60",
				"scene_ovrride": []
			}]
		}
	}
}