<?xml version='1.0' encoding='utf-8' standalone='yes' ?>
<map>
    <string name="viper4android.headphonefx.outvol">100</string>
    <boolean name="viper4android.headphonefx.viperddc.enable" value="true" />
    <string name="viper4android.headphonefx.fireq.custom">1.7;3.6;3.8;2.8;0.9;1.6;5.4;7.1;6.4;4.8;</string>
    <string name="viper4android.headphonefx.diffsurr.delay">500</string>
    <string name="viper4android.headphonefx.fidelity.clarity.gain">100</string>
    <string name="viper4android.headphonefx.dynamicsystem.bass">16</string>
    <string name="viper4android.headphonefx.fidelity.bass.mode">0</string>
    <string name="viper4android.headphonefx.playbackgain.maxscaler">400</string>
    <string name="viper4android.headphonefx.reverb.roomwidth">0</string>
    <boolean name="viper4android.headphonefx.fidelity.clarity.enable" value="true" />
    <string name="viper4android.headphonefx.dynamicsystem.coeffs">180;5800;55;80;10;70</string>
    <string name="viper4android.headphonefx.colorfulmusic.midimage">150</string>
    <string name="viper4android.headphonefx.fidelity.clarity.mode">0</string>
    <boolean name="viper4android.headphonefx.convolver.enable" value="true" />
    <string name="viper4android.headphonefx.playbackgain.ratio">50</string>
    <string name="viper4android.headphonefx.vhs.qual">0</string>
    <string name="viper4android.headphonefx.fireq">custom</string>
    <string name="viper4android.headphonefx.viperddc.device">FILE:Percocet.vdc</string>
    <string name="viper4android.headphonefx.convolver.crosschannel">40</string>
    <string name="viper4android.headphonefx.reverb.dry">50</string>
    <string name="viper4android.headphonefx.convolver.kernel">/storage/emulated/legacy/ViPER4Android/Kernel/Clearer Bass+.irs</string>
    <boolean name="viper4android.headphonefx.fidelity.bass.enable" value="true" />
    <string name="viper4android.headphonefx.fidelity.bass.freq">100</string>
    <boolean name="viper4android.headphonefx.dynamicsystem.enable" value="true" />
    <string name="viper4android.ddcblock.FILE:Percocet.vdc">1.028121,-1.747942,0.719908,1.747942,-0.748029,1.039093,-0.949624,-0.087055,0.949624,0.047962,1.123326,-0.393166,-0.716866,0.393166,0.593541,1.390071,-0.255547,-1.109261,0.255547,0.719190,1.175125,-0.107412,-1.033199,0.107412,0.858073,0.874041,-0.591006,0.704186,0.591006,-0.578226,1.026103,-1.766034,0.740005,1.766034,-0.766108,1.037508,-0.992406,-0.042972,0.992406,0.005464,1.121035,-0.424011,-0.684976,0.424011,0.563941,1.384566,-0.281850,-1.079494,0.281850,0.694928,1.173524,-0.126078,-1.014606,0.126078,0.841082,0.882298,-0.741945,0.723577,0.741945,-0.605875</string>
    <string name="viper4android.headphonefx.fidelity.bass.gain">50</string>
    <string name="viper4android.headphonefx.colorfulmusic.coeffs">120;200</string>
    <string name="viper4android.headphonefx.reverb.damp">0</string>
    <string name="viper4android.headphonefx.reverb.roomsize">0</string>
    <string name="viper4android.headphonefx.limiter">70</string>
    <boolean name="viper4android.headphonefx.enable" value="true" />
    <string name="viper4android.headphonefx.channelpan">0</string>
    <boolean name="viper4android.headphonefx.fireq.enable" value="true" />
    <string name="viper4android.headphonefx.playbackgain.volume">80</string>
    <boolean name="viper4android.headphonefx.cure.enable" value="false" />
    <string name="viper4android.headphonefx.reverb.wet">0</string>
    <string name="viper4android.headphonefx.cure.crossfeed">0</string>
    <string name="viper4android.headphonefx.vse.value">0.1</string>
</map>
