<?xml version="1.0" encoding="UTF-8"?>
<filter>com.tencent.mtt</filter>
<filter>org.mozilla.fennec</filter>
<filter>org.mozilla.firefox_beta</filter>
<filter>com.doubleTwist.androidPlayer</filter>
<filter>com.adobe.flashplayer</filter>
<filter>com.netflix.mediaclient</filter>
<filter>com.good.android.gfe</filter>
<int>com.facebook.orca</int>
<abi>com.lgana.voip</abi>
<abi>com.tmri.app.main</abi>
<abi>com.gamedreamer.sgbpgtw</abi>
<abi>com.lightsky.video</abi>
<abi>com.gamamobi.twsd</abi>
<abi>com.one.cucumber</abi>
<abi>com.alibaba.android.rimet</abi>
<abi>com.kepchat.androidv4</abi>
<cpu>com.ea.gp.fifamobile</cpu>
<neon>air.eti.uzzu.unalis</neon>
<neon>com.pplive.androidphone</neon>
<arch>com.UCMobile</arch>
<xed>com.tencent.mm</xed>
<sbt>com.tencent.tmgp.vgame</sbt>
<sbt>com.tencent.af</sbt>
<sbt>com.tencent.wdqy</sbt>
<sbt>com.tencent.tmgp.WePop</sbt>
<skb>com.gameduchy.jdzd.kr</skb>
<skb>com.playrix.gardenscapes</skb>
<skb>kr.co.feverstudio.apps.everytown</skb>
<skb>com.ea.gp.fifamobile</skb>
<skb>com.funplus.myrzx</skb>
<sik>com.netease.yqyn</sik>
<sik>com.netease.wxzc</sik>
<sik>com.netease.lx7</sik>
<x86>com.youzu.tsjy.</x86>
<x86>com.lzj.shanyi</x86>
<x86>com.netease.uu</x86>
<x86>com.denachina.g23000114.android</x86>
<x86>com.vng.vltkm</x86>
<x86>com.webzen.muorigin2.google</x86>
<x86>cn.xuexi.android</x86>
<x86>com.alimama.moon</x86>
<x86>com.laoyuegou.android</x86>
<x86>com.tencent.tmgp.tmsk.qj2</x86>
<x86>com.tencent.tmgp.qmah</x86> 
<x86>com.tencent.tmgp.bh3</x86>
<x86>com.tencent.tmgp.tstl</x86>
<x86>com.ncsoft.redknights</x86>
<x86>tv.danmaku.bili</x86>
<x86>cn.ninegame.gamemanager</x86>
<x86>com.seasun.jxsj2.mi</x86>
<x86>com.gravity.ro</x86>
<x86>com.pwrd.lhrg</x86>
<x86>tw.txwy.and.thbjz</x86>
<x86>com.app.siyu</x86>
<arm>com.funnygames.escape.zjy2gf</arm>
<arm>com.fknzj.qooapp</arm>    
<arm>com.xianyugame.zijfh</arm>
<arm>jp.goodsmile.arsnotoria</arm>
<arm>com.funnygames.escape.zjy3</arm>
<arm>com.jianwan.nmxsxzswzqyj.xaml</arm>
<arm>com.yingxiongtan.yxts2</arm>
<arm>com.lptiyu.tanke</arm>
<arm>com.nsok.Rnsok</arm>
<arm>com.sszg.gpxm1</arm>
<arm>com.magic.snzhs.twgp</arm>
<arm>com.eskyfun.sgsmjzgp</arm>
<arm>com.gzyy.qqyxdt</arm>
<arm>com.ysgame.shwc</arm>
<arm>com.bluetakugame.mhakr</arm>
<arm>com.vng.onepunchman</arm>
<arm>com.chuanshi.zscy</arm>
<arm>com.sega.chainchronicle</arm>
<arm>com.vnpt.vn</arm>
<arm>com.blockchainvault</arm>
<arm>com.cmge.dldldszl</arm>
<arm>tywl.flby</arm>
<arm>com.grab.merchant</arm>
<arm>com.ahnlab.v3mobileplus</arm>
<arm>com.sofunny.Sausage</arm>
<arm>com.uu100.dwyy.gp</arm>
<arm>com.gameabc.sgspad</arm>
<arm>com.miHoYo.HSoDv2Original</arm>
<arm>com.tencent.tmgp.bilibili.priconne</arm>
<arm>com.tencent.tmgp.ylm</arm>
<arm>com.tap4fun.reignofwar.androidcn</arm>
<arm>jp.hpgames.shinomas</arm>
<arm>com.bilibili.fatego</arm>
<arm>kr.co.mktv.stockpocket</arm>
<arm>com.tencent.tmgp.fgo</arm>
<arm>cmn.nhangia.vn</arm>
<arm>com.szckhd.jwgly.azfanti</arm>
<arm>com.cjenm.monster</arm>
<arm>jp.glee.girl</arm>
<arm>lozi.loship_user</arm>
<arm>com.vnptit.innovation.ncovi</arm>
<arm>com.waxgourd.wg</arm>
<arm>com.daren.dbuild_province</arm>
<arm>jp.co.imagineer.medarots</arm>
<arm>cungdau.gs2.vng</arm>
<arm>com.asobimo.FantasyEarthGenesis</arm>
<arm>com.funcell123.poke.korea.google</arm>
<arm>com.square_enix.android_googleplay.mobiusff_tc</arm>
<arm>com.one.cucumber</arm>
<arm>com.dontcactch.s245</arm>
<arm>com.sesisoft.hundredswords</arm>
<arm>com.noxgroup.app.hunter</arm>
<arm>com.gm99.dldl</arm>
<arm>jp.konami.pesam</arm>
<arm>com.xd.lksg</arm>
<arm>com.ea.game.easportsufc</arm>
<arm>com.nuevo.tgame</arm>
<arm>tw.sonet.aga</arm>
<arm>com.nexon.nsc.maplem</arm>
<arm>com.netmarble.kof</arm>
<arm>com.efunkr.qnyh.google</arm>
<arm>com.ftt.battlecmd.gl</arm>
<arm>com.tencent.tmgp.speedmobile</arm>
<arm>com.nexon.yulgang</arm>
<arm>com.bandainamcoent.</arm>
<arm>com.netease.l10</arm>
<arm>com.tencent.game.rhythmmaster</arm>
<arm>com.xl.zdzhg</arm>
<arm>com.braygame.bc</arm>
<arm>com.netmarble.ghost</arm>
<arm>com.chaconline.android.t1</arm>
<arm>com.tencent.pao</arm>
<arm>net.iaround</arm>
<arm>org.sbtools.gamespeed</arm>
<arm>org.sbtools.gamehack</arm>
<arm>com.tencent.qqlite</arm>
<arm>com.alibaba.mobileim</arm>
<arm>com.wanmei.mini.dod.laohu</arm>
<arm>com.mobimirage.android.Legend</arm>
<arm>com.easytech.WC3</arm>
<arm>com.mobimirage.rzfb</arm>
<arm>com.tigercool.fmz</arm>
<arm>com.zxlf.zwhx</arm>              
<arm>com.yd.ylsgz</arm>              
<arm>com.lanjingren.ivwen</arm>
<arm>com.xxjt.ff.ys</arm>
<arm>com.netmarble.stoneage</arm>
<arm>com.skymoons.hqq</arm>
<arm>com.herogame.gplay.streetballtw</arm>
<arm>com.nexon.dynastywarriors</arm>
<arm>com.tencent.tmgp.mt4</arm>
<arm>com.tencent.tmgp.dnf</arm>
<arm>tw.txwy.and.snqx</arm>
<abi>org.scr888.scr888</abi>
<abi>com.tencent.</abi>
<abi>com.qqgame.</abi>
<abi>com.racoondigi.jqdj</abi>
<abi>com.kakaogames.blade2</abi>
<abi>com.fourdesire.spacewalk</abi>
<x86>com.zhongduomei.rrmj.society</x86>
<x86>com.xd.ro.roapk</x86>
<x86>com.miHoYo.bh3</x86>
<x86>com.garena.game.ak47tw</x86>
<x86>com.rovio.baba</x86>
<x86>com.rovio.BadPiggies</x86>
<x86>com.itsgames.aden</x86>
<x86>com.ludicgames.redstone2</x86>
<x86>com.tencent.tmgp.pvz</x86>
<x86>com.efun.jxqy.tw</x86>
<edx>com.cgcbcifednedcjfa.zlmtt</edx>
<edx>com.estgames.cabalmkor</edx>
<edx>com.tencent.tmgp.sgame</edx>
<edx>com.youku.phone</edx>
<edx>com.graty.roes</edx>
<edx>com.taobao.taobao</edx>
<sik>com.netease.wxzc</sik>
<30g>com.netmarble.bnsmjp</30g>
<gl2>com.gameloft.android.ANMP.GloftDYHM</gl2>
<gl2>com.nexon.caocao</gl2>
<gl2>com.sega.idola</gl2>
<gl2>com.gm99.clx</gl2>
<gl2>.mrzh</gl2>
<gl2>com.webzen.muorigin2.google</gl2>
<gl2>com.nexon.maplem.global</gl2>
<gl2>com.ea.gp.simsmobile</gl2>
<gl2>com.ea.game.nfs</gl2>
<gl2>com.gravity.rom.aos</gl2>
<gl2>com.titan.cd.gb</gl2>
<gl2>kr.com.efun.kok.google</gl2>
<gl2>com.netease.blqx</gl2>
<gl2>.lhjx</gl2>
<ast>com.tencent.mxylzko.android</ast>
<ast>com.uu100.sdxl.gp</ast>
<ast>com.netmarble.bnsmasia</ast>
<ast>com.zloong.eu.dr.gp</ast>
<ast>com.roasp.gptw</ast>
<ast>com.narutoslugfest.cubinet.android</ast>
<ast>com.perfect.smdlkr</ast>
<ast>com.tinyco.potter</ast>
<ast>com.komoe.zzgp</ast>
<ast>com.nexon.counterside</ast>
<ast>tw.com.iwplay</ast>
<ast>com.userjoy.sgc</ast>
<ast>com.garena.game.codm</ast>
<ast>com.gameloft.android.ANMP.GloftA9HM</ast>
<ast>com.nexon.v4</ast>
<ast>com.ncsoft.lineage2m</ast>
<ast>com.baplay.xl</ast>
<ast>com.foursakenmedia.warturtle</ast>
<ast>com.klab.lovelive.allstars</ast>
<ast>com.efun.wmsj</ast>
<ast>com.linekong.wxggkr</ast>
<ast>com.pwrd.xxajh</ast>
<ast>com.netease.wyclx</ast>
<ast>com.tencent.lzhx</ast>
<ast>com.tencent.tmgp.tttby</ast>
<ast>com.ea.games.simsfreeplay_row</ast>
<bta>com.seasun.gcg2.gp.jp</bta>
<bta>jp.Marvelous.</bta>
<bta>com.joybomb.bbm3</bta>
<bta>com.netmarble.ma9bkr</bta>
<bta>com.komoe.ssgp</bta>
<bta>com.biligamekr.girlcafegungp</bta>
<bta>com.tencent.tmgp.bilibili.gcg2</bta>
<bta>com.biligameglobal.girlcafegungp</bta>
<ABI>com.garena.game.fo4mth</ABI>
<ABI>com.eskyfun.sgsmjzgp</ABI>
<ABI>tzyxmznew</ABI>
<ABI>tzy.mhxzx</ABI>
<ABI>com.android.vending</ABI>
<dma>.mrzh</dma>
<ffm>com.proximabeta.sfm2.taiwan</ffm>
<31g>com.com2us.lostcenturia</31g>
