<filter-conf>
    <version>2020070201</version>
    <isOpen>1</isOpen>
    <filter-name>sys_high_temp_protect</filter-name>
    <HighTemperatureProtectSwitch>false</HighTemperatureProtectSwitch>
    <HighTemperatureShutdownSwitch>false</HighTemperatureShutdownSwitch>
    <HighTemperatureFirstStepSwitch>false</HighTemperatureFirstStepSwitch>
    <HighTemperatureDisableFlashSwitch>false</HighTemperatureDisableFlashSwitch>
    <CountBatteryChangedForFosUpdateTime>30</CountBatteryChangedForFosUpdateTime>
    <HighTemperatureShutdownUpdateTime>15</HighTemperatureShutdownUpdateTime>
    <HighTemperatureProtectFirstStepIn>560</HighTemperatureProtectFirstStepIn>
    <HighTemperatureProtectFirstStepOut>550</HighTemperatureProtectFirstStepOut>
    <HighTemperatureProtectThresholdIn>590</HighTemperatureProtectThresholdIn>
    <HighTemperatureProtectThresholdOut>570</HighTemperatureProtectThresholdOut>
    <HighTemperatureProtectShutDown>750</HighTemperatureProtectShutDown>
    <MediumTemperatureProtectThreshold>10000</MediumTemperatureProtectThreshold>
    <HighTemperatureDisableFlashLimit>550</HighTemperatureDisableFlashLimit>
    <HighTemperatureDisableFlashChargeLimit>520</HighTemperatureDisableFlashChargeLimit>
    <camera_temperature_limit>550</camera_temperature_limit>
    <HighTemperatureFinishCameraLimit>550</HighTemperatureFinishCameraLimit>
    <HighTemperatureProtect1080PVideoSwitch>false</HighTemperatureProtect1080PVideoSwitch>
    <HighTemperatureProtect720PVideoSwitch>false</HighTemperatureProtect720PVideoSwitch>
    <HighTemperatureDisableFlashCountTime>30</HighTemperatureDisableFlashCountTime>
    <DoubleCheckTime>30000</DoubleCheckTime>
    <HighTemperatureControlVideoRecordSwitch>false</HighTemperatureControlVideoRecordSwitch>
    <HighTemperatureDisableVideoRecordLimit>550</HighTemperatureDisableVideoRecordLimit>
    <HighTemperatureEnableVideoRecordLimit>530</HighTemperatureEnableVideoRecordLimit>
    <HighTemperatureRestoreBrightnessLimit>575</HighTemperatureRestoreBrightnessLimit>
    <ToleranceFirstStepIn>550</ToleranceFirstStepIn>
    <ToleranceFirstStepOut>580</ToleranceFirstStepOut>
    <ToleranceSecondStepIn>550</ToleranceSecondStepIn>
    <ToleranceSecondStepOut>550</ToleranceSecondStepOut>
    <ToleranceThreshold>60</ToleranceThreshold>
    <ToleranceStart>530</ToleranceStart>
    <ToleranceStop>510</ToleranceStop>
    <ToleranceInterval>30000</ToleranceInterval>
</filter-conf>