<rules>
  <service block="true" log="false">
    <component-filter name="com.coloros.phonemanager/.virusdetect.service.VirusBackScanIntentService" />
    <component-filter name="com.coloros.phonemanager/.library.cleansdk_qh.clean.clear.qh.trashclear.QHTrashScanService" />
    <component-filter name="com.coloros.phonemanager/.library.cleansdk_tms.ClearTrashService" />
    <component-filter name="com.coloros.phonemanager/.library.sdk_tms.TMSVirusUpdateService" />
    <component-filter name="com.coloros.phonemanager/.library.cleansdk_qh.clean.clear.qh.trashclear.QHTrashUpdateService" />
    <component-filter name="com.coloros.phonemanager/.clear.aidl.service.RemoteClearService" />
    <component-filter name="com.coloros.phonemanager/.backup.SafeCenterBRPluginService" />
    <component-filter name="com.coloros.phonemanager/.library.cleansdk_tms.trashclear.TMTrashScanService" />
    <component-filter name="com.coloros.phonemanager/androidx.room.MultiInstanceInvalidationService" />
    <component-filter name="com.coloros.phonemanager/.library.cleansdk_qh.clean.clear.qh.trashclear.QHTrashSupplyService" />
    <component-filter name="com.coloros.phonemanager/.clear.aidl.service.PackageInstallService" />
    <component-filter name="com.coloros.phonemanager/.library.cleansdk_qh.clean.clear.photo.PhotoClearService" />
    <component-filter name="com.coloros.phonemanager/.clear.extra.OppoExtraCleanUpService" />
    <component-filter name="com.coloros.phonemanager/.examination.auto.BackgroundAutoOptService" />
    <component-filter name="com.coloros.phonemanager/.library.cleansdk_qh.clean.clear.qh.QHVideoScanService" />
    <component-filter name="com.coloros.phonemanager/.safejob.SafeCenterJobService" />
    <component-filter name="com.coloros.phonemanager/.virusdetect.scanmodule.virus.AutoOptDialogService" />
    <component-filter name="com.coloros.phonemanager/.cloudtransfer.CloudDiskNotifyService" />
    <component-filter name="com.coloros.phonemanager/.library.sdk_avl.AVLVirusScanService" />
    <component-filter name="com.coloros.phonemanager/.library.sdk_qh.virus.QHhooVirusScanService" />
    <component-filter name="com.coloros.phonemanager/.virusdetect.service.AutoTestScanApksService" />
    <component-filter name="com.coloros.phonemanager/.library.cleansdk_qh.clean.clear.qh.cleaner.CleanerScanService" />
    <component-filter name="com.coloros.phonemanager/.library.cleansdk_qh.clean.clear.qh.aiclear.AIScanService" />
    <component-filter name="com.coloros.phonemanager/.library.sdk_qh.virus.QHVirusUpdateService" />
    <component-filter name="com.coloros.phonemanager/.library.sdk_tms.TMSVirusScanService" />
    <component-filter name="com.coloros.phonemanager/.library.sdk_avl.AVLVirusUpdateService" />
    <component-filter name="com.coloros.phonemanager/com.qihoo.security.services.DeepScanService" />
    <component-filter name="com.coloros.phonemanager/.clear.ClearWorkService" />
  </service>
  <broadcast block="true" log="false">
    <component-filter name="com.coloros.phonemanager/.ad.CheckRusChangedReceiver" />
    <component-filter name="com.coloros.phonemanager/com.heytap.usercenter.accountsdk.utils.app.UserCenterOperateReceiver" />
    <component-filter name="com.coloros.phonemanager/.settings.romupdate.RomUpdateReceiver" />
    <component-filter name="com.coloros.phonemanager/.clear.OppoUpdateReceiver" />
    <component-filter name="com.coloros.phonemanager/.idleoptimize.IdleTimeChangeReceiver" />
    <component-filter name="com.coloros.phonemanager/.virusdetect.receiver.RealTimeMonitorReceiver" />
    <component-filter name="com.coloros.phonemanager/.library.sdk_qh.virus.QHUserUpdateReceiver" />
    <component-filter name="com.coloros.phonemanager/.clear.extra.OppoExtraCleanUpReceiver" />
    <component-filter name="com.coloros.phonemanager/.clear.ad.ShortcutReceiver" />
  </broadcast>
</rules>
