<rules>
  <service block="true" log="false">
    <component-filter name="com.coloros.securityguard/androidx.work.impl.background.systemalarm.SystemAlarmService" />
    <component-filter name="com.coloros.securityguard/.backup.SecurityGuardBRPluginService" />
    <component-filter name="com.coloros.securityguard/androidx.work.impl.foreground.SystemForegroundService" />
    <component-filter name="com.coloros.securityguard/androidx.work.impl.background.systemjob.SystemJobService" />
    <component-filter name="com.coloros.securityguard/androidx.room.MultiInstanceInvalidationService" />
  </service>
  <broadcast block="true" log="false">
    <component-filter name="com.coloros.securityguard/androidx.work.impl.background.systemalarm.RescheduleReceiver" />
    <component-filter name="com.coloros.securityguard/.communication.SecurityBroadcastReciever" />
    <component-filter name="com.coloros.securityguard/androidx.work.impl.background.systemalarm.ConstraintProxy$BatteryChargingProxy" />
    <component-filter name="com.coloros.securityguard/androidx.work.impl.background.systemalarm.ConstraintProxy$BatteryNotLowProxy" />
    <component-filter name="com.coloros.securityguard/androidx.work.impl.diagnostics.DiagnosticsReceiver" />
    <component-filter name="com.coloros.securityguard/androidx.work.impl.background.systemalarm.ConstraintProxy$StorageNotLowProxy" />
    <component-filter name="com.coloros.securityguard/androidx.work.impl.background.systemalarm.ConstraintProxy$NetworkStateProxy" />
    <component-filter name="com.coloros.securityguard/androidx.work.impl.utils.ForceStopRunnable$BroadcastReceiver" />
    <component-filter name="com.coloros.securityguard/androidx.work.impl.background.systemalarm.ConstraintProxyUpdateReceiver" />
    <component-filter name="com.coloros.securityguard/.attention.module.communicate.instruction.InstructionReceiver" />
  </broadcast>
</rules>
