<rules>
  <broadcast block="true" log="false">
    <component-filter name="com.finshell.wallet/com.nearme.wallet.account.AccountOperateReceiver" />
    <component-filter name="com.finshell.wallet/com.heytap.usercenter.accountsdk.utils.app.UserCenterOperateReceiver" />
    <component-filter name="com.finshell.wallet/androidx.work.impl.background.systemalarm.RescheduleReceiver" />
    <component-filter name="com.finshell.wallet/androidx.work.impl.background.systemalarm.ConstraintProxy$BatteryChargingProxy" />
    <component-filter name="com.finshell.wallet/com.nearme.wallet.nfc.NfcConsumeReceiver" />
    <component-filter name="com.finshell.wallet/androidx.work.impl.utils.ForceStopRunnable$BroadcastReceiver" />
    <component-filter name="com.finshell.wallet/com.heytap.opnearmesdk.receiver.OPAccountReceiver" />
    <component-filter name="com.finshell.wallet/com.nearme.wallet.carkey.broadcast.EntranceNotificationBroadcastReceiver" />
    <component-filter name="com.finshell.wallet/com.nearme.wallet.wxapi.AppRegister" />
    <component-filter name="com.finshell.wallet/androidx.work.impl.background.systemalarm.ConstraintProxy$BatteryNotLowProxy" />
    <component-filter name="com.finshell.wallet/com.nearme.wallet.nfc.NfcDefaultPayChangedReceiver" />
    <component-filter name="com.finshell.wallet/androidx.work.impl.background.systemalarm.ConstraintProxy$NetworkStateProxy" />
    <component-filter name="com.finshell.wallet/androidx.work.impl.background.systemalarm.ConstraintProxy$StorageNotLowProxy" />
    <component-filter name="com.finshell.wallet/com.nearme.wallet.nfc.receiver.NotificationBroadcastReceiver" />
    <component-filter name="com.finshell.wallet/com.nearme.wallet.bus.present.BusNotificationBroadcast" />
    <component-filter name="com.finshell.wallet/androidx.work.impl.background.systemalarm.ConstraintProxyUpdateReceiver" />
  </broadcast>
</rules>
