<rules>
  <service block="true" log="false">
    <component-filter name="com.coloros.safecenter/.familyguard.ColorosPushMessageService" />
    <component-filter name="com.coloros.safecenter/.familyguard.PushProcessService" />
    <component-filter name="com.coloros.safecenter/.startupapp.StartupManagerService" />
    <component-filter name="com.coloros.safecenter/.privacy.control.AppLockSwitchTileService" />
    <component-filter name="com.coloros.safecenter/.appfrozen.services.AppFrozenService" />
    <component-filter name="com.coloros.safecenter/.backup.SafeCenterBRPluginService" />
    <component-filter name="com.coloros.safecenter/.ColorAppServicesManagerClient" />
  </service>
  <broadcast block="true" log="false">
    <component-filter name="com.coloros.safecenter/com.heytap.usercenter.accountsdk.utils.app.UserCenterOperateReceiver" />
    <component-filter name="com.coloros.safecenter/.privacy.control.UpdateNewVersionReceiver" />
    <component-filter name="com.coloros.safecenter/.privacy.control.OppoUpdateReceiver" />
    <component-filter name="com.coloros.safecenter/.verification.statics.VerificationStaticsReceiver" />
    <component-filter name="com.coloros.safecenter/.observer.VirusRomUpdateReceiver" />
    <component-filter name="com.coloros.safecenter/.appfrozen.receiver.AppFrozenReceiver" />
    <component-filter name="com.coloros.safecenter/.privacy.control.OTAUpdatedReceiver" />
    <component-filter name="com.coloros.safecenter/.privacy.control.DeepProtectReceiver" />
    <component-filter name="com.coloros.safecenter/.startupapp.StartupReceiver" />
  </broadcast>
</rules>
