<rules>
  <broadcast block="true" log="false">
    <component-filter name="com.heytap.market/com.heytap.cdo.client.receiver.AlarmReceiver" />
    <component-filter name="com.heytap.market/com.heytap.usercenter.accountsdk.utils.app.UserCenterOperateReceiver" />
    <component-filter name="com.heytap.market/com.heytap.cdo.client.download.ui.notification.NotificationReceiver" />
    <component-filter name="com.heytap.market/com.heytap.cdo.client.domain.push.PushReceiver" />
    <component-filter name="com.heytap.market/com.heytap.cdo.client.domain.upgrade.check.ChargeReceiver" />
    <component-filter name="com.heytap.market/com.heytap.cdo.client.nouse.NotificationReceiver" />
    <component-filter name="com.heytap.market/com.nearme.preload.receiver.PreloadAlarmReceiver" />
    <component-filter name="com.heytap.market/com.heytap.opnearmesdk.receiver.OPAccountReceiver" />
    <component-filter name="com.heytap.market/.receiver.UpgradeNotificationReceiver" />
    <component-filter name="com.heytap.market/com.heytap.cdo.client.search.notification.SearchNotificationReceiver" />
    <component-filter name="com.heytap.market/com.heytap.cdo.client.receiver.BootReceiver" />
    <component-filter name="com.heytap.market/com.heytap.cdo.client.account.AccountChangeReceiver" />
    <component-filter name="com.heytap.market/com.heytap.cdo.client.domain.receiver.PackageReceiver" />
    <component-filter name="com.heytap.market/com.nearme.recovery.alarm.RecoveryAlarmReceiver" />
  </broadcast>
</rules>
