<rules>
  <broadcast block="true" log="false">
    <component-filter name="com.heytap.quicksearchbox/.receiver.AndroidPackageChangeReceiver" />
    <component-filter name="com.heytap.quicksearchbox/com.oplus.searchsupport.notify.OriginPackageChangeReceiver" />
    <component-filter name="com.heytap.quicksearchbox/com.heytap.usercenter.accountsdk.utils.app.UserCenterOperateReceiver" />
    <component-filter name="com.heytap.quicksearchbox/com.oplus.searchsupport.notify.LocaleChangeReceiver" />
    <component-filter name="com.heytap.quicksearchbox/com.oplus.searchsupport.notify.OneplusPackageChangeReceiver" />
    <component-filter name="com.heytap.quicksearchbox/com.oplus.searchsupport.notify.OplusPackageChangeReceiver" />
    <component-filter name="com.heytap.quicksearchbox/.receiver.DataMiddleBroadcastReceiver" />
    <component-filter name="com.heytap.quicksearchbox/.receiver.PackageChangeReceiver" />
  </broadcast>
</rules>
