<rules>
  <service block="true" log="false">
    <component-filter name="com.coloros.oppoguardelf/.OppoGuardElfService" />
    <component-filter name="com.coloros.oppoguardelf/com.coloros.abnormalmanager.AbnormalManagerService" />
    <component-filter name="com.coloros.oppoguardelf/.CheckSensorService" />
    <component-filter name="com.coloros.oppoguardelf/com.coloros.powermanager.wirelesscharg.WirelessReverseControService" />
    <component-filter name="com.coloros.oppoguardelf/.RecoverySettingsService" />
    <component-filter name="com.coloros.oppoguardelf/com.coloros.modulehub.smartdoze.SmartDozeService" />
    <component-filter name="com.coloros.oppoguardelf/com.coloros.powermanager.fuelgaue.GuardElfAIDLService" />
    <component-filter name="com.coloros.oppoguardelf/com.coloros.hiddenapi.ColorHiddenApiCollectService" />
    <component-filter name="com.coloros.oppoguardelf/com.coloros.performance.GTModeTile" />
    <component-filter name="com.coloros.oppoguardelf/.ColorAppServicesManagerClient" />
    <component-filter name="com.coloros.oppoguardelf/androidx.room.MultiInstanceInvalidationService" />
    <component-filter name="com.coloros.oppoguardelf/.backup.GuardElfBRPluginService" />
  </service>
  <broadcast block="true" log="false">
    <component-filter name="com.coloros.oppoguardelf/com.coloros.powermanager.fuelgaue.SaveBatteryStatsReceiver" />
    <component-filter name="com.coloros.oppoguardelf/com.coloros.deepsleep.RestoreNetworkReceiver" />
    <component-filter name="com.coloros.oppoguardelf/com.coloros.modulehub.aab.AppStandbyReceiver" />
    <component-filter name="com.coloros.oppoguardelf/com.coloros.powermanager.curve.provider.SaveBatteryStatsReceiver" />
    <component-filter name="com.coloros.oppoguardelf/com.coloros.performance.EapConfigReceiver" />
    <component-filter name="com.coloros.oppoguardelf/com.coloros.performance.GTModeBroadcastReceiver" />
    <component-filter name="com.coloros.oppoguardelf/com.coloros.modulehub.powermode.PowerSaveSwitchReceiver" />
  </broadcast>
</rules>
