<rules>
  <broadcast block="true" log="false">
    <component-filter name="com.oppo.oppopowermonitor/.badbattery.BadBatteryReceiver" />
    <component-filter name="com.oppo.oppopowermonitor/.batterystatus.BatteryStatusReceiver" />
    <component-filter name="com.oppo.oppopowermonitor/.batterystatus.TurnOnReceiver" />
    <component-filter name="com.oppo.oppopowermonitor/.badbattery.UsbStatusReceiver" />
    <component-filter name="com.oppo.oppopowermonitor/.alarmevent.SaveDisplayStatsReceiver" />
    <component-filter name="com.oppo.oppopowermonitor/.PowerConnectionReceiver" />
    <component-filter name="com.oppo.oppopowermonitor/.customlog.BootUpCheckReceiver" />
    <component-filter name="com.oppo.oppopowermonitor/.parsebatterystats.ParseBatteryStatsService" />
    <component-filter name="com.oppo.oppopowermonitor/.PowermonitorOppoSafeReceiver" />
  </broadcast>
</rules>
