<rules>
  <broadcast block="true" log="false">
    <component-filter name="com.coloros.digitalwellbeing/.module.communicate.instruction.InstructionReceiver" />
    <component-filter name="com.coloros.digitalwellbeing/.module.communicate.transform.AppUsageReceiver" />
    <component-filter name="com.coloros.digitalwellbeing/.module.communicate.appusagetips.AppUsageTipsReceiver" />
    <component-filter name="com.coloros.digitalwellbeing/.module.communicate.instruction.InstructionsUtils$OnNotifyButtonClickReceiver" />
    <component-filter name="com.coloros.digitalwellbeing/.module.upload.AppInstallReceiver" />
    <component-filter name="com.coloros.digitalwellbeing/.module.communicate.LimitAlarm.LimitAlarmReceiver" />
    <component-filter name="com.coloros.digitalwellbeing/.RUSUpdateReceiver" />
  </broadcast>
</rules>
