<rules>
  <broadcast block="true" log="false">
    <component-filter name="com.coloros.sceneservice/.DateChangeReceiver" />
    <component-filter name="com.coloros.sceneservice/com.coloros.service.common.schedule.ScheduleTaskManager$AlarmBroadcastReceiver" />
    <component-filter name="com.coloros.sceneservice/.upgrade.ota.OTAReceiver" />
    <component-filter name="com.coloros.sceneservice/com.coloros.service.common.romupdate.RomUpdateReceiver" />
    <component-filter name="com.coloros.sceneservice/com.heytap.usercenter.accountsdk.utils.app.UserCenterOperateReceiver" />
    <component-filter name="com.coloros.sceneservice/.settings.sleepmode.SceneScanReceiver" />
    <component-filter name="com.coloros.sceneservice/.SceneServiceReceiver" />
    <component-filter name="com.coloros.sceneservice/com.coloros.dataengine.datacollect.RecordParkingLocationDataCollect" />
  </broadcast>
</rules>
