{
    "meta": {
        "name": "sdm888/sdm888+[Dev4.84.8992]",
        "author": "MatchaCc@coolapk",
        "features": "touch cpuload render standby sfanalysis ssanalysis dispfeature"
    },
    "common": {
        "verboseLog": {
            "note": "用于调试的详细日志",
            "enable": false
        },
        "switchInode": {
            "note": "接收性能模式切换的inode节点",
            "path": "/sdcard/yc/uperf/cur_powermode"
        },
        "inputReader": {
            "note": "用户输入读取提供触摸按下/点击/滑动hint。sampleIntervalMinMs:最小用户输入采样间隔。swipeThdPct:滑动大于此相对距离阈值认为是滑动操作。gesturePctX:全面屏手势识别起始坐标X轴阈值。gesturePctY:全面屏手势识别起始坐标X轴阈值。gestureDelayMs:全面屏手势退出延时。holdEnterMs:长时间保持触摸的时长。",
            "enable": true,
            "sampleIntervalMinMs": 20,
            "swipeThdPct": 0.03,
            "gesturePctX": 0.03,
            "gesturePctY": 0.03,
            "gestureDelayMs": 2780,
            "holdEnterMs": 1265
        },
        "loadMonitor": {
            "note": "系统负载监视器提供重负载hint。load:系统负载为所有核心的负载总和，单个核心负载=频率(Ghz)*效率(A53@1.0g为100)*负载(%)。heavyLoad:进入HeavyLoad的系统负载阈值。idleLoad:退出HeavyLoad的系统负载阈值。requestBurstSlackMs:在上一次HeavyLoad结束后，且在requestBurstSlack时间内没有HeavyLoad请求，才能响应新的HeavyLoad。",
            "enable": false,
            "sampleIntervalMinMs": 100,
            "heavyLoad": 1695,
            "idleLoad": 1265,
            "requestBurstSlackMs": 2655
        },
        "sfAnalysis": {
            "note": "surfaceflinger分析器提供渲染开始/结束/滞后hint。boostCntMax:SfBoost可用次数缓存上限。boostGrowQuantumMs:每满此间隔没有SfBoost请求，则SfBoost可用次数+1。renderIdleSlackMs:进入渲染结束状态前的滞后时长。",
            "enable": true,
            "boostCntMax": 50,
            "boostGrowQuantumMs": 110,
            "renderIdleSlackMs": 1
        },
        "ssAnalysis": {
            "note": "system_server分析器提供系统过渡动画开始/结束hint。",
            "enable": true
        },
        "uxAffinity": {
            "note": "UX线程自动设置，固定高优先级的UX线程到大核，并限制低优先级线程的需求响应",
            "enable": true
        },
        "dispFeature": {
            "note": "动态屏幕刷新率。path:白名单配置文件路径。rampDownDelayMs:降低屏幕刷新率前延时，降低频繁切换对视觉效果的影响。",
            "enable": true,
            "path": "/sdcard/yc/uperf/cfg_uperf_display.txt",
            "rampDownDelayMs": 2000
        },
        "dispatch": [
            {
                "hint": "None",
                "action": "normal",
                "maxDuration": 0,
                "note": "无Hint的常规状态"
            },
            {
                "hint": "Active",
                "action": "active",
                "maxDuration": 0,
                "note": "屏幕渲染刷新时切换的Hint"
            },
            {
                "hint": "Touch",
                "action": "interaction",
                "maxDuration": 0,
                "note": "触摸到屏幕切换的Hint"
            },
            {
                "hint": "Pressed",
                "action": "pressed",
                "maxDuration": 0,
                "note": "按住屏幕切换的Hint"
            },
            {
                "hint": "Tap",
                "action": "pressed",
                "maxDuration": 2400,
                "note": "点击松开屏幕切换的Hint"
            },
            {
                "hint": "Swipe",
                "action": "interaction",
                "maxDuration": 3700,
                "note": "在屏幕滑动一段距离松开后切换的Hint"
            },
            {
                "hint": "HeavyLoad",
                "action": "heavyLoad",
                "maxDuration": 1900,
                "note": "在Tap或Swipe检测到重负载后切换，负载降低后回落到Tap"
            },
            {
                "hint": "SfLag",
                "action": "sfLag",
                "maxDuration": 35,
                "note": "给Surfaceflinger的渲染提交出现滞后的Hint，滞后的渲染完成后会提前退出"
            },
            {
                "hint": "SfBoost",
                "action": "sfBoost",
                "maxDuration": 110,
                "note": "同SfLag，针对某些重负载场景"
            },
            {
                "hint": "SsAnim",
                "action": "heavyLoad",
                "maxDuration": 340,
                "note": "系统过渡动画的Hint"
            },
            {
                "hint": "Wakeup",
                "action": "heavyLoad",
                "maxDuration": 1700,
                "note": "屏幕点亮Hint"
            }
        ],
        "stateTransition": {
            "note": "Hint状态转移表，key为源状态，value为目的状态列表（按优先级降序排列），不含状态退出转移",
            "None": [
                "Wakeup",
                "Touch",
                "Pressed",
                "Tap",
                "Swipe",
                "Active"
            ],
            "Active": [
                "Wakeup",
                "Touch",
                "Pressed",
                "Tap",
                "Swipe"
            ],
            "Touch": [
                "Wakeup",
                "SsAnim",
                "SfLag",
                "HeavyLoad"
            ],
            "Pressed": [
                "SsAnim",
                "SfBoost"
            ],
            "Tap": [
                "SsAnim",
                "SfLag",
                "HeavyLoad"
            ],
            "Swipe": [
                "SsAnim",
                "SfLag",
                "HeavyLoad"
            ],
            "HeavyLoad": [
                "SfBoost"
            ],
            "SfLag": [],
            "SfBoost": [],
            "SsAnim": [
                "SfBoost"
            ],
            "Wakeup": [
                "SfBoost"
            ]
        }
    },
    "platform": {
        "noteClusterCpuId": "集群的CPU代表id",
        "clusterCpuId": [
            0,
            4,
            7
        ],
        "noteEfficiency": "每个CPU核心的的相对同频性能，以Cortex-A53@1.0g为100",
        "efficiency": [
            115,
            115,
            115,
            115,
            320,
            320,
            320,
            400
        ],
        "knobs": [
            {
                "name": "cpuFreqMax",
                "path": "/sys/devices/system/cpu/cpu%d/cpufreq/scaling_max_freq",
                "type": "cpufreq",
                "enable": true,
                "note": "cpu集群最大频率，单位为100Mhz"
            },
            {
                "name": "cpuFreqMin",
                "path": "/sys/devices/system/cpu/cpu%d/cpufreq/scaling_min_freq",
                "type": "cpufreq",
                "enable": true,
                "note": "cpu集群最小频率，单位为100Mhz"
            },     
            {
                "name": "cpuEnableMax",
                "path": "/sys/devices/system/cpu/cpu%d/core_ctl/max_cpus",
                "type": "percluster",
                "enable": true,
                "note": "集群核心启用数量"
            },
            {
                "name": "cpuEnableMin",
                "path": "/sys/devices/system/cpu/cpu%d/core_ctl/min_cpus",
                "type": "percluster",
                "enable": true,
                "note": "集群核心启用数量"
            },
            {
                "name": "schedBoost",
                "path": "/proc/sys/kernel/sched_boost",
                "type": "string",
                "enable": false,
                "note": "异构调度器全局任务放置boost，不考虑能耗代价"
            },
            {
                "name": "topBoost",
                "path": "/dev/cpuctl/top-app/cpu.uclamp.min",
                "type": "string",
                "enable": true,
                "note": "正在交互的App的schedtune.boost"
            },
            {
                "name": "heavyBoost",
                "path": "/dev/cpuctl/rt/cpu.uclamp.min",
                "type": "string",
                "enable": true,
                "note": "重负载线程的schedtune.boost"
            },
            {
                "name": "llccBwMax",
                "path": "/sys/class/devfreq/soc:qcom,cpu-cpu-llcc-bw/max_freq",
                "type": "string",
                "enable": true,
                "note": "LLCC最大带宽"
            },
            {
                "name": "llccBwMin",
                "path": "/sys/class/devfreq/soc:qcom,cpu-cpu-llcc-bw/min_freq",
                "type": "string",
                "enable": true,
                "note": "LLCC最小带宽"
            },
            {
                "name": "ddrBwMax",
                "path": "/sys/class/devfreq/soc:qcom,cpu-llcc-ddr-bw/max_freq",
                "type": "string",
                "enable": true,
                "note": "DDR最大带宽"
            },
            {
                "name": "ddrBwMin",
                "path": "/sys/class/devfreq/soc:qcom,cpu-llcc-ddr-bw/min_freq",
                "type": "string",
                "enable": true,
                "note": "DDR最小带宽"
            },
            {
                "name": "l3LatBig0",
                "path": "/sys/class/devfreq/18590100.qcom,cpu0-cpu-l3-lat/mem_latency/ratio_ceil",
                "type": "string",
                "enable": true,
                "note": "cpu0-3L3延迟控制，在L3命中率降低时，值越大越容易提升L3频率"
            },
            {
                "name": "l3LatBig1",
                "path": "/sys/class/devfreq/18590100.qcom,cpu1-cpu-l3-lat/mem_latency/ratio_ceil",
                "type": "string",
                "enable": true,
                "note": "cpu0-3L3延迟控制，在L3命中率降低时，值越大越容易提升L3频率"
            },
            {
                "name": "l3LatBig2",
                "path": "/sys/class/devfreq/18590100.qcom,cpu2-cpu-l3-lat/mem_latency/ratio_ceil",
                "type": "string",
                "enable": true,
                "note": "cpu0-3L3延迟控制，在L3命中率降低时，值越大越容易提升L3频率"
            },
            {
                "name": "l3LatBig3",
                "path": "/sys/class/devfreq/18590100.qcom,cpu3-cpu-l3-lat/mem_latency/ratio_ceil",
                "type": "string",
                "enable": true,
                "note": "cpu0-3L3延迟控制，在L3命中率降低时，值越大越容易提升L3频率"
            },
            {
                "name": "l3LatBig4",
                "path": "/sys/class/devfreq/18590100.qcom,cpu4-cpu-l3-lat/mem_latency/ratio_ceil",
                "type": "string",
                "enable": true,
                "note": "cpu4-6L3延迟控制，在L3命中率降低时，值越大越容易提升L3频率"
            },
                       {
                "name": "l3LatBig5",
                "path": "/sys/class/devfreq/18590100.qcom,cpu5-cpu-l3-lat/mem_latency/ratio_ceil",
                "type": "string",
                "enable": true,
                "note": "cpu4-6L3延迟控制，在L3命中率降低时，值越大越容易提升L3频率"
            },
                       {
                "name": "l3LatBig6",
                "path": "/sys/class/devfreq/18590100.qcom,cpu6-cpu-l3-lat/mem_latency/ratio_ceil",
                "type": "string",
                "enable": true,
                "note": "cpu4-6L3延迟控制，在L3命中率降低时，值越大越容易提升L3频率"
            },
               {
                "name": "l3LatBig7",
                "path": "/sys/class/devfreq/18590100.qcom,cpu7-cpu-l3-lat/mem_latency//ratio_ceil",
                "type": "string",
                "enable": true,
                "note": "cpu7L3延迟控制，在L3命中率降低时，值越大越容易提升L3频率"
            },
            {
                "name": "cpusystem",
                "path": "/dev/cpuset/system-background/cpus",
                "type": "string",
                "enable": true,
                "note": "系统应用后台"
            },
            {
                "name": "cpuuser",
                "path": "/dev/cpuset/background/cpus",
                "type": "string",
                "enable": true,
                "note": "用户应用后台"
            },
            {
                "name": "cpufore",
                "path": "/dev/cpuset/foreground/cpus",
                "type": "string",
                "enable": true,
                "note": "前台运行的应用"
            },
            {
                "name": "cputopapp",
                "path": "/dev/cpuset/top-app/cpus",
                "type": "string",
                "enable": true,
                "note": "上层运行的应用"
            },
            {
                "name": "ddrLatBig",
                "path": "/sys/class/devfreq/soc:qcom,cpu4-llcc-ddr-lat/mem_latency/ratio_ceil",
                "type": "string",
                "enable": true,
                "note": "大核DDR延迟控制，在DDR命中率降低时，值越大越容易提升DDR频率"
            },
            {
                "name": "uxAffinity",
                "path": "placeholder",
                "type": "uxaffinity",
                "enable": true,
                "note": "uxAffinity＞0时，将线程固定到大核，0=闲置，1=活动，2=强力，3=沉重，4=无限"
            },
            {
                "name": "dispFeature",
                "path": "placeholder",
                "type": "dispfeature",
                "enable": true,
                "note": "屏幕动态刷新率状态，0=空闲，1=活动，2=正在交互"
            },
            {
                "name": "gpuMinFreq",
                "path": "/sys/class/kgsl/kgsl-3d0/devfreq/min_freq",
                "type": "string",
                "enable": true,
                "note": "gpu运行时的最低频率"
            }
        ]
    },
    "powermodes": [
        {
            "name": "balance",
            "note": "均衡模式，在不损失高能效的情况下，大幅增加流畅度",
            "actions": {
                "normal": {
                    "cpuFreqMax": "16,18,18",
                    "cpuFreqMin": "3,7,8",
                    "cpuEnableMax": "4,3,1",
                    "cpuEnableMin": "4,3,1",
                    "schedBoost": "0",
                    "topBoost": "0",
                    "heavyBoost": "40",
                    "llccBwMax": "15258",
                    "llccBwMin": "0",
                    "ddrBwMax": "5931",
                    "ddrBwMin": "0",
                    "l3LatBig0": "4032",
                    "l3LatBig1": "4992",
                    "l3LatBig2": "6144",
                    "l3LatBig3": "7104",
                    "l3LatBig4": "6144",
                    "l3LatBig5": "6144",
                    "l3LatBig6": "8832",
                    "l3LatBig7": "6144",
                    "cpusystem": "0-3",
                    "cpuuser": "0-3",
                    "cpufore": "0-7",
                    "cputopapp": "0-7",
                    "ddrLatBig": "400",
                    "gpuMinFreq": "0000000",
                    "uxAffinity": "0",
                    "dispFeature": "0"
                },
                "active": {
                    "cpuFreqMax": "16,22,24",
                    "cpuFreqMin": "3,7,8",
                    "cpuEnableMax": "4,3,1",
                    "cpuEnableMin": "4,3,1",
                    "schedBoost": "0",
                    "topBoost": "0",
                    "heavyBoost": "40",
                    "llccBwMax": "15258",
                    "llccBwMin": "0",
                    "ddrBwMax": "7980",
                    "ddrBwMin": "0",
                    "l3LatBig0": "4992",
                    "l3LatBig1": "6144",
                    "l3LatBig2": "7104",
                    "l3LatBig3": "8832",
                    "l3LatBig4": "6144",
                    "l3LatBig5": "6144",
                    "l3LatBig6": "8832",
                    "l3LatBig7": "8832",
                    "cpusystem": "0-3",
                    "cpuuser": "0-3",
                    "cpufore": "0-7",
                    "cputopapp": "0-7",
                    "ddrLatBig": "400",
                    "gpuMinFreq": "0000000",
                    "uxAffinity": "0",
                    "dispFeature": "1"
                },
                "interaction": {
                    "cpuFreqMax": "17,22,22",
                    "cpuFreqMin": "8,10,8",
                    "cpuEnableMax": "4,3,1",
                    "cpuEnableMin": "4,3,1",
                    "schedBoost": "0",
                    "topBoost": "0",
                    "heavyBoost": "40",
                    "llccBwMax": "15258",
                    "llccBwMin": "7110",
                    "ddrBwMax": "12191",
                    "ddrBwMin": "2929",
                    "l3LatBig0": "8832",
                    "l3LatBig1": "9792",
                    "l3LatBig2": "10560",
                    "l3LatBig3": "11520",
                    "l3LatBig4": "8832",
                    "l3LatBig5": "10560",
                    "l3LatBig6": "12480",
                    "l3LatBig7": "6144",
                    "cpusystem": "0-3",
                    "cpuuser": "0-3",
                    "cpufore": "0-7",
                    "cputopapp": "0-7",
                    "ddrLatBig": "750",
                    "gpuMinFreq": "0000000",
                    "uxAffinity": "2",
                    "dispFeature": "2"
                },
                "pressed": {
                    "cpuFreqMax": "17,22,22",
                    "cpuFreqMin": "8,10,8",
                    "cpuEnableMax": "4,3,1",
                    "cpuEnableMin": "4,3,1",
                    "schedBoost": "0",
                    "topBoost": "0",
                    "heavyBoost": "40",
                    "llccBwMax": "15258",
                    "llccBwMin": "7110",
                    "ddrBwMax": "12191",
                    "ddrBwMin": "2929",
                    "l3LatBig0": "8832",
                    "l3LatBig1": "9792",
                    "l3LatBig2": "10560",
                    "l3LatBig3": "11520",
                    "l3LatBig4": "8832",
                    "l3LatBig5": "10560",
                    "l3LatBig6": "12480",
                    "l3LatBig7": "6144",
                    "cpusystem": "0-3",
                    "cpuuser": "0-3",
                    "cpufore": "0-7",
                    "cputopapp": "0-7",
                    "ddrLatBig": "750",
                    "gpuMinFreq": "0000000",
                    "uxAffinity": "2",
                    "dispFeature": "2"
                },
                "heavyLoad": {
                    "cpuFreqMax": "18,24,24",
                    "cpuFreqMin": "10,14,16",
                    "cpuEnableMax": "4,3,1",
                    "cpuEnableMin": "4,3,1",
                    "schedBoost": "0",
                    "topBoost": "3",
                    "heavyBoost": "40",
                    "llccBwMax": "15258",
                    "llccBwMin": "12298",
                    "ddrBwMax": "12191",
                    "ddrBwMin": "5931",
                    "l3LatBig0": "9792",
                    "l3LatBig1": "10560",
                    "l3LatBig2": "11520",
                    "l3LatBig3": "12480",
                    "l3LatBig4": "10560",
                    "l3LatBig5": "12480",
                    "l3LatBig6": "13248",
                    "l3LatBig7": "12480",
                    "cpusystem": "0-3",
                    "cpuuser": "0-3",
                    "cpufore": "0-7",
                    "cputopapp": "0-7",
                    "ddrLatBig": "2000",
                    "gpuMinFreq": "450000000",
                    "uxAffinity": "3",
                    "dispFeature": "2"
                },
                "sfLag": {
                    "cpuFreqMax": "16,18,24",
                    "cpuFreqMin": "10,20,10",
                    "cpuEnableMax": "4,3,1",
                    "cpuEnableMin": "4,3,1",
                    "gpuMinFreq": "450000000",
                    "uxAffinity": "2"
                },
                "sfBoost": {
                    "cpuFreqMax": "18,24,26",
                    "cpuFreqMin": "10,18,26",
                    "cpuEnableMax": "4,3,1",
                    "cpuEnableMin": "4,3,1",
                    "topBoost": "3",
                    "heavyBoost": "40",
                    "llccBwMax": "15258",
                    "llccBwMin": "15258",
                    "ddrBwMax": "12191",
                    "ddrBwMin": "7980",
                    "gpuMinFreq": "600000000",
                    "uxAffinity": "3"
                }
            }
        },
        {
            "name": "powersave",
            "note": "省电模式，满足最基础的性能需求同时，大幅提高能效比",
            "actions": {
                "normal": {
                    "cpuFreqMax": "15,16,16",
                    "cpuFreqMin": "3,7,8",
                    "cpuEnableMax": "4,3,0",
                    "cpuEnableMin": "4,3,0",
                    "schedBoost": "0",
                    "topBoost": "0",
                    "heavyBoost": "30",
                    "llccBwMax": "12298",
                    "llccBwMin": "0",
                    "ddrBwMax": "5931",
                    "ddrBwMin": "0",
                    "l3LatBig0": "3000",
                    "l3LatBig1": "3000",
                    "l3LatBig2": "3000",
                    "l3LatBig3": "3000",
                    "l3LatBig4": "4992",
                    "l3LatBig5": "4992",
                    "l3LatBig6": "4992",
                    "l3LatBig7": "6144",
                    "cpusystem": "0-2",
                    "cpuuser": "1-3",
                    "cpufore": "0-6",
                    "cputopapp": "0-6",
                    "ddrLatBig": "400",
                    "gpuMinFreq": "0000000",
                    "uxAffinity": "0",
                    "dispFeature": "0"
                },
                "active": {
                    "cpuFreqMax": "15,20,22",
                    "cpuFreqMin": "3,7,8",
                    "cpuEnableMax": "4,3,1",
                    "cpuEnableMin": "4,3,1",
                    "schedBoost": "0",
                    "topBoost": "0",
                    "heavyBoost": "30",
                    "llccBwMax": "14236",
                    "llccBwMin": "0",
                    "ddrBwMax": "7980",
                    "ddrBwMin": "0",
                    "l3LatBig0": "3000",
                    "l3LatBig1": "3000",
                    "l3LatBig2": "4032",
                    "l3LatBig3": "4032",
                    "l3LatBig4": "4992",
                    "l3LatBig5": "4992",
                    "l3LatBig6": "6144",
                    "l3LatBig7": "6144",
                    "cpusystem": "0-2",
                    "cpuuser": "1-3",
                    "cpufore": "0-7",
                    "cputopapp": "0-7",
                    "ddrLatBig": "400",
                    "gpuMinFreq": "0000000",
                    "uxAffinity": "0",
                    "dispFeature": "1"
                },
                "interaction": {
                    "cpuFreqMax": "16,18,20",
                    "cpuFreqMin": "7,8,8",
                    "cpuEnableMax": "4,3,1",
                    "cpuEnableMin": "4,3,1",
                    "schedBoost": "0",
                    "topBoost": "0",
                    "heavyBoost": "30",
                    "llccBwMax": "15258",
                    "llccBwMin": "7110",
                    "ddrBwMax": "12191",
                    "ddrBwMin": "2086",
                    "l3LatBig0": "7104",
                    "l3LatBig1": "7104",
                    "l3LatBig2": "7104",
                    "l3LatBig3": "7104",
                    "l3LatBig4": "6144",
                    "l3LatBig5": "6144",
                    "l3LatBig6": "6144",
                    "l3LatBig7": "6144",
                    "cpusystem": "0-2",
                    "cpuuser": "1-3",
                    "cpufore": "0-7",
                    "cputopapp": "0-7",
                    "ddrLatBig": "600",
                    "gpuMinFreq": "0000000",
                    "uxAffinity": "1",
                    "dispFeature": "2"
                },
                "pressed": {
                    "cpuFreqMax": "16,18,20",
                    "cpuFreqMin": "7,8,8",
                    "cpuEnableMax": "4,3,1",
                    "cpuEnableMin": "4,3,1",
                    "schedBoost": "0",
                    "topBoost": "0",
                    "heavyBoost": "30",
                    "llccBwMax": "15258",
                    "llccBwMin": "7110",
                    "ddrBwMax": "12191",
                    "ddrBwMin": "2086",
                    "l3LatBig0": "7104",
                    "l3LatBig1": "7104",
                    "l3LatBig2": "7104",
                    "l3LatBig3": "7104",
                    "l3LatBig4": "6144",
                    "l3LatBig5": "6144",
                    "l3LatBig6": "6144",
                    "l3LatBig7": "6144",
                    "cpusystem": "0-2",
                    "cpuuser": "1-3",
                    "cpufore": "0-7",
                    "cputopapp": "0-7",
                    "ddrLatBig": "600",
                    "gpuMinFreq": "0000000",
                    "uxAffinity": "1",
                    "dispFeature": "2"
                },
                "heavyLoad": {
                    "cpuFreqMax": "16,20,20",
                    "cpuFreqMin": "8,10,12",
                    "cpuEnableMax": "4,3,1",
                    "cpuEnableMin": "4,3,1",
                    "schedBoost": "0",
                    "topBoost": "0",
                    "heavyBoost": "30",
                    "llccBwMax": "15258",
                    "llccBwMin": "9115",
                    "ddrBwMax": "12191",
                    "ddrBwMin": "5931",
                    "l3LatBig0": "8832",
                    "l3LatBig1": "8832",
                    "l3LatBig2": "8832",
                    "l3LatBig3": "8832",
                    "l3LatBig4": "8832",
                    "l3LatBig5": "8832",
                    "l3LatBig6": "8832",
                    "l3LatBig7": "10560",
                    "cpusystem": "0-2",
                    "cpuuser": "1-3",
                    "cpufore": "0-7",
                    "cputopapp": "0-7",
                    "ddrLatBig": "900",
                    "gpuMinFreq": "0000000",
                    "uxAffinity": "2",
                    "dispFeature": "2"
                },
                "sfLag": {
                    "cpuFreqMax": "16,16,12",
                    "cpuFreqMin": "8,15,8",
                    "cpuEnableMax": "4,3,1",
                    "cpuEnableMin": "4,3,1",
                    "gpuMinFreq": "0000000",
                    "uxAffinity": "1"
                },
                "sfBoost": {
                    "cpuFreqMax": "18,20,24",
                    "cpuFreqMin": "10,15,20",
                    "cpuEnableMax": "4,3,1",
                    "cpuEnableMin": "4,3,1",
                    "topBoost": "0",
                    "heavyBoost": "30",
                    "llccBwMax": "15258",
                    "llccBwMin": "12298",
                    "ddrBwMax": "12191",
                    "ddrBwMin": "5391",
                    "gpuMinFreq": "0000000",
                    "uxAffinity": "2"
                }
            }
        },
        {
            "name": "performance",
            "note": "性能模式，可长时间的保持高性能输出，能效较差",
            "actions": {
                "normal": {
                    "cpuFreqMax": "18,24,30",
                    "cpuFreqMin": "7,7,8",
                    "cpuEnableMax": "4,3,1",
                    "cpuEnableMin": "4,3,1",
                    "schedBoost": "0",
                    "topBoost": "0",
                    "heavyBoost": "0",
                    "llccBwMax": "15258",
                    "llccBwMin": "0",
                    "ddrBwMax": "12191",
                    "ddrBwMin": "0",
                    "l3LatBig0": "8832",
                    "l3LatBig1": "9792",
                    "l3LatBig2": "10560",
                    "l3LatBig3": "11520",
                    "l3LatBig4": "6144",
                    "l3LatBig5": "8832",
                    "l3LatBig6": "10560",
                    "l3LatBig7": "8832",
                    "cpusystem": "0-6",
                    "cpuuser": "0-6",
                    "cpufore": "0-7",
                    "cputopapp": "0-7",
                    "ddrLatBig": "700",
                    "gpuMinFreq": "0000000",
                    "uxAffinity": "2",
                    "dispFeature": "0"
                },
                "active": {
                    "cpuFreqMax": "18,24,30",
                    "cpuFreqMin": "14,12,12",
                    "cpuEnableMax": "4,3,1",
                    "cpuEnableMin": "4,3,1",
                    "schedBoost": "0",
                    "topBoost": "0",
                    "heavyBoost": "0",
                    "llccBwMax": "15258",
                    "llccBwMin": "0",
                    "ddrBwMax": "12191",
                    "ddrBwMin": "0",
                    "l3LatBig0": "13248",
                    "l3LatBig1": "14208",
                    "l3LatBig2": "15168",
                    "l3LatBig3": "15936",
                    "l3LatBig4": "12480",
                    "l3LatBig5": "13248",
                    "l3LatBig6": "15168",
                    "l3LatBig7": "12480",
                    "cpusystem": "0-6",
                    "cpuuser": "0-6",
                    "cpufore": "0-7",
                    "cputopapp": "0-7",
                    "ddrLatBig": "700",
                    "gpuMinFreq": "450000000",
                    "uxAffinity": "4",
                    "dispFeature": "1"
                },
                "interaction": {
                    "cpuFreqMax": "18,22,24",
                    "cpuFreqMin": "16,16,16",
                    "cpuEnableMax": "4,3,1",
                    "cpuEnableMin": "4,3,1",
                    "schedBoost": "0",
                    "topBoost": "0",
                    "heavyBoost": "0",
                    "llccBwMax": "15258",
                    "llccBwMin": "12298",
                    "ddrBwMax": "12191",
                    "ddrBwMin": "5931",
                    "l3LatBig0": "13248",
                    "l3LatBig1": "14208",
                    "l3LatBig2": "15168",
                    "l3LatBig3": "15936",
                    "l3LatBig4": "12480",
                    "l3LatBig5": "13248",
                    "l3LatBig6": "15168",
                    "l3LatBig7": "13248",
                    "cpusystem": "0-6",
                    "cpuuser": "0-6",
                    "cpufore": "0-7",
                    "cputopapp": "0-7",
                    "ddrLatBig": "2400",
                    "gpuMinFreq": "450000000",
                    "uxAffinity": "3",
                    "dispFeature": "2"
                },
                "pressed": {
                    "cpuFreqMax": "18,22,24",
                    "cpuFreqMin": "16,16,16",
                    "cpuEnableMax": "4,3,1",
                    "cpuEnableMin": "4,3,1",
                    "schedBoost": "0",
                    "topBoost": "0",
                    "heavyBoost": "0",
                    "llccBwMax": "15258",
                    "llccBwMin": "12298",
                    "ddrBwMax": "12191",
                    "ddrBwMin": "5931",
                    "l3LatBig0": "13248",
                    "l3LatBig1": "14208",
                    "l3LatBig2": "15168",
                    "l3LatBig3": "15936",
                    "l3LatBig4": "12480",
                    "l3LatBig5": "13248",
                    "l3LatBig6": "15168",
                    "l3LatBig7": "13248",
                    "cpusystem": "0-6",
                    "cpuuser": "0-6",
                    "cpufore": "0-7",
                    "cputopapp": "0-7",
                    "ddrLatBig": "2400",
                    "gpuMinFreq": "450000000",
                    "uxAffinity": "3",
                    "dispFeature": "2"
                },
                "heavyLoad": {
                    "cpuFreqMax": "18,24,30",
                    "cpuFreqMin": "18,20,24",
                    "cpuEnableMax": "4,3,1",
                    "cpuEnableMin": "4,3,1",
                    "schedBoost": "1",
                    "topBoost": "0",
                    "heavyBoost": "0",
                    "llccBwMax": "15258",
                    "llccBwMin": "14236",
                    "ddrBwMax": "12191",
                    "ddrBwMin": "7980",
                    "l3LatBig0": "15936",
                    "l3LatBig1": "15936",
                    "l3LatBig2": "15936",
                    "l3LatBig3": "15936",
                    "l3LatBig4": "15168",
                    "l3LatBig5": "15168",
                    "l3LatBig6": "15168",
                    "l3LatBig7": "15936",
                    "cpusystem": "0-6",
                    "cpuuser": "0-6",
                    "cpufore": "0-7",
                    "cputopapp": "0-7",
                    "ddrLatBig": "3000",
                    "gpuMinFreq": "600000000",
                    "uxAffinity": "4",
                    "dispFeature": "2"
                },
                "sfLag": {
                    "cpuFreqMax": "18,24,30",
                    "cpuFreqMin": "12,24,24",
                    "cpuEnableMax": "4,3,1",
                    "cpuEnableMin": "4,3,1",
                    "gpuMinFreq": "600000000",
                    "uxAffinity": "3"
                },
                "sfBoost": {
                    "cpuFreqMax": "18,24,30",
                    "cpuFreqMin": "16,24,28",
                    "cpuEnableMax": "4,3,1",
                    "cpuEnableMin": "4,3,1",
                    "topBoost": "0",
                    "heavyBoost": "0",
                    "llccBwMax": "15258",
                    "llccBwMin": "15258",
                    "ddrBwMax": "12191",
                    "ddrBwMin": "12191",
                    "gpuMinFreq": "650000000",
                    "uxAffinity": "4"
                }
            }
        },
        {
            "name": "fast",
            "note": "极速模式，无视能效火力全开，解放性能限制",
            "actions": {
                "normal": {
                    "cpuFreqMax": "18,24,30",
                    "cpuFreqMin": "18,24,30",
                    "cpuEnableMax": "4,3,1",
                    "cpuEnableMin": "4,3,1",
                    "schedBoost": "0",
                    "topBoost": "0",
                    "heavyBoost": "0",
                    "llccBwMax": "15258",
                    "llccBwMin": "15258",
                    "ddrBwMax": "12191",
                    "ddrBwMin": "12191",
                    "l3LatBig0": "15936",
                    "l3LatBig1": "15936",
                    "l3LatBig2": "15936",
                    "l3LatBig3": "15936",
                    "l3LatBig4": "15168",
                    "l3LatBig5": "15168",
                    "l3LatBig6": "15168",
                    "l3LatBig7": "15936",
                    "cpusystem": "0-7",
                    "cpuuser": "0-7",
                    "cpufore": "0-7",
                    "cputopapp": "0-7",
                    "ddrLatBig": "4000",
                    "gpuMinFreq": "840000000",
                    "uxAffinity": "4",
                    "dispFeature": "0"
                },
                "active": {
                    "cpuFreqMax": "18,24,30",
                    "cpuFreqMin": "18,24,30",
                    "cpuEnableMax": "4,3,1",
                    "cpuEnableMin": "4,3,1",
                    "schedBoost": "0",
                    "topBoost": "0",
                    "heavyBoost": "0",
                    "llccBwMax": "15258",
                    "llccBwMin": "15258",
                    "ddrBwMax": "12191",
                    "ddrBwMin": "12191",
                    "l3LatBig0": "15936",
                    "l3LatBig1": "15936",
                    "l3LatBig2": "15936",
                    "l3LatBig3": "15936",
                    "l3LatBig4": "15168",
                    "l3LatBig5": "15168",
                    "l3LatBig6": "15168",
                    "l3LatBig7": "15936",
                    "cpusystem": "0-7",
                    "cpuuser": "0-7",
                    "cpufore": "0-7",
                    "cputopapp": "0-7",
                    "ddrLatBig": "4000",
                    "gpuMinFreq": "840000000",
                    "uxAffinity": "4",
                    "dispFeature": "1"
                },
                "interaction": {
                    "cpuFreqMax": "18,24,30",
                    "cpuFreqMin": "18,24,30",
                    "cpuEnableMax": "4,3,1",
                    "cpuEnableMin": "4,3,1",
                    "schedBoost": "0",
                    "topBoost": "7",
                    "heavyBoost": "0",
                    "llccBwMax": "15258",
                    "llccBwMin": "15258",
                    "ddrBwMax": "12191",
                    "ddrBwMin": "12191",
                    "l3LatBig0": "15936",
                    "l3LatBig1": "15936",
                    "l3LatBig2": "15936",
                    "l3LatBig3": "15936",
                    "l3LatBig4": "15168",
                    "l3LatBig5": "15168",
                    "l3LatBig6": "15168",
                    "l3LatBig7": "15936",
                    "cpusystem": "0-7",
                    "cpuuser": "0-7",
                    "cpufore": "0-7",
                    "cputopapp": "0-7",
                    "ddrLatBig": "4000",
                    "gpuMinFreq": "840000000",
                    "uxAffinity": "4",
                    "dispFeature": "2"
                },
                "pressed": {
                    "cpuFreqMax": "18,24,30",
                    "cpuFreqMin": "18,24,30",
                    "cpuEnableMax": "4,3,1",
                    "cpuEnableMin": "4,3,1",
                    "schedBoost": "0",
                    "topBoost": "7",
                    "heavyBoost": "0",
                    "llccBwMax": "15258",
                    "llccBwMin": "15258",
                    "ddrBwMax": "12191",
                    "ddrBwMin": "12191",
                    "l3LatBig0": "15936",
                    "l3LatBig1": "15936",
                    "l3LatBig2": "15936",
                    "l3LatBig3": "15936",
                    "l3LatBig4": "15168",
                    "l3LatBig5": "15168",
                    "l3LatBig6": "15168",
                    "l3LatBig7": "15936",
                    "cpusystem": "0-7",
                    "cpuuser": "0-7",
                    "cpufore": "0-7",
                    "cputopapp": "0-7",
                    "ddrLatBig": "4000",
                    "gpuMinFreq": "840000000",
                    "uxAffinity": "4",
                    "dispFeature": "2"
                },
                "heavyLoad": {
                    "cpuFreqMax": "18,24,30",
                    "cpuFreqMin": "18,24,30",
                    "cpuEnableMax": "4,3,1",
                    "cpuEnableMin": "4,3,1",
                    "schedBoost": "1",
                    "topBoost": "0",
                    "heavyBoost": "0",
                    "llccBwMax": "15258",
                    "llccBwMin": "15258",
                    "ddrBwMax": "12191",
                    "ddrBwMin": "12191",
                    "l3LatBig0": "15936",
                    "l3LatBig1": "15936",
                    "l3LatBig2": "15936",
                    "l3LatBig3": "15936",
                    "l3LatBig4": "15168",
                    "l3LatBig5": "15168",
                    "l3LatBig6": "15168",
                    "l3LatBig7": "15936",
                    "cpusystem": "0-7",
                    "cpuuser": "0-7",
                    "cpufore": "0-7",
                    "cputopapp": "0-7",
                    "ddrLatBig": "4000",
                    "gpuMinFreq": "840000000",
                    "uxAffinity": "4",
                    "dispFeature": "2"
                },
                "sfLag": {
                    "cpuFreqMax": "18,24,30",
                    "cpuFreqMin": "18,24,30",
                    "cpuEnableMax": "4,3,1",
                    "cpuEnableMin": "4,3,1",
                 "gpuMinFreq": "840000000",   
                    "uxAffinity": "4"
                },
                "sfBoost": {
                    "cpuFreqMax": "18,24,30",
                    "cpuFreqMin": "18,24,30",
                    "cpuEnableMax": "4,3,1",
                    "cpuEnableMin": "4,3,1",
                    "topBoost": "0",
                    "heavyBoost": "0",
                    "llccBwMax": "15258",
                    "llccBwMin": "15258",
                    "ddrBwMax": "12191",
                    "ddrBwMin": "12191",
                    "gpuMinFreq": "840000000",
                    "uxAffinity": "4"
                }
            }
        }
    ]
}