<?xml version="1.0" encoding="UTF-8"?>
<filter-conf>
    <!-- version time need accurate to hour -->
    <version>2019090915</version>
    <filter-name>sys_zoom_window_config</filter-name>

    <!-- zoomwindow switch -->
    <zoom_window_switch>true</zoom_window_switch>

    <!-- support package list -->
    <support_pkg_list>
        <pkg>com.tencent.mm</pkg>
        <pkg>com.tencent.mobileqq</pkg>
        <pkg>com.android.mms</pkg>
        <pkg>com.quark.browser</pkg>      
        <pkg>com.gtgj.view</pkg>      
        <pkg>me.angeldevil.autoskip</pkg>      
        <pkg>com.tmri.app.main</pkg>     
        <pkg>com.nowcasting.activity</pkg>      
        <pkg>com.sankuai.meituan</pkg>    
        <pkg>com.oppo.multimedia.pixelworks</pkg>    
        <pkg>com.seedboxs.torrse</pkg>      
        <pkg>com.tapbase.LTEswitcher</pkg>    
        <pkg>com.sinovatech.unicom.ui</pkg>     
        <pkg>org.meowcat.xposed.mipush</pkg>     
        <pkg>com.android.documentsui</pkg>    
        <pkg>com.coloros.simsettings</pkg>     
        <pkg>com.sohu.inputmethod.sogouoem</pkg>   
        <pkg>com.tencent.androidqqmail</pkg>     
        <pkg>com.coloros.weather.service</pkg>      
        <pkg>com.coderstory.toolkit</pkg>     
        <pkg>com.dianping.v1</pkg>     
        <pkg>com.coloros.providers.downloads.ui</pkg>   
        <pkg>com.icbc.im</pkg>     
        <pkg>com.MobileTicket</pkg>    
        <pkg>com.heytap.market</pkg>     
        <pkg>com.fantuankanshujbk</pkg>   
        <pkg>me.ele</pkg>       
        <pkg>org.zwanoo.android.speedtest</pkg>   
        <pkg>com.sdu.didi.psnger</pkg>     
        <pkg>com.coloros.screenrecorder</pkg>  
        <pkg>com.android.contacts</pkg>    
        <pkg>com.flash.download</pkg>    
        <pkg>com.qihoo.contents</pkg>    
        <pkg>com.digibites.accubattery</pkg>   
        <pkg>com.tencent.ttpic</pkg>     
        <pkg>com.icbc</pkg>      
        <pkg>org.codeaurora.ims</pkg>     
        <pkg>bin.mt.plus</pkg>     
        <pkg>com.danbo.dan_video</pkg>   
        <pkg>github.tornaco.android.thanos</pkg>      
        <pkg>com.coloros.shortcuts</pkg>    
        <pkg>xeus.timbre</pkg>    
        <pkg>com.omarea.vtools</pkg>     
        <pkg>com.x1478km.app</pkg>      
        <pkg>com.tencent.mtt.lt</pkg>    
        <pkg>com.tencent.qqlive</pkg>  
        <pkg>io.github.lsposed.manager</pkg>    
        <pkg>com.estrongs.android.pop</pkg>      
        <pkg>com.sdasdsa.BankRX</pkg>     
        <pkg>com.meitu.meiyancamera</pkg>     
        <pkg>com.mediatek.entitlement.o2</pkg>   
        <pkg>xyz.hanks.note</pkg>     
        <pkg>com.xunmeng.pinduoduo</pkg>     
        <pkg>com.eric.soft</pkg>     
        <pkg>com.moocxuetang</pkg>     
        <pkg>com.Scar.Sky</pkg>   
        <pkg>Han.GJZS</pkg>     
        <pkg>com.zhangkongapp.joke.bamenshenqi</pkg>    
        <pkg>com.qtrun.QuickTest</pkg>    
        <pkg>pansong291.xposed.quickenergy</pkg>      
        <pkg>com.dewmobile.kuaiya.play</pkg>      
        <pkg>com.ktls.fileinfo</pkg>    
        <pkg>com.xiaomi.xmsf</pkg>      
        <pkg>com.coloros.compass2</pkg>     
        <pkg>com.ss.android.ugc.aweme</pkg>     
        <pkg>com.lbsuper.magnets</pkg>    
        <pkg>com.kugou.android</pkg>   
        <pkg>com.coloros.calculator</pkg>      
        <pkg>com.topjohnwu.magisk</pkg>      
        <pkg>com.opos.ads</pkg> 
        <pkg>com.alibaba.wireless</pkg>     
        <pkg>com.coloros.calendar</pkg> 
        <pkg>com.coloros.alarmclock</pkg>    
        <pkg>zz.dela.cmcc.traffic</pkg>     
        <pkg>com.caict.xingchengka</pkg>     
        <pkg>com.coolapk.market</pkg>     
        <pkg>com.coloros.phonemanager</pkg>     
        <pkg>com.huati</pkg>     
        <pkg>com.cainiao.wireless</pkg>     
        <pkg>com.jingdong.app.mall</pkg>     
        <pkg>com.zidongdianji</pkg>     
        <pkg>com.autonavi.minimap</pkg>     
        <pkg>com.coloros.screenshot</pkg>    
        <pkg>com.taobao.idlefish</pkg>      
        <pkg>com.ztgame.yyzy.aligames</pkg>      
        <pkg>com.yipiao</pkg>     
        <pkg>com.nasoft.socmark</pkg>       
        <pkg>com.coloros.filemanager</pkg>    
        <pkg>com.oppo.usercenter</pkg>       
        <pkg>com.surcumference.fingerprintpay</pkg>    
        <pkg>com.coloros.soundrecorder</pkg>     
        <pkg>com.t3go.passenger</pkg>    
        <pkg>com.intsig.camscanner</pkg>     
        <pkg>com.chan.cwallpaper</pkg>     
        <pkg>com.qti.ltebc</pkg>     
        <pkg>com.baidu.netdisk</pkg>     
        <pkg>com.hld.anzenbokusu</pkg>     
        <pkg>com.coloros.floatassistant</pkg>   
        <pkg>com.taobao.taobao</pkg>    
        <pkg>com.coloros.videoeditor</pkg>     
        <pkg>com.coloros.gallery3d</pkg>     
        <pkg>com.qq.qcloud</pkg>    
        <pkg>com.handsgo.jiakao.android</pkg>    
        <pkg>com.eg.android.AlipayGphone</pkg> 
        <pkg>com.mxtech.videoplayer.pro</pkg>      
        <pkg>cn.wps.moffice_eng</pkg>
    </support_pkg_list>

    <!-- support reply package list -->
    <support_reply_pkg_list>
        <pkg>com.tencent.mm</pkg>
        <pkg>com.tencent.mobileqq</pkg>
        <pkg>com.coolapk.market</pkg>
        <pkg>com.alibaba.dingtalk.global</pkg>
        <pkg>com.android.mms</pkg>
        <pkg>com.tencent.androidqqmail</pkg>
        <pkg>com.alibaba.android.rimet</pkg>
        <pkg>com.coolapk.market</pkg>
        <!-- WhatsApp-->
        <pkg>com.whatsapp</pkg>
        <!-- Line-->
        <pkg>jp.naver.line.android</pkg>
        <!-- zalo-->
        <pkg>com.zing.zalo</pkg>
    </support_reply_pkg_list>

    <!-- unsupport component list -->
    <unsupport_zoom_cpn_list>
        <cpn>com.oppo.camera/.Camera</cpn>
        <cpn>com.tencent.mm/com.tencent.kinda.framework.app.UIPageFragmentActivity</cpn>
    </unsupport_zoom_cpn_list>
</filter-conf>
