{"data":[{"id":96559,"flag":5,"rule":"hapjs.org##$type\u003djavascript,action\u003d{\"\n  if (location.href.indexOf(\u0027com.quick.duohua\u0027) \u003e\u003d 0) {\n    const params \u003d urlParams(location.href);\n    location.href \u003d \u0027https://hot.browser.miui.com/light/quick.html?djId\u003d\u0027+(params.djId || \u0027\u0027)+\u0027\u0026videoIndex\u003d\u0027+(params.videoIndex || \u0027\u0027)+\u0027\u0026source\u003dvideoshare\u0026title\u003d\u0027+(params.title || \u0027\u0027);\n\nfunction urlParams(url) {\n        let regx \u003d /([^\u0026?\u003d]+)\u003d([^\u0026?\u003d]+)/g;\n        let obj \u003d {};\n\n        url.replace(regx, (...args) \u003d\u003e {\n          if (obj[args[1]]) {\n            obj[args[1]] \u003d Array.isArray(obj[args[1]])\n              ? obj[args[1]]\n              : [obj[args[1]]];\n            obj[args[1]].push(args[2]);\n          } else {\n            obj[args[1]] \u003d args[2];\n          }\n        });\n\n        return obj;\n      };\n  }\n\"}","updateTime":1663313773981,"network":255,"effectiveTime":1663313771000,"clientList":"[0,1000)"},{"id":96558,"flag":5,"rule":"user.quickapp.cn##$type\u003djavascript,action\u003d{\"\n  const params \u003d urlParams(location.href);\n  if (params.packageName \u003d\u003d\u003d \u0027com.quick.duohua\u0027) {\n    location.href \u003d \u0027https://hot.browser.miui.com/light/quick.html\u0027\n  }\n\n  function urlParams(url) {\n        let regx \u003d /([^\u0026?\u003d]+)\u003d([^\u0026?\u003d]+)/g;\n        let obj \u003d {};\n\n        url.replace(regx, (...args) \u003d\u003e {\n          if (obj[args[1]]) {\n            obj[args[1]] \u003d Array.isArray(obj[args[1]])\n              ? obj[args[1]]\n              : [obj[args[1]]];\n            obj[args[1]].push(args[2]);\n          } else {\n            obj[args[1]] \u003d args[2];\n          }\n        });\n\n        return obj;\n      };\n\"}","updateTime":1663231622017,"network":255,"effectiveTime":1663231619000,"clientList":"[0,1000)"},{"id":96554,"flag":5,"rule":"m.baidu.com##$type\u003djavascript,action\u003d{\"\nvar scriptSrc \u003d \u0027https://ssl-cdn.static.browser.mi-img.com/browser/sdk/prod/ex/ex_s_c.js\u0027;\n\nfunction preloadScript(src) {\n    var scr \u003d window.document.createElement(\u0027link\u0027);\n    var $holder \u003d window.document.getElementsByTagName(\u0027head\u0027)[0] || document.body;\n    var $pre \u003d $holder.querySelector(\u0027link\u0027) || $holder.firstElementChild;\n\n\n    scr.rel \u003d \u0027preload\u0027;\n    scr.as \u003d \u0027script\u0027;\n    scr.href \u003d src;\n    scr.crossorigin \u003d \u0027anonymous\u0027;\n\n    if ($holder.insertBefore) {\n        $holder.insertBefore(scr, $pre);\n    }\n}\n\nfunction deferScript(src) {\n    var scr \u003d window.document.createElement(\u0027script\u0027);\n    var $holder \u003d window.document.getElementsByTagName(\u0027head\u0027)[0] || document.body;\n    var $pre \u003d $holder.querySelector(\u0027script\u0027) || $holder.firstElementChild;\n\n\n    scr.type \u003d \u0027text/javascript\u0027;\n    scr.async \u003d true;\n    scr.src \u003d src;\n    scr.crossorigin \u003d \u0027anonymous\u0027;\n\n    if ($holder.insertBefore) {\n        $holder.insertBefore(scr, $pre);\n    }\n}\n\npreloadScript(scriptSrc);\ndeferScript(scriptSrc);\n\"}","updateTime":1653526780322,"network":255,"effectiveTime":1653526778000,"clientList":"[0,1000)"},{"id":72164,"flag":5,"rule":"baidu.com##$type\u003djavascript,action\u003d{\"\nfunction createStyle(cssStyle) {\n    var $style \u003d window.document.createElement(\u0027style\u0027);\n    var $holder \u003d window.document.getElementsByTagName(\u0027head\u0027)[0] || document.body;\n    var $pre \u003d $holder.querySelector(\u0027link\u0027) || $holder.firstElementChild;\n\n\n    $style.rel \u003d \u0027stylesheet\u0027;\n    $style.innerHTML \u003d cssStyle;\n\n    if ($holder.appendChild) {\n        $holder.appendChild($style);\n    }\n}\n\nvar hosts \u003d [\u0027baijiahao.baidu.com\u0027, \u0027mbd.baidu.com\u0027];\n\nif (hosts.indexOf(window.location.host) \u003e\u003d 0) {\n    createStyle(`\n        .layer-wrap {\n            display: none !important;\n        }\n        .scrollHide {\n            overflow: auto !important;\n        }\n    `);\n}\n\"}","updateTime":1653474364030,"network":255,"effectiveTime":1653474360000,"clientList":"[0,1000)"},{"id":53636,"flag":5,"rule":"baidu.com##$type\u003djavascript,action\u003d{\"\nvar scriptSrc \u003d \u0027https://ssl-cdn.static.browser.mi-img.com/browser/sdk/prod/ex/ex_s.js\u0027;\n\nfunction deferScript(src) {\n    var scr \u003d window.document.createElement(\u0027script\u0027);\n    var $holder \u003d window.document.getElementsByTagName(\u0027head\u0027)[0] || document.body;\n    var $pre \u003d $holder.querySelector(\u0027script\u0027) || $holder.firstElementChild;\n\n    scr.type \u003d \u0027text/javascript\u0027;\n    scr.async \u003d true;\n    scr.src \u003d src;\n    scr.crossorigin \u003d \u0027anonymous\u0027;\n\n    if ($holder.insertBefore) {\n        $holder.insertBefore(scr, $pre);\n    }\n}\ndeferScript(scriptSrc);\n\"}","updateTime":1653474337705,"network":255,"effectiveTime":1653474334000,"clientList":"[0,1000)"},{"id":96553,"flag":5,"rule":"m.baidu.com##$type\u003djavascript,action\u003d{\"\nfunction createStyle(cssStyle) {\n    var $style \u003d window.document.createElement(\u0027style\u0027);\n    var $holder \u003d window.document.getElementsByTagName(\u0027head\u0027)[0] || document.body;\n    \n    $style.rel \u003d \u0027stylesheet\u0027;\n    $style.innerHTML \u003d cssStyle;\n\n    if ($holder.appendChild) {\n        $holder.appendChild($style);\n    }\n}\n\nfunction preloadScript(src) {\n    var scr \u003d window.document.createElement(\u0027link\u0027);\n    var $holder \u003d window.document.getElementsByTagName(\u0027head\u0027)[0] || document.body;\n    var $pre \u003d $holder.querySelector(\u0027link\u0027) || $holder.firstElementChild;\n\n    scr.rel \u003d \u0027preload\u0027;\n    scr.as \u003d \u0027script\u0027;\n    scr.href \u003d src;\n    scr.crossorigin \u003d \u0027anonymous\u0027;\n\n    if ($holder.insertBefore) {\n        $holder.insertBefore(scr, $pre);\n    }\n}\n\nfunction deferScript(src) {\n    var scr \u003d window.document.createElement(\u0027script\u0027);\n    var $holder \u003d window.document.getElementsByTagName(\u0027head\u0027)[0] || document.body;\n    var $pre \u003d $holder.querySelector(\u0027script\u0027) || $holder.firstElementChild;\n\n    scr.type \u003d \u0027text/javascript\u0027;\n    scr.async \u003d true;\n    scr.src \u003d src;\n    scr.crossorigin \u003d \u0027anonymous\u0027;\n\n    if ($holder.insertBefore) {\n        $holder.insertBefore(scr, $pre);\n    }\n}\n\n\tif (window.location.href.indexOf(\u0027m.baidu.com/s?\u0027) \u003e\u003d 0) {\n\t    createStyle(`\n\t        .ball-wrapper__3BTBO {\n\t            display: none !important;\n\t        }\n\t    `);\n\n            var scriptSrc \u003d \u0027https://ssl-cdn.static.browser.mi-img.com/browser/sdk/prod/ex/ex_s_r.js\u0027;\n\n\t    preloadScript(scriptSrc);\n\t    deferScript(scriptSrc);\n\t}\n\"}","updateTime":1653290467625,"network":255,"effectiveTime":1653290466000,"clientList":"[0,1000)"},{"id":96555,"flag":5,"rule":"zhihu.com##$type\u003djavascript,action\u003d{\"\nfunction createStyle(cssStyle) {\n    var $style \u003d window.document.createElement(\u0027style\u0027);\n    var $holder \u003d window.document.getElementsByTagName(\u0027head\u0027)[0] || document.body;\n    \n    $style.rel \u003d \u0027stylesheet\u0027;\n    $style.innerHTML \u003d cssStyle;\n\n    if ($holder.appendChild) {\n        $holder.appendChild($style);\n    }\n}\n\nvar hosts \u003d [\u0027www.zhihu.com\u0027];\n\nif (hosts.indexOf(window.location.host) \u003e\u003d 0) {\n    createStyle(`\n        .ModalWrap {\n            display: none !important;\n        }\n        .ModalWrap-body {\n           overflow: auto !important;\n        }\n        .OpenInAppButton {\n          display: none !important;\n        }\n        .ContentItem-expandButton {\n          display: none !important;\n        }\n        .RichContent-inner {\n          max-height: -webkit-max-content !important;\n          max-height: max-content !important;\n          -webkit-mask-image: none !important;\n        }\n        .css-1m6pfn6 {\n          -webkit-line-clamp: unset !important;\n        }\n    `);\n}\n\"}","updateTime":1653290430465,"network":255,"effectiveTime":1653290413000,"clientList":"[0,1000)"}]}