<?xml version="1.0" encoding="UTF-8"?>
<!--
This XML file declares which signature|privileged permissions should be granted to privileged
applications on GMS or Google-branded devices.
It allows additional grants on top of privapp-permissions-platform.xml
-->
<permissions>
    <privapp-permissions package="net.oneplus.launcher">
        <permission name="android.permission.BIND_APPWIDGET"/>
        <permission name="android.permission.BIND_NOTIFICATION_LISTENER_SERVICE"/>
        <permission name="android.permission.CONTROL_REMOTE_APP_TRANSITION_ANIMATIONS"/>
        <permission name="android.permission.DEVICE_POWER"/>
        <permission name="android.permission.FORCE_STOP_PACKAGES"/>
        <permission name="android.permission.GET_APP_OPS_STATS"/>
        <permission name="android.permission.INTERACT_ACROSS_USERS"/>
        <permission name="android.permission.MANAGE_USERS"/>
        <permission name="android.permission.MOUNT_UNMOUNT_FILESYSTEMS"/>
        <permission name="android.permission.READ_PRIVILEGED_PHONE_STATE"/>
        <permission name="android.permission.REQUEST_INSTALL_PACKAGES"/>
        <permission name="android.permission.SET_WALLPAPER_COMPONENT"/>
        <permission name="android.permission.STATUS_BAR"/>
        <permission name="android.permission.STOP_APP_SWITCHES"/>
        <permission name="android.permission.UPDATE_APP_OPS_STATS"/>
        <permission name="android.permission.USE_RESERVED_DISK"/>
        <permission name="android.permission.WRITE_MEDIA_STORAGE"/>
        <permission name="android.permission.WRITE_SECURE_SETTINGS"/>
    </privapp-permissions>
</permissions>
