{
    "meta": {
        "name": "sdm615/616 20200516",
        "author": "yc@coolapk(powered by wipe-v2)",
        "features": "touch cpuload render standby sfanalysis"
    },
    "common": {
        "noteSwitchInode": "接收性能模式切换的inode节点",
        "switchInode": "/data/uperf_powermode",
        "noteVerboseLog": "开启详细日志，用于调试Hint切换",
        "verboseLog": false,
        "noteUxAffinity": "开启UX线程自动设置，固定高优先级的UX线程到大核，并限制低优先级线程的需求响应",
        "uxAffinity": true,
        "stateTransThd": {
            "noteLoad": "系统负载为所有核心的负载总和，单个核心负载=频率(Ghz)*效率(A53@1.0g为100)*负载(%)",
            "noteHeavyload": "进入HeavyLoad的系统负载阈值",
            "noteIdleload": "退出HeavyLoad的系统负载阈值",
            "noteBurstSlack": "在上一次HeavyLoad结束后，负载低于idle保持1.0秒，并且在requestBurstSlack这段时间内没有HeavyLoad请求，才能响应新的HeavyLoad",
            "heavyLoad": 1120,
            "idleLoad": 640,
            "requestBurstSlack": 3000
        },
        "dispatch": [
            {
                "hint": "None",
                "action": "normal",
                "maxDuration": 0,
                "note": "无Hint的常规状态"
            },
            {
                "hint": "Tap",
                "action": "interaction",
                "maxDuration": 1500,
                "note": "在刚触摸到屏幕切换的Hint"
            },
            {
                "hint": "Swipe",
                "action": "interaction",
                "maxDuration": 3000,
                "note": "在屏幕滑动一段距离后切换的Hint"
            },
            {
                "hint": "HeavyLoad",
                "action": "heavyLoad",
                "maxDuration": 2000,
                "note": "在Tap或Swipe检测到重负载后切换，负载降低后回落到Tap"
            },
            {
                "hint": "AndroidAM",
                "action": "heavyLoad",
                "maxDuration": 1500,
                "note": "在ActivityManager活跃时触发的Hint，例如无input事件的屏下指纹解锁"
            },
            {
                "hint": "Standby",
                "action": "standby",
                "maxDuration": 0,
                "note": "屏幕熄灭时的Hint"
            },
            {
                "hint": "SfLag",
                "action": "sfLag",
                "maxDuration": 15,
                "note": "给Surfaceflinger的渲染提交出现滞后的Hint"
            }
        ]
    },
    "platform": {
        "noteClusterCpuId": "集群的CPU代表id",
        "clusterCpuId": [
            0,
            4
        ],
        "noteEfficiency": "每个CPU核心的的相对同频性能，以Cortex-A53@1.0g为100",
        "efficiency": [
            100,
            100,
            100,
            100,
            100,
            100,
            100,
            100
        ],
        "knobs": [
            {
                "name": "cpuFreqMax",
                "path": "/sys/devices/system/cpu/cpu%d/cpufreq/scaling_max_freq",
                "type": "cpufreq",
                "enable": true,
                "note": "集群最大频率，单位为100Mhz"
            },
            {
                "name": "cpuFreqMin",
                "path": "/sys/devices/system/cpu/cpu%d/cpufreq/scaling_min_freq",
                "type": "cpufreq",
                "enable": true,
                "note": "集群最小频率，单位为100Mhz"
            },
            {
                "name": "littleHidelay",
                "path": "/sys/devices/system/cpu/cpu0/cpufreq/interactive/above_hispeed_delay",
                "type": "string",
                "enable": true,
                "note": "小核的above_hispeed_delay"
            },
            {
                "name": "littleHifreq",
                "path": "/sys/devices/system/cpu/cpu0/cpufreq/interactive/hispeed_freq",
                "type": "string",
                "enable": true,
                "note": "小核的hispeed_freq"
            },
            {
                "name": "littleHiload",
                "path": "/sys/devices/system/cpu/cpu0/cpufreq/interactive/go_hispeed_load",
                "type": "string",
                "enable": true,
                "note": "小核的go_hispeed_load"
            },
            {
                "name": "littleTgload",
                "path": "/sys/devices/system/cpu/cpu0/cpufreq/interactive/target_loads",
                "type": "string",
                "enable": true,
                "note": "小核的target_loads"
            },
            {
                "name": "littleMinSample",
                "path": "/sys/devices/system/cpu/cpu0/cpufreq/interactive/min_sample_time",
                "type": "string",
                "enable": true,
                "note": "小核的min_sample_time"
            },
            {
                "name": "littleHyst",
                "path": "/sys/devices/system/cpu/cpu0/cpufreq/interactive/max_freq_hysteresis",
                "type": "string",
                "enable": true,
                "note": "小核的max_freq_hysteresis"
            },
            {
                "name": "bigHidelay",
                "path": "/sys/devices/system/cpu/cpu4/cpufreq/interactive/above_hispeed_delay",
                "type": "string",
                "enable": true,
                "note": "大核的above_hispeed_delay"
            },
            {
                "name": "bigHifreq",
                "path": "/sys/devices/system/cpu/cpu4/cpufreq/interactive/hispeed_freq",
                "type": "string",
                "enable": true,
                "note": "大核的hispeed_freq"
            },
            {
                "name": "bigHiload",
                "path": "/sys/devices/system/cpu/cpu4/cpufreq/interactive/go_hispeed_load",
                "type": "string",
                "enable": true,
                "note": "大核的go_hispeed_load"
            },
            {
                "name": "bigTgload",
                "path": "/sys/devices/system/cpu/cpu4/cpufreq/interactive/target_loads",
                "type": "string",
                "enable": true,
                "note": "大核的target_loads"
            },
            {
                "name": "bigMinSample",
                "path": "/sys/devices/system/cpu/cpu4/cpufreq/interactive/min_sample_time",
                "type": "string",
                "enable": true,
                "note": "大核的min_sample_time"
            },
            {
                "name": "bigHyst",
                "path": "/sys/devices/system/cpu/cpu4/cpufreq/interactive/max_freq_hysteresis",
                "type": "string",
                "enable": true,
                "note": "大核的max_freq_hysteresis"
            },
            {
                "name": "downmigrate",
                "path": "/proc/sys/kernel/sched_downmigrate",
                "type": "string",
                "enable": true,
                "note": "如果任务负载占小核容量的百分比小于此阈值，迁移到小核"
            },
            {
                "name": "upmigrate",
                "path": "/proc/sys/kernel/sched_upmigrate",
                "type": "string",
                "enable": true,
                "note": "如果任务负载占小核容量的百分比大于此阈值，迁移到大核"
            },
            {
                "name": "downmigrate2",
                "path": "/proc/sys/kernel/sched_downmigrate",
                "type": "string",
                "enable": true,
                "note": "如果任务负载占小核容量的百分比小于此阈值，迁移到小核，解决down>up的情况"
            },
            {
                "name": "uxAffinity",
                "path": "placeholder",
                "type": "uxaffinity",
                "enable": true,
                "note": "动态设置是否固定高优先级UX线程到大核集群"
            }
        ]
    },
    "powermodes": [
        {
            "name": "balance",
            "note": "均衡模式，比原厂略流畅的同时略省电(相对卡顿百分比 49.9% 相对续航 105.6%)",
            "actions": {
                "normal": {
                    "cpuFreqMax": "13,15",
                    "cpuFreqMin": "2,2",
                    "littleHidelay": "58000 400000:38000 499000:58000 800000:38000 998000:18000 1113000:58000",
                    "littleHifreq": "249000",
                    "littleHiload": "75",
                    "littleTgload": "88 249000:39 400000:51 499000:40 800000:18 998000:29 1113000:75 1209000:77",
                    "littleMinSample": "18000",
                    "littleHyst": "18000",
                    "bigHidelay": "78000 345000:38000 400000:78000 533000:38000 800000:18000 1344000:98000 1459000:18000",
                    "bigHifreq": "200000",
                    "bigHiload": "18",
                    "bigTgload": "48 345000:40 400000:4 533000:41 800000:66 960000:73 1113000:67 1344000:97 1459000:72 1497000:93",
                    "bigMinSample": "18000",
                    "bigHyst": "18000",
                    "downmigrate": "80",
                    "upmigrate": "80",
                    "downmigrate2": "80",
                    "uxAffinity": "1"
                },
                "interaction": {
                    "cpuFreqMax": "13,14",
                    "cpuFreqMin": "2,3",
                    "littleHidelay": "58000 400000:38000 499000:58000 800000:38000 998000:18000 1113000:58000",
                    "littleHifreq": "249000",
                    "littleHiload": "75",
                    "littleTgload": "88 249000:39 400000:51 499000:40 800000:18 998000:29 1113000:75 1209000:77",
                    "littleMinSample": "18000",
                    "littleHyst": "18000",
                    "bigHidelay": "78000 345000:38000 400000:78000 533000:38000 800000:18000 1344000:98000 1459000:18000",
                    "bigHifreq": "200000",
                    "bigHiload": "18",
                    "bigTgload": "48 345000:40 400000:4 533000:41 800000:66 960000:73 1113000:67 1344000:97 1459000:72 1497000:93",
                    "bigMinSample": "18000",
                    "bigHyst": "18000",
                    "downmigrate": "38",
                    "upmigrate": "82",
                    "downmigrate2": "38",
                    "uxAffinity": "1"
                },
                "heavyLoad": {
                    "cpuFreqMax": "99,99",
                    "cpuFreqMin": "10,10",
                    "littleHidelay": "18000",
                    "littleHifreq": "1200000",
                    "littleHiload": "90",
                    "littleTgload": "70 1500000:90",
                    "littleMinSample": "18000",
                    "littleHyst": "78000",
                    "bigHidelay": "18000 1800000:78000",
                    "bigHifreq": "1500000",
                    "bigHiload": "90",
                    "bigTgload": "70 1800000:95",
                    "bigMinSample": "18000",
                    "bigHyst": "18000",
                    "downmigrate": "40",
                    "upmigrate": "80",
                    "downmigrate2": "40",
                    "uxAffinity": "1"
                },
                "standby": {
                    "cpuFreqMax": "13,13",
                    "cpuFreqMin": "3,3",
                    "littleHidelay": "18000",
                    "littleHifreq": "1000000",
                    "littleHiload": "95",
                    "littleTgload": "90",
                    "littleMinSample": "18000",
                    "littleHyst": "18000",
                    "bigHidelay": "38000",
                    "bigHifreq": "1400000",
                    "bigHiload": "95",
                    "bigTgload": "90",
                    "bigMinSample": "18000",
                    "bigHyst": "18000",
                    "downmigrate": "95",
                    "upmigrate": "95",
                    "downmigrate2": "95",
                    "uxAffinity": "0"
                },
                "sfLag": {
                    "cpuFreqMax": "13,15",
                    "cpuFreqMin": "12,14",
                    "uxAffinity": "1"
                }
            }
        },
        {
            "name": "powersave",
            "note": "卡顿模式，保证基本流畅的同时尽可能降低功耗(相对卡顿百分比 99.8% 相对续航 118.4%)",
            "actions": {
                "normal": {
                    "cpuFreqMax": "13,15",
                    "cpuFreqMin": "2,2",
                    "littleHidelay": "98000 400000:38000 499000:98000 800000:18000 998000:38000 1113000:58000",
                    "littleHifreq": "249000",
                    "littleHiload": "93",
                    "littleTgload": "49 249000:47 400000:75 499000:15 800000:19 998000:70 1113000:55 1209000:75",
                    "littleMinSample": "18000",
                    "littleHyst": "18000",
                    "bigHidelay": "38000 400000:78000 533000:38000 800000:18000 1113000:38000 1344000:78000 1459000:58000",
                    "bigHifreq": "345000",
                    "bigHiload": "49",
                    "bigTgload": "65 345000:40 400000:4 533000:22 800000:71 960000:17 1113000:72 1344000:86 1459000:79 1497000:95",
                    "bigMinSample": "18000",
                    "bigHyst": "18000",
                    "downmigrate": "80",
                    "upmigrate": "80",
                    "downmigrate2": "80",
                    "uxAffinity": "1"
                },
                "interaction": {
                    "cpuFreqMax": "13,14",
                    "cpuFreqMin": "2,3",
                    "littleHidelay": "98000 400000:38000 499000:98000 800000:18000 998000:38000 1113000:58000",
                    "littleHifreq": "249000",
                    "littleHiload": "93",
                    "littleTgload": "49 249000:47 400000:75 499000:15 800000:19 998000:70 1113000:55 1209000:75",
                    "littleMinSample": "18000",
                    "littleHyst": "18000",
                    "bigHidelay": "38000 400000:78000 533000:38000 800000:18000 1113000:38000 1344000:78000 1459000:58000",
                    "bigHifreq": "345000",
                    "bigHiload": "49",
                    "bigTgload": "65 345000:40 400000:4 533000:22 800000:71 960000:17 1113000:72 1344000:86 1459000:79 1497000:95",
                    "bigMinSample": "18000",
                    "bigHyst": "18000",
                    "downmigrate": "46",
                    "upmigrate": "81",
                    "downmigrate2": "46",
                    "uxAffinity": "1"
                },
                "heavyLoad": {
                    "cpuFreqMax": "99,99",
                    "cpuFreqMin": "10,10",
                    "littleHidelay": "18000",
                    "littleHifreq": "1200000",
                    "littleHiload": "90",
                    "littleTgload": "70 1500000:90",
                    "littleMinSample": "18000",
                    "littleHyst": "78000",
                    "bigHidelay": "18000 1800000:78000",
                    "bigHifreq": "1500000",
                    "bigHiload": "90",
                    "bigTgload": "70 1800000:95",
                    "bigMinSample": "18000",
                    "bigHyst": "18000",
                    "downmigrate": "40",
                    "upmigrate": "80",
                    "downmigrate2": "40",
                    "uxAffinity": "1"
                },
                "standby": {
                    "cpuFreqMax": "13,13",
                    "cpuFreqMin": "3,3",
                    "littleHidelay": "18000",
                    "littleHifreq": "1000000",
                    "littleHiload": "95",
                    "littleTgload": "90",
                    "littleMinSample": "18000",
                    "littleHyst": "18000",
                    "bigHidelay": "38000",
                    "bigHifreq": "1400000",
                    "bigHiload": "95",
                    "bigTgload": "90",
                    "bigMinSample": "18000",
                    "bigHyst": "18000",
                    "downmigrate": "95",
                    "upmigrate": "95",
                    "downmigrate2": "95",
                    "uxAffinity": "0"
                },
                "sfLag": {
                    "cpuFreqMax": "13,14",
                    "cpuFreqMin": "10,12",
                    "uxAffinity": "1"
                }
            }
        },
        {
            "name": "performance",
            "note": "费电模式，保证费电的同时多一点流畅度",
            "actions": {
                "normal": {
                    "cpuFreqMax": "13,15",
                    "cpuFreqMin": "2,2",
                    "littleHidelay": "18000",
                    "littleHifreq": "1200000",
                    "littleHiload": "90",
                    "littleTgload": "70 1500000:90",
                    "littleMinSample": "18000",
                    "littleHyst": "78000",
                    "bigHidelay": "18000 1800000:78000",
                    "bigHifreq": "1500000",
                    "bigHiload": "90",
                    "bigTgload": "70 1800000:95",
                    "bigMinSample": "18000",
                    "bigHyst": "18000",
                    "downmigrate": "40",
                    "upmigrate": "80",
                    "downmigrate2": "40",
                    "uxAffinity": "1"
                },
                "interaction": {
                    "cpuFreqMax": "13,15",
                    "cpuFreqMin": "12,14",
                    "littleHidelay": "18000",
                    "littleHifreq": "1200000",
                    "littleHiload": "90",
                    "littleTgload": "70 1500000:90",
                    "littleMinSample": "18000",
                    "littleHyst": "78000",
                    "bigHidelay": "18000 1800000:78000",
                    "bigHifreq": "1500000",
                    "bigHiload": "90",
                    "bigTgload": "70 1800000:95",
                    "bigMinSample": "18000",
                    "bigHyst": "18000",
                    "downmigrate": "40",
                    "upmigrate": "80",
                    "downmigrate2": "40",
                    "uxAffinity": "1"
                },
                "heavyLoad": {
                    "cpuFreqMax": "99,99",
                    "cpuFreqMin": "10,10",
                    "littleHidelay": "18000",
                    "littleHifreq": "1200000",
                    "littleHiload": "90",
                    "littleTgload": "70 1500000:90",
                    "littleMinSample": "18000",
                    "littleHyst": "78000",
                    "bigHidelay": "18000 1800000:78000",
                    "bigHifreq": "1500000",
                    "bigHiload": "90",
                    "bigTgload": "70 1800000:95",
                    "bigMinSample": "18000",
                    "bigHyst": "18000",
                    "downmigrate": "40",
                    "upmigrate": "80",
                    "downmigrate2": "40",
                    "uxAffinity": "1"
                },
                "standby": {
                    "cpuFreqMax": "15,18",
                    "cpuFreqMin": "3,3",
                    "littleHidelay": "18000",
                    "littleHifreq": "1000000",
                    "littleHiload": "95",
                    "littleTgload": "90",
                    "littleMinSample": "18000",
                    "littleHyst": "18000",
                    "bigHidelay": "38000",
                    "bigHifreq": "1400000",
                    "bigHiload": "95",
                    "bigTgload": "90",
                    "bigMinSample": "18000",
                    "bigHyst": "18000",
                    "downmigrate": "95",
                    "upmigrate": "95",
                    "downmigrate2": "95",
                    "uxAffinity": "0"
                },
                "sfLag": {
                    "cpuFreqMax": "14,16",
                    "cpuFreqMin": "13,15",
                    "uxAffinity": "1"
                }
            }
        }
    ]
}