{
    "meta": {
        "name": "sdm835-hmp 20200516",
        "author": "yc@coolapk(powered by wipe-v2)",
        "features": "touch cpuload render standby sfanalysis"
    },
    "common": {
        "noteSwitchInode": "接收性能模式切换的inode节点",
        "switchInode": "/data/uperf_powermode",
        "noteVerboseLog": "开启详细日志，用于调试Hint切换",
        "verboseLog": false,
        "noteUxAffinity": "开启UX线程自动设置，固定高优先级的UX线程到大核，并限制低优先级线程的需求响应",
        "uxAffinity": true,
        "stateTransThd": {
            "noteLoad": "系统负载为所有核心的负载总和，单个核心负载=频率(Ghz)*效率(A53@1.0g为100)*负载(%)",
            "noteHeavyload": "进入HeavyLoad的系统负载阈值",
            "noteIdleload": "退出HeavyLoad的系统负载阈值",
            "noteBurstSlack": "在上一次HeavyLoad结束后，负载低于idle保持1.0秒，并且在requestBurstSlack这段时间内没有HeavyLoad请求，才能响应新的HeavyLoad",
            "heavyLoad": 1440,
            "idleLoad": 860,
            "requestBurstSlack": 3000
        },
        "dispatch": [
            {
                "hint": "None",
                "action": "normal",
                "maxDuration": 0,
                "note": "无Hint的常规状态"
            },
            {
                "hint": "Tap",
                "action": "interaction",
                "maxDuration": 1500,
                "note": "在刚触摸到屏幕切换的Hint"
            },
            {
                "hint": "Swipe",
                "action": "interaction",
                "maxDuration": 3000,
                "note": "在屏幕滑动一段距离后切换的Hint"
            },
            {
                "hint": "HeavyLoad",
                "action": "heavyLoad",
                "maxDuration": 2000,
                "note": "在Tap或Swipe检测到重负载后切换，负载降低后回落到Tap"
            },
            {
                "hint": "AndroidAM",
                "action": "heavyLoad",
                "maxDuration": 1500,
                "note": "在ActivityManager活跃时触发的Hint，例如无input事件的屏下指纹解锁"
            },
            {
                "hint": "Standby",
                "action": "standby",
                "maxDuration": 0,
                "note": "屏幕熄灭时的Hint"
            },
            {
                "hint": "SfLag",
                "action": "sfLag",
                "maxDuration": 15,
                "note": "给Surfaceflinger的渲染提交出现滞后的Hint"
            }
        ]
    },
    "platform": {
        "noteClusterCpuId": "集群的CPU代表id",
        "clusterCpuId": [
            0,
            4
        ],
        "noteEfficiency": "每个CPU核心的的相对同频性能，以Cortex-A53@1.0g为100",
        "efficiency": [
            100,
            100,
            100,
            100,
            170,
            170,
            170,
            170
        ],
        "knobs": [
            {
                "name": "cpuFreqMax",
                "path": "/sys/devices/system/cpu/cpu%d/cpufreq/scaling_max_freq",
                "type": "cpufreq",
                "enable": true,
                "note": "集群最大频率，单位为100Mhz"
            },
            {
                "name": "cpuFreqMin",
                "path": "/sys/devices/system/cpu/cpu%d/cpufreq/scaling_min_freq",
                "type": "cpufreq",
                "enable": true,
                "note": "集群最小频率，单位为100Mhz"
            },
            {
                "name": "cpuOnlineMin",
                "path": "/sys/devices/system/cpu/cpu%d/core_ctl/min_cpus",
                "type": "percluster",
                "enable": true,
                "note": "集群的最小核心启用数量，是任务调度器的参数并非热插拔参数"
            },
            {
                "name": "littleHidelay",
                "path": "/sys/devices/system/cpu/cpu0/cpufreq/interactive/above_hispeed_delay",
                "type": "string",
                "enable": true,
                "note": "小核的above_hispeed_delay"
            },
            {
                "name": "littleHifreq",
                "path": "/sys/devices/system/cpu/cpu0/cpufreq/interactive/hispeed_freq",
                "type": "string",
                "enable": true,
                "note": "小核的hispeed_freq"
            },
            {
                "name": "littleHiload",
                "path": "/sys/devices/system/cpu/cpu0/cpufreq/interactive/go_hispeed_load",
                "type": "string",
                "enable": true,
                "note": "小核的go_hispeed_load"
            },
            {
                "name": "littleTgload",
                "path": "/sys/devices/system/cpu/cpu0/cpufreq/interactive/target_loads",
                "type": "string",
                "enable": true,
                "note": "小核的target_loads"
            },
            {
                "name": "littleMinSample",
                "path": "/sys/devices/system/cpu/cpu0/cpufreq/interactive/min_sample_time",
                "type": "string",
                "enable": true,
                "note": "小核的min_sample_time"
            },
            {
                "name": "littleHyst",
                "path": "/sys/devices/system/cpu/cpu0/cpufreq/interactive/max_freq_hysteresis",
                "type": "string",
                "enable": true,
                "note": "小核的max_freq_hysteresis"
            },
            {
                "name": "bigHidelay",
                "path": "/sys/devices/system/cpu/cpu4/cpufreq/interactive/above_hispeed_delay",
                "type": "string",
                "enable": true,
                "note": "大核的above_hispeed_delay"
            },
            {
                "name": "bigHifreq",
                "path": "/sys/devices/system/cpu/cpu4/cpufreq/interactive/hispeed_freq",
                "type": "string",
                "enable": true,
                "note": "大核的hispeed_freq"
            },
            {
                "name": "bigHiload",
                "path": "/sys/devices/system/cpu/cpu4/cpufreq/interactive/go_hispeed_load",
                "type": "string",
                "enable": true,
                "note": "大核的go_hispeed_load"
            },
            {
                "name": "bigTgload",
                "path": "/sys/devices/system/cpu/cpu4/cpufreq/interactive/target_loads",
                "type": "string",
                "enable": true,
                "note": "大核的target_loads"
            },
            {
                "name": "bigMinSample",
                "path": "/sys/devices/system/cpu/cpu4/cpufreq/interactive/min_sample_time",
                "type": "string",
                "enable": true,
                "note": "大核的min_sample_time"
            },
            {
                "name": "bigHyst",
                "path": "/sys/devices/system/cpu/cpu4/cpufreq/interactive/max_freq_hysteresis",
                "type": "string",
                "enable": true,
                "note": "大核的max_freq_hysteresis"
            },
            {
                "name": "downmigrate",
                "path": "/proc/sys/kernel/sched_downmigrate",
                "type": "string",
                "enable": true,
                "note": "如果任务负载占小核容量的百分比小于此阈值，迁移到小核"
            },
            {
                "name": "upmigrate",
                "path": "/proc/sys/kernel/sched_upmigrate",
                "type": "string",
                "enable": true,
                "note": "如果任务负载占小核容量的百分比大于此阈值，迁移到大核"
            },
            {
                "name": "downmigrate2",
                "path": "/proc/sys/kernel/sched_downmigrate",
                "type": "string",
                "enable": true,
                "note": "如果任务负载占小核容量的百分比小于此阈值，迁移到小核，解决down>up的情况"
            },
            {
                "name": "ddrBwMax",
                "path": "/sys/class/devfreq/soc:qcom,cpubw/max_freq",
                "type": "string",
                "enable": true,
                "note": "DDR最大带宽"
            },
            {
                "name": "ddrBwMin",
                "path": "/sys/class/devfreq/soc:qcom,cpubw/min_freq",
                "type": "string",
                "enable": true,
                "note": "DDR最小带宽"
            },
            {
                "name": "ddrLatBig",
                "path": "/sys/class/devfreq/soc:qcom,memlat-cpu4/mem_latency/ratio_ceil",
                "type": "string",
                "enable": true,
                "note": "大核DDR延迟控制，在DDR命中率降低时，值越大越容易提升DDR频率"
            },
            {
                "name": "uxAffinity",
                "path": "placeholder",
                "type": "uxaffinity",
                "enable": true,
                "note": "动态设置是否固定高优先级UX线程到大核集群"
            }
        ]
    },
    "powermodes": [
        {
            "name": "balance",
            "note": "均衡模式，比原厂略流畅的同时略省电(相对卡顿百分比 49.9% 相对续航 113.7%)",
            "actions": {
                "normal": {
                    "cpuFreqMax": "20,24",
                    "cpuFreqMin": "3,3",
                    "cpuOnlineMin": "4,2",
                    "littleHidelay": "78000 518000:58000 672000:38000 748000:18000 825000:58000 960000:98000 1036000:78000 1094000:58000 1171000:98000 1248000:58000 1401000:78000 1555000:58000 1824000:78000",
                    "littleHifreq": "441000",
                    "littleHiload": "70",
                    "littleTgload": "69 364000:97 441000:51 518000:23 595000:60 672000:26 748000:21 825000:42 883000:74 960000:31 1036000:61 1094000:3 1171000:9 1248000:25 1324000:64 1401000:49 1478000:47 1555000:30 1670000:33 1747000:73 1824000:84 1900000:93",
                    "littleMinSample": "18000",
                    "littleHyst": "18000",
                    "bigHidelay": "18000 729000:78000 806000:18000 902000:98000 1056000:38000 1190000:98000 1267000:58000 1344000:38000 1497000:58000 1574000:38000 1651000:18000 1728000:38000 1804000:58000 1881000:18000 2035000:58000 2265000:38000 2342000:78000 2361000:58000",
                    "bigHifreq": "652000",
                    "bigHiload": "55",
                    "bigTgload": "25 345000:69 422000:20 499000:43 576000:34 652000:21 729000:29 806000:30 902000:16 979000:38 1056000:18 1132000:6 1190000:59 1267000:33 1344000:30 1420000:6 1497000:63 1574000:54 1651000:38 1728000:78 1804000:76 1881000:61 1958000:31 2035000:64",
                    "bigMinSample": "18000",
                    "bigHyst": "18000",
                    "downmigrate": "90",
                    "upmigrate": "90",
                    "downmigrate2": "90",
                    "ddrBwMax": "12000",
                    "ddrBwMin": "0",
                    "ddrLatBig": "400",
                    "uxAffinity": "0"
                },
                "interaction": {
                    "cpuFreqMax": "19,21",
                    "cpuFreqMin": "14,3",
                    "cpuOnlineMin": "4,2",
                    "littleHidelay": "78000 518000:58000 672000:38000 748000:18000 825000:58000 960000:98000 1036000:78000 1094000:58000 1171000:98000 1248000:58000 1401000:78000 1555000:58000 1824000:78000",
                    "littleHifreq": "441000",
                    "littleHiload": "70",
                    "littleTgload": "69 364000:97 441000:51 518000:23 595000:60 672000:26 748000:21 825000:42 883000:74 960000:31 1036000:61 1094000:3 1171000:9 1248000:25 1324000:64 1401000:49 1478000:47 1555000:30 1670000:33 1747000:73 1824000:84 1900000:93",
                    "littleMinSample": "18000",
                    "littleHyst": "18000",
                    "bigHidelay": "18000 729000:78000 806000:18000 902000:98000 1056000:38000 1190000:98000 1267000:58000 1344000:38000 1497000:58000 1574000:38000 1651000:18000 1728000:38000 1804000:58000 1881000:18000 2035000:58000 2265000:38000 2342000:78000 2361000:58000",
                    "bigHifreq": "652000",
                    "bigHiload": "55",
                    "bigTgload": "25 345000:69 422000:20 499000:43 576000:34 652000:21 729000:29 806000:30 902000:16 979000:38 1056000:18 1132000:6 1190000:59 1267000:33 1344000:30 1420000:6 1497000:63 1574000:54 1651000:38 1728000:78 1804000:76 1881000:61 1958000:31 2035000:64",
                    "bigMinSample": "18000",
                    "bigHyst": "18000",
                    "downmigrate": "75",
                    "upmigrate": "92",
                    "downmigrate2": "75",
                    "ddrBwMax": "12000",
                    "ddrBwMin": "5000",
                    "ddrLatBig": "800",
                    "uxAffinity": "1"
                },
                "heavyLoad": {
                    "cpuFreqMax": "99,99",
                    "cpuFreqMin": "10,10",
                    "cpuOnlineMin": "4,4",
                    "littleHidelay": "18000",
                    "littleHifreq": "1200000",
                    "littleHiload": "90",
                    "littleTgload": "70 1500000:90",
                    "littleMinSample": "18000",
                    "littleHyst": "78000",
                    "bigHidelay": "18000 1800000:78000",
                    "bigHifreq": "1500000",
                    "bigHiload": "90",
                    "bigTgload": "70 1800000:95",
                    "bigMinSample": "18000",
                    "bigHyst": "18000",
                    "downmigrate": "40",
                    "upmigrate": "80",
                    "downmigrate2": "40",
                    "ddrBwMax": "14000",
                    "ddrBwMin": "11000",
                    "ddrLatBig": "800",
                    "uxAffinity": "1"
                },
                "standby": {
                    "cpuFreqMax": "16,19",
                    "cpuFreqMin": "3,3",
                    "cpuOnlineMin": "2,0",
                    "littleHidelay": "18000",
                    "littleHifreq": "1000000",
                    "littleHiload": "95",
                    "littleTgload": "90",
                    "littleMinSample": "18000",
                    "littleHyst": "18000",
                    "bigHidelay": "38000",
                    "bigHifreq": "1400000",
                    "bigHiload": "95",
                    "bigTgload": "90",
                    "bigMinSample": "18000",
                    "bigHyst": "18000",
                    "downmigrate": "95",
                    "upmigrate": "95",
                    "downmigrate2": "95",
                    "ddrBwMax": "12000",
                    "ddrBwMin": "0",
                    "ddrLatBig": "200",
                    "uxAffinity": "0"
                },
                "sfLag": {
                    "cpuFreqMax": "19,22",
                    "cpuFreqMin": "18,21",
                    "ddrBwMin": "11000",
                    "uxAffinity": "1"
                }
            }
        },
        {
            "name": "powersave",
            "note": "卡顿模式，保证基本流畅的同时尽可能降低功耗(相对卡顿百分比 99.8% 相对续航 138.7%)",
            "actions": {
                "normal": {
                    "cpuFreqMax": "20,24",
                    "cpuFreqMin": "3,3",
                    "cpuOnlineMin": "4,2",
                    "littleHidelay": "98000 441000:38000 518000:18000 595000:58000 672000:98000 748000:38000 883000:58000 960000:38000 1036000:78000 1248000:18000 1324000:78000 1401000:98000 1478000:58000 1747000:18000 1824000:38000",
                    "littleHifreq": "364000",
                    "littleHiload": "44",
                    "littleTgload": "82 364000:22 441000:5 518000:37 595000:35 672000:47 748000:19 825000:54 883000:58 960000:24 1036000:12 1094000:42 1248000:14 1324000:23 1401000:80 1478000:72 1555000:78 1670000:13 1747000:98 1900000:67",
                    "littleMinSample": "18000",
                    "littleHyst": "18000",
                    "bigHidelay": "58000 499000:38000 576000:58000 652000:18000 729000:98000 806000:38000 902000:58000 979000:18000 1056000:98000 1132000:78000 1190000:38000 1420000:58000 1651000:78000 1728000:58000 1881000:38000 1958000:18000 2035000:38000 2112000:78000 2265000:38000 2342000:58000 2361000:78000",
                    "bigHifreq": "345000",
                    "bigHiload": "84",
                    "bigTgload": "29 345000:34 422000:94 499000:50 576000:11 652000:24 729000:93 806000:34 902000:58 979000:68 1056000:39 1132000:82 1190000:52 1267000:72 1344000:43 1420000:14 1497000:72 1574000:61 1651000:16 1728000:85 1804000:55 1881000:37 1958000:22 2035000:69",
                    "bigMinSample": "58000",
                    "bigHyst": "18000",
                    "downmigrate": "91",
                    "upmigrate": "91",
                    "downmigrate2": "91",
                    "ddrBwMax": "12000",
                    "ddrBwMin": "0",
                    "ddrLatBig": "400",
                    "uxAffinity": "0"
                },
                "interaction": {
                    "cpuFreqMax": "19,18",
                    "cpuFreqMin": "3,3",
                    "cpuOnlineMin": "4,2",
                    "littleHidelay": "98000 441000:38000 518000:18000 595000:58000 672000:98000 748000:38000 883000:58000 960000:38000 1036000:78000 1248000:18000 1324000:78000 1401000:98000 1478000:58000 1747000:18000 1824000:38000",
                    "littleHifreq": "364000",
                    "littleHiload": "44",
                    "littleTgload": "82 364000:22 441000:5 518000:37 595000:35 672000:47 748000:19 825000:54 883000:58 960000:24 1036000:12 1094000:42 1248000:14 1324000:23 1401000:80 1478000:72 1555000:78 1670000:13 1747000:98 1900000:67",
                    "littleMinSample": "18000",
                    "littleHyst": "18000",
                    "bigHidelay": "58000 499000:38000 576000:58000 652000:18000 729000:98000 806000:38000 902000:58000 979000:18000 1056000:98000 1132000:78000 1190000:38000 1420000:58000 1651000:78000 1728000:58000 1881000:38000 1958000:18000 2035000:38000 2112000:78000 2265000:38000 2342000:58000 2361000:78000",
                    "bigHifreq": "345000",
                    "bigHiload": "84",
                    "bigTgload": "29 345000:34 422000:94 499000:50 576000:11 652000:24 729000:93 806000:34 902000:58 979000:68 1056000:39 1132000:82 1190000:52 1267000:72 1344000:43 1420000:14 1497000:72 1574000:61 1651000:16 1728000:85 1804000:55 1881000:37 1958000:22 2035000:69",
                    "bigMinSample": "58000",
                    "bigHyst": "18000",
                    "downmigrate": "89",
                    "upmigrate": "94",
                    "downmigrate2": "89",
                    "ddrBwMax": "12000",
                    "ddrBwMin": "5000",
                    "ddrLatBig": "400",
                    "uxAffinity": "0"
                },
                "heavyLoad": {
                    "cpuFreqMax": "99,99",
                    "cpuFreqMin": "10,10",
                    "cpuOnlineMin": "4,2",
                    "littleHidelay": "18000",
                    "littleHifreq": "1200000",
                    "littleHiload": "90",
                    "littleTgload": "70 1500000:90",
                    "littleMinSample": "18000",
                    "littleHyst": "78000",
                    "bigHidelay": "18000 1800000:78000",
                    "bigHifreq": "1500000",
                    "bigHiload": "90",
                    "bigTgload": "70 1800000:95",
                    "bigMinSample": "18000",
                    "bigHyst": "18000",
                    "downmigrate": "40",
                    "upmigrate": "80",
                    "downmigrate2": "40",
                    "ddrBwMax": "12000",
                    "ddrBwMin": "5000",
                    "ddrLatBig": "800",
                    "uxAffinity": "0"
                },
                "standby": {
                    "cpuFreqMax": "16,19",
                    "cpuFreqMin": "3,3",
                    "cpuOnlineMin": "2,0",
                    "littleHidelay": "18000",
                    "littleHifreq": "1000000",
                    "littleHiload": "95",
                    "littleTgload": "90",
                    "littleMinSample": "18000",
                    "littleHyst": "18000",
                    "bigHidelay": "38000",
                    "bigHifreq": "1400000",
                    "bigHiload": "95",
                    "bigTgload": "90",
                    "bigMinSample": "18000",
                    "bigHyst": "18000",
                    "downmigrate": "95",
                    "upmigrate": "95",
                    "downmigrate2": "95",
                    "ddrBwMax": "12000",
                    "ddrBwMin": "0",
                    "ddrLatBig": "200",
                    "uxAffinity": "0"
                },
                "sfLag": {
                    "cpuFreqMax": "19,18",
                    "cpuFreqMin": "15,16",
                    "ddrBwMin": "5000",
                    "uxAffinity": "1"
                }
            }
        },
        {
            "name": "performance",
            "note": "费电模式，保证费电的同时多一点流畅度",
            "actions": {
                "normal": {
                    "cpuFreqMax": "20,24",
                    "cpuFreqMin": "3,3",
                    "cpuOnlineMin": "4,2",
                    "littleHidelay": "18000",
                    "littleHifreq": "1200000",
                    "littleHiload": "90",
                    "littleTgload": "70 1500000:90",
                    "littleMinSample": "18000",
                    "littleHyst": "78000",
                    "bigHidelay": "18000 1800000:78000",
                    "bigHifreq": "1500000",
                    "bigHiload": "90",
                    "bigTgload": "70 1800000:95",
                    "bigMinSample": "18000",
                    "bigHyst": "18000",
                    "downmigrate": "40",
                    "upmigrate": "80",
                    "downmigrate2": "40",
                    "ddrBwMax": "12000",
                    "ddrBwMin": "5000",
                    "ddrLatBig": "400",
                    "uxAffinity": "1"
                },
                "interaction": {
                    "cpuFreqMax": "19,22",
                    "cpuFreqMin": "18,21",
                    "cpuOnlineMin": "4,4",
                    "littleHidelay": "18000",
                    "littleHifreq": "1200000",
                    "littleHiload": "90",
                    "littleTgload": "70 1500000:90",
                    "littleMinSample": "18000",
                    "littleHyst": "78000",
                    "bigHidelay": "18000 1800000:78000",
                    "bigHifreq": "1500000",
                    "bigHiload": "90",
                    "bigTgload": "70 1800000:95",
                    "bigMinSample": "18000",
                    "bigHyst": "18000",
                    "downmigrate": "40",
                    "upmigrate": "80",
                    "downmigrate2": "40",
                    "ddrBwMax": "14000",
                    "ddrBwMin": "11000",
                    "ddrLatBig": "800",
                    "uxAffinity": "1"
                },
                "heavyLoad": {
                    "cpuFreqMax": "99,99",
                    "cpuFreqMin": "10,10",
                    "cpuOnlineMin": "4,4",
                    "littleHidelay": "18000",
                    "littleHifreq": "1200000",
                    "littleHiload": "90",
                    "littleTgload": "70 1500000:90",
                    "littleMinSample": "18000",
                    "littleHyst": "78000",
                    "bigHidelay": "18000 1800000:78000",
                    "bigHifreq": "1500000",
                    "bigHiload": "90",
                    "bigTgload": "70 1800000:95",
                    "bigMinSample": "18000",
                    "bigHyst": "18000",
                    "downmigrate": "40",
                    "upmigrate": "80",
                    "downmigrate2": "40",
                    "ddrBwMax": "14000",
                    "ddrBwMin": "11000",
                    "ddrLatBig": "800",
                    "uxAffinity": "1"
                },
                "standby": {
                    "cpuFreqMax": "15,18",
                    "cpuFreqMin": "3,3",
                    "cpuOnlineMin": "2,0",
                    "littleHidelay": "18000",
                    "littleHifreq": "1000000",
                    "littleHiload": "95",
                    "littleTgload": "90",
                    "littleMinSample": "18000",
                    "littleHyst": "18000",
                    "bigHidelay": "38000",
                    "bigHifreq": "1400000",
                    "bigHiload": "95",
                    "bigTgload": "90",
                    "bigMinSample": "18000",
                    "bigHyst": "18000",
                    "downmigrate": "95",
                    "upmigrate": "95",
                    "downmigrate2": "95",
                    "ddrBwMax": "12000",
                    "ddrBwMin": "0",
                    "ddrLatBig": "200",
                    "uxAffinity": "0"
                },
                "sfLag": {
                    "cpuFreqMax": "20,24",
                    "cpuFreqMin": "19,23",
                    "ddrBwMin": "11000",
                    "uxAffinity": "1"
                }
            }
        }
    ]
}