<?xml version="1.0" encoding="utf-8"?>
<permissions>
    <privapp-permissions package="com.miui.personalassistant">
        <permission name="android.permission.WRITE_SECURE_SETTINGS"/>
        <permission name="android.permission.STOP_APP_SWITCHES"/>
        <permission name="android.permission.INTERACT_ACROSS_USERS"/>
        <permission name="android.permission.BIND_APPWIDGET"/>
        <permission name="android.permission.STATUS_BAR"/>
        <permission name="android.permission.CHANGE_COMPONENT_ENABLED_STATE"/>
    </privapp-permissions>
</permissions>
