<?xml version='1.0' encoding='utf-8' standalone='yes' ?>
<map>
    <int name="65640" value="100" />
    <int name="65642" value="50" />
    <string name="65591;65592;65593">Select impulse response file</string>
    <int name="65641" value="20" />
    <boolean name="65589" value="false" />
    <boolean name="65643" value="true" />
    <int name="65602" value="50" />
    <boolean name="65604" value="false" />
    <boolean name="65603" value="false" />
    <int name="65606" value="80" />
    <int name="65628" value="100" />
    <int name="65605" value="50" />
    <boolean name="65627" value="false" />
    <int name="65608" value="100" />
    <int name="65607" value="400" />
    <int name="65629" value="100" />
    <boolean name="36868" value="false" />
    <string name="65596">0.0;0.0;0.0;0.0;0.0;0.0;0.0;0.0;0.0;0.0;</string>
    <boolean name="65595" value="false" />
    <boolean name="65631" value="true" />
    <boolean name="65597" value="false" />
    <boolean name="65633" value="true" />
    <boolean name="65635" value="true" />
    <int name="65634" value="20" />
    <boolean name="65637" value="true" />
    <int name="65636" value="50" />
    <int name="65639" value="80" />
    <int name="65609" value="100" />
</map>
