{"data":[{"id":50746,"flag":1,"rule":"||track.securecloud.com.cn^","updateTime":1563958713237,"network":255,"effectiveTime":1562746933000},{"id":50841,"flag":1,"rule":"||api.quwentxw.com^","updateTime":1563850929683,"network":255,"effectiveTime":1563850919000},{"id":50840,"flag":1,"rule":"||youtao.com^","updateTime":1563850891756,"network":255,"effectiveTime":1563850879000},{"id":50824,"flag":1,"rule":"||api.xinxianshilb.com^","updateTime":1563505778039,"network":255,"effectiveTime":1563505720000},{"id":49471,"flag":1,"rule":"||ark.letv.com^","updateTime":1545723429123,"network":255,"effectiveTime":1545723289000},{"id":47778,"flag":1,"rule":"||pos.baidu.com^$domain\u003dyidianzixun.com|duokan.com|miui.com","updateTime":1527735447972,"network":255,"effectiveTime":1526729012000},{"id":47780,"flag":1,"rule":"||ctrip.com^$domain\u003dyidianzixun.com|duokan.com|miui.com","updateTime":1526642674329,"network":255,"effectiveTime":1526729061000},{"id":47776,"flag":1,"rule":"||meituan.com^$domain\u003dyidianzixun.com|duokan.com|miui.com","updateTime":1526642570937,"network":255,"effectiveTime":1526728955000},{"id":47774,"flag":1,"rule":"||fastapi.net^$domain\u003dyidianzixun.com|duokan.com|miui.com","updateTime":1526642527875,"network":255,"effectiveTime":1526728902000},{"id":47750,"flag":1,"rule":"||tanx.com^$domain\u003dyidianzixun.com|duokan.com|miui.com","updateTime":1526642500864,"network":255,"effectiveTime":1526626113000},{"id":45979,"flag":1,"rule":"?ad_ids\u003d*inews.ifeng.com","updateTime":1516008872860,"network":255,"effectiveTime":1516095194000},{"id":42689,"flag":1,"rule":"||livew.l.qq.com/livemsg?","updateTime":1502761969073,"network":255,"effectiveTime":1502761969073},{"id":40104,"flag":1,"rule":"wn.pos.baidu.com/adx.php","updateTime":1487063384659,"network":255,"effectiveTime":1487063384659}]}