<?xml version="1.0" encoding="utf-8"?>
<permissions>
    <privapp-permissions package="me.app.xad">
        <permission name="android.permission.ACCESS_NETWORK_STATE"/>
        <permission name="android.permission.INTERNET"/>
        <permission name="android.permission.BIND_ACCESSIBILITY_SERVICE"/>
        <permission name="android.permission.FOREGROUND_SERVICE"/>
        <permission name="android.permission.RECEIVE_BOOT_COMPLETED"/>
        <permission name="android.permission.REQUEST_IGNORE_BATTERY_OPTIMIZATIONS"/>
        <permission name="android.permission.QUERY_ALL_PACKAGES"/>
        <permission name="android.permission.WAKE_LOCK"/>
    	<permission name="android.permission.DISABLE_KEYGUARD"/>
    	<permission name="android.permission.WRITE_EXTERNAL_STORAGE"/>
    	<permission name="android.permission.READ_EXTERNAL_STORAGE"/>
    </privapp-permissions>
</permissions>
