<?xml version='1.0' encoding='utf-8' standalone='yes' ?>
<map>
    <string name="viper4android.headphonefx.outvol">140</string>
    <boolean name="viper4android.headphonefx.viperddc.enable" value="true" />
    <boolean name="viper4android.headphonefx.playbackgain.enable" value="true" />
    <string name="viper4android.headphonefx.fireq.custom">-3.2;-5.7;-6.1;-6.4;-6.1;-6.7;1.1;4.8;5.7;6.3;</string>
    <string name="viper4android.headphonefx.diffsurr.delay">500</string>
    <boolean name="viper4android.headphonefx.analogx.enable" value="true" />
    <string name="viper4android.headphonefx.fidelity.bass.mode">2</string>
    <string name="viper4android.headphonefx.playbackgain.maxscaler">400</string>
    <string name="viper4android.headphonefx.dynamicsystem.coeffs">100;5600;40;80;50;50</string>
    <boolean name="viper4android.headphonefx.tube.enable" value="false" />
    <boolean name="viper4android.headphonefx.diffsurr.enable" value="false" />
    <string name="viper4android.headphonefx.playbackgain.ratio">100</string>
    <string name="viper4android.headphonefx.viperddc.device">1341436792</string>
    <boolean name="viper4android.headphonefx.dynamicsystem.tube" value="false" />
    <boolean name="viper4android.headphonefx.fidelity.bass.enable" value="true" />
    <boolean name="viper4android.headphonefx.dynamicsystem.enable" value="true" />
    <string name="viper4android.headphonefx.fidelity.bass.gain">50</string>
    <string name="viper4android.headphonefx.colorfulmusic.coeffs">120;200</string>
    <string name="viper4android.headphonefx.analogx.mode">1</string>
    <string name="viper4android.headphonefx.channelpan">0</string>
    <boolean name="viper4android.headphonefx.cure.enable" value="false" />
    <string name="viper4android.headphonefx.reverb.wet">10</string>
    <string name="viper4android.headphonefx.vse.value">0.1</string>
    <string name="viper4android.headphonefx.fidelity.clarity.gain">50</string>
    <boolean name="viper4android.speakerfx.enable" value="false" />
    <string name="viper4android.headphonefx.dynamicsystem.bass">3</string>
    <string name="viper4android.headphonefx.reverb.roomwidth">0</string>
    <boolean name="viper4android.headphonefx.fidelity.clarity.enable" value="true" />
    <string name="viper4android.headphonefx.colorfulmusic.midimage">150</string>
    <string name="viper4android.headphonefx.fidelity.clarity.mode">1</string>
    <boolean name="viper4android.headphonefx.convolver.enable" value="true" />
    <boolean name="viper4android.headphonefx.colorfulmusic.enable" value="false" />
    <string name="viper4android.headphonefx.vhs.qual">0</string>
    <string name="viper4android.headphonefx.fireq">custom</string>
    <boolean name="viper4android.headphonefx.reverb.enable" value="false" />
    <string name="viper4android.headphonefx.convolver.crosschannel">0</string>
    <string name="viper4android.headphonefx.reverb.dry">50</string>
    <string name="viper4android.headphonefx.convolver.kernel">/storage/emulated/legacy/ViPER4Android/Kernel/Beats Audio.irs</string>
    <string name="viper4android.speakerfx.limiter">100</string>
    <string name="viper4android.headphonefx.fidelity.bass.freq">40</string>
    <boolean name="viper4android.headphonefx.vhs.enable" value="false" />
    <boolean name="viper4android.global.forceenable.enable" value="false" />
    <string name="viper4android.headphonefx.reverb.damp">10</string>
    <string name="viper4android.headphonefx.reverb.roomsize">100</string>
    <string name="viper4android.headphonefx.limiter">100</string>
    <boolean name="viper4android.headphonefx.fireq.enable" value="true" />
    <boolean name="viper4android.headphonefx.enable" value="true" />
    <string name="viper4android.headphonefx.playbackgain.volume">100</string>
    <string name="viper4android.headphonefx.cure.crossfeed">1</string>
    <boolean name="viper4android.speakerfx.spkopt.enable" value="false" />
</map>
