<?xml version="1.0" encoding="utf-8"?><!--
    WARNING: Parsing of this file by third-party apps is not supported. The
    file, and the font files it refers to, will be renamed and/or moved out
    from their respective location in the next Android release, and/or the
    format or syntax of the file may change significantly. If you parse this
    file for information about system fonts, do it at your own risk. Your
    application will almost certainly break with the next major Android
    release.

    In this file, all fonts without names are added to the default list.
    Fonts are chosen based on a match: full BCP-47 language tag including
    script, then just language, and finally order (the first font containing
    the glyph).

    Order of appearance is also the tiebreaker for weight matching. This is
    the reason why the 900 weights of Roboto precede the 700 weights - we
    prefer the former when an 800 weight is requested. Since bold spans
    effectively add 300 to the weight, this ensures that 900 is the bold
    paired with the 500 weight, ensuring adequate contrast.
-->
<familyset version="23">
    <!-- first font is default -->
    <family name="sans-serif">
        <font style="normal" weight="100">font.ttf</font>
        <font style="italic" weight="100">font.ttf</font>
        <font style="normal" weight="300">font.ttf</font>
        <font style="italic" weight="300">font.ttf</font>
        <font style="normal" weight="400">font.ttf</font>
        <font style="italic" weight="400">font.ttf</font>
        <font style="normal" weight="500">font.ttf</font>
        <font style="italic" weight="500">font.ttf</font>
        <font style="normal" weight="900">font.ttf</font>
        <font style="italic" weight="900">font.ttf</font>
        <font style="normal" weight="700">font.ttf</font>
        <font style="italic" weight="700">font.ttf</font>
    </family>
    <family>
        <font style="normal" weight="100">Roboto-Thin.ttf</font>
        <font style="italic" weight="100">Roboto-ThinItalic.ttf</font>
        <font style="normal" weight="300">Roboto-Light.ttf</font>
        <font style="italic" weight="300">Roboto-LightItalic.ttf</font>
        <font style="normal" weight="400">Roboto-Regular.ttf</font>
        <font style="italic" weight="400">Roboto-Italic.ttf</font>
        <font style="normal" weight="500">Roboto-Medium.ttf</font>
        <font style="italic" weight="500">Roboto-MediumItalic.ttf</font>
        <font style="normal" weight="900">Roboto-Black.ttf</font>
        <font style="italic" weight="900">Roboto-BlackItalic.ttf</font>
        <font style="normal" weight="700">Roboto-Bold.ttf</font>
        <font style="italic" weight="700">Roboto-BoldItalic.ttf</font>
    </family>

    <!-- Note that aliases must come after the fonts they reference. -->
    <alias name="sans-serif-thin" to="sans-serif" weight="100" />
    <alias name="sans-serif-light" to="sans-serif" weight="300" />
    <alias name="sans-serif-medium" to="sans-serif" weight="500" />
    <alias name="sans-serif-black" to="sans-serif" weight="900" />
    <alias name="arial" to="sans-serif" />
    <alias name="helvetica" to="sans-serif" />
    <alias name="tahoma" to="sans-serif" />
    <alias name="verdana" to="sans-serif" />

    <alias name="sans-serif-condensed" to="sans-serif" />
    <alias name="sans-serif-condensed-light" to="sans-serif-condensed" weight="300" />
    <alias name="sans-serif-condensed-medium" to="sans-serif-condensed" weight="500" />

    <alias name="serif" to="sans-serif" />
    <alias name="serif-bold" to="serif" weight="700" />
    <alias name="times" to="serif" />
    <alias name="times new roman" to="serif" />
    <alias name="palatino" to="serif" />
    <alias name="georgia" to="serif" />
    <alias name="baskerville" to="serif" />
    <alias name="goudy" to="serif" />
    <alias name="fantasy" to="serif" />
    <alias name="ITC Stone Serif" to="serif" />

    <family name="monospace">
        <font style="normal" weight="400">DroidSansMono.ttf</font>
    </family>
    <alias name="sans-serif-monospace" to="monospace" />
    <alias name="monaco" to="monospace" />

    <family name="serif-monospace">
        <font style="normal" weight="400">CutiveMono.ttf</font>
    </family>
    <alias name="courier" to="serif-monospace" />
    <alias name="courier new" to="serif-monospace" />

    <family name="casual">
        <font style="normal" weight="400">ComingSoon.ttf</font>
    </family>

    <family name="cursive">
        <font style="normal" weight="400">DancingScript-Regular.ttf</font>
        <font style="normal" weight="700">DancingScript-Bold.ttf</font>
    </family>

    <family name="sans-serif-smallcaps">
        <font style="normal" weight="400">CarroisGothicSC-Regular.ttf</font>
    </family>

    <!-- fallback fonts -->
    <family lang="und-Arab" variant="elegant">
        <font style="normal" weight="400">NotoNaskhArabic-Regular.ttf</font>
        <font style="normal" weight="700">NotoNaskhArabic-Bold.ttf</font>
    </family>
    <family lang="und-Arab" variant="compact">
        <font style="normal" weight="400">NotoNaskhArabicUI-Regular.ttf</font>
        <font style="normal" weight="700">NotoNaskhArabicUI-Bold.ttf</font>
    </family>
    <family lang="und-Ethi">
        <font style="normal" weight="400">NotoSansEthiopic-Regular.ttf</font>
        <font style="normal" weight="700">NotoSansEthiopic-Bold.ttf</font>
        <font style="normal" fallbackFor="serif" weight="400">NotoSerifEthiopic-Regular.otf</font>
        <font style="normal" fallbackFor="serif" weight="700">NotoSerifEthiopic-Bold.otf</font>
    </family>
    <family lang="und-Hebr">
        <font style="normal" weight="400">NotoSansHebrew-Regular.ttf</font>
        <font style="normal" weight="700">NotoSansHebrew-Bold.ttf</font>
        <font style="normal" fallbackFor="serif" weight="400">NotoSerifHebrew-Regular.ttf</font>
        <font style="normal" fallbackFor="serif" weight="700">NotoSerifHebrew-Bold.ttf</font>
    </family>
    <family lang="und-Thai" variant="elegant">
        <font style="normal" weight="400">NotoSansThai-Regular.ttf</font>
        <font style="normal" weight="700">NotoSansThai-Bold.ttf</font>
        <font style="normal" fallbackFor="serif" weight="400">NotoSerifThai-Regular.ttf</font>
        <font style="normal" fallbackFor="serif" weight="700">NotoSerifThai-Bold.ttf</font>
    </family>
    <family lang="und-Thai" variant="compact">
        <font style="normal" weight="400">NotoSansThaiUI-Regular.ttf</font>
        <font style="normal" weight="700">NotoSansThaiUI-Bold.ttf</font>
    </family>
    <family lang="und-Armn">
        <font style="normal" weight="400">NotoSansArmenian-Regular.otf</font>
        <font style="normal" weight="500">NotoSansArmenian-Medium.otf</font>
        <font style="normal" weight="700">NotoSansArmenian-Bold.otf</font>
        <font style="normal" fallbackFor="serif" weight="400">NotoSerifArmenian-Regular.otf</font>
        <font style="normal" fallbackFor="serif" weight="700">NotoSerifArmenian-Bold.otf</font>
    </family>
    <family lang="und-Geor,und-Geok">
        <font style="normal" weight="400">NotoSansGeorgian-Regular.otf</font>
        <font style="normal" weight="500">NotoSansGeorgian-Medium.otf</font>
        <font style="normal" weight="700">NotoSansGeorgian-Bold.otf</font>
        <font style="normal" fallbackFor="serif" weight="400">NotoSerifGeorgian-Regular.otf</font>
        <font style="normal" fallbackFor="serif" weight="700">NotoSerifGeorgian-Bold.otf</font>
    </family>
    <family lang="und-Deva" variant="elegant">
        <font style="normal" weight="400">NotoSansDevanagari-Regular.otf</font>
        <font style="normal" weight="500">NotoSansDevanagari-Medium.otf</font>
        <font style="normal" weight="700">NotoSansDevanagari-Bold.otf</font>
        <font style="normal" fallbackFor="serif" weight="400">NotoSerifDevanagari-Regular.ttf</font>
        <font style="normal" fallbackFor="serif" weight="700">NotoSerifDevanagari-Bold.ttf</font>
    </family>
    <family lang="und-Deva" variant="compact">
        <font style="normal" weight="400">NotoSansDevanagariUI-Regular.otf</font>
        <font style="normal" weight="500">NotoSansDevanagariUI-Medium.otf</font>
        <font style="normal" weight="700">NotoSansDevanagariUI-Bold.otf</font>
    </family>

    <!-- All scripts of India should come after Devanagari, due to shared
         danda characters.
    -->
    <family lang="und-Gujr" variant="elegant">
        <font style="normal" weight="400">NotoSansGujarati-Regular.ttf</font>
        <font style="normal" weight="700">NotoSansGujarati-Bold.ttf</font>
        <font style="normal" fallbackFor="serif" weight="400">NotoSerifGujarati-Regular.ttf</font>
        <font style="normal" fallbackFor="serif" weight="700">NotoSerifGujarati-Bold.ttf</font>
    </family>
    <family lang="und-Gujr" variant="compact">
        <font style="normal" weight="400">NotoSansGujaratiUI-Regular.ttf</font>
        <font style="normal" weight="700">NotoSansGujaratiUI-Bold.ttf</font>
    </family>
    <family lang="und-Guru" variant="elegant">
        <font style="normal" weight="400">NotoSansGurmukhi-Regular.ttf</font>
        <font style="normal" weight="700">NotoSansGurmukhi-Bold.ttf</font>
        <font style="normal" fallbackFor="serif" weight="400">NotoSerifGurmukhi-Regular.otf</font>
        <font style="normal" fallbackFor="serif" weight="700">NotoSerifGurmukhi-Bold.otf</font>
    </family>
    <family lang="und-Guru" variant="compact">
        <font style="normal" weight="400">NotoSansGurmukhiUI-Regular.ttf</font>
        <font style="normal" weight="700">NotoSansGurmukhiUI-Bold.ttf</font>
    </family>
    <family lang="und-Taml" variant="elegant">
        <font style="normal" weight="400">NotoSansTamil-Regular.otf</font>
        <font style="normal" weight="500">NotoSansTamil-Medium.otf</font>
        <font style="normal" weight="700">NotoSansTamil-Bold.otf</font>
        <font style="normal" fallbackFor="serif" weight="400">NotoSerifTamil-Regular.otf</font>
        <font style="normal" fallbackFor="serif" weight="700">NotoSerifTamil-Bold.otf</font>
    </family>
    <family lang="und-Taml" variant="compact">
        <font style="normal" weight="400">NotoSansTamilUI-Regular.otf</font>
        <font style="normal" weight="500">NotoSansTamilUI-Medium.otf</font>
        <font style="normal" weight="700">NotoSansTamilUI-Bold.otf</font>
    </family>
    <family lang="und-Mlym" variant="elegant">
        <font style="normal" weight="400">NotoSansMalayalam-Regular.otf</font>
        <font style="normal" weight="500">NotoSansMalayalam-Medium.otf</font>
        <font style="normal" weight="700">NotoSansMalayalam-Bold.otf</font>
        <font style="normal" fallbackFor="serif" weight="400">NotoSerifMalayalam-Regular.ttf</font>
        <font style="normal" fallbackFor="serif" weight="700">NotoSerifMalayalam-Bold.ttf</font>
    </family>
    <family lang="und-Mlym" variant="compact">
        <font style="normal" weight="400">NotoSansMalayalamUI-Regular.otf</font>
        <font style="normal" weight="500">NotoSansMalayalamUI-Medium.otf</font>
        <font style="normal" weight="700">NotoSansMalayalamUI-Bold.otf</font>
    </family>
    <family lang="und-Beng" variant="elegant">
        <font style="normal" weight="400">NotoSansBengali-Regular.otf</font>
        <font style="normal" weight="500">NotoSansBengali-Medium.otf</font>
        <font style="normal" weight="700">NotoSansBengali-Bold.otf</font>
        <font style="normal" fallbackFor="serif" weight="400">NotoSerifBengali-Regular.ttf</font>
        <font style="normal" fallbackFor="serif" weight="700">NotoSerifBengali-Bold.ttf</font>
    </family>
    <family lang="und-Beng" variant="compact">
        <font style="normal" weight="400">NotoSansBengaliUI-Regular.otf</font>
        <font style="normal" weight="500">NotoSansBengaliUI-Medium.otf</font>
        <font style="normal" weight="700">NotoSansBengaliUI-Bold.otf</font>
    </family>
    <family lang="und-Telu" variant="elegant">
        <font style="normal" weight="400">NotoSansTelugu-Regular.ttf</font>
        <font style="normal" weight="700">NotoSansTelugu-Bold.ttf</font>
        <font style="normal" fallbackFor="serif" weight="400">NotoSerifTelugu-Regular.ttf</font>
        <font style="normal" fallbackFor="serif" weight="700">NotoSerifTelugu-Bold.ttf</font>
    </family>
    <family lang="und-Telu" variant="compact">
        <font style="normal" weight="400">NotoSansTeluguUI-Regular.ttf</font>
        <font style="normal" weight="700">NotoSansTeluguUI-Bold.ttf</font>
    </family>
    <family lang="und-Knda" variant="elegant">
        <font style="normal" weight="400">NotoSansKannada-Regular.ttf</font>
        <font style="normal" weight="700">NotoSansKannada-Bold.ttf</font>
        <font style="normal" fallbackFor="serif" weight="400">NotoSerifKannada-Regular.ttf</font>
        <font style="normal" fallbackFor="serif" weight="700">NotoSerifKannada-Bold.ttf</font>
    </family>
    <family lang="und-Knda" variant="compact">
        <font style="normal" weight="400">NotoSansKannadaUI-Regular.ttf</font>
        <font style="normal" weight="700">NotoSansKannadaUI-Bold.ttf</font>
    </family>
    <family lang="und-Orya" variant="elegant">
        <font style="normal" weight="400">NotoSansOriya-Regular.ttf</font>
        <font style="normal" weight="700">NotoSansOriya-Bold.ttf</font>
    </family>
    <family lang="und-Orya" variant="compact">
        <font style="normal" weight="400">NotoSansOriyaUI-Regular.ttf</font>
        <font style="normal" weight="700">NotoSansOriyaUI-Bold.ttf</font>
    </family>

    <family lang="und-Sinh" variant="elegant">
        <font style="normal" weight="400">NotoSansSinhala-Regular.otf</font>
        <font style="normal" weight="500">NotoSansSinhala-Medium.otf</font>
        <font style="normal" weight="700">NotoSansSinhala-Bold.otf</font>
        <font style="normal" fallbackFor="serif" weight="400">NotoSerifSinhala-Regular.otf</font>
        <font style="normal" fallbackFor="serif" weight="700">NotoSerifSinhala-Bold.otf</font>
    </family>
    <family lang="und-Sinh" variant="compact">
        <font style="normal" weight="400">NotoSansSinhalaUI-Regular.otf</font>
        <font style="normal" weight="500">NotoSansSinhalaUI-Medium.otf</font>
        <font style="normal" weight="700">NotoSansSinhalaUI-Bold.otf</font>
    </family>
    <family lang="und-Khmr" variant="elegant">
        <font style="normal" weight="100">NotoSansKhmer-VF.ttf
            <axis stylevalue="100.0" tag="wdth" />
            <axis stylevalue="26.0" tag="wght" />
        </font>
        <font style="normal" weight="200">NotoSansKhmer-VF.ttf
            <axis stylevalue="100.0" tag="wdth" />
            <axis stylevalue="39.0" tag="wght" />
        </font>
        <font style="normal" weight="300">NotoSansKhmer-VF.ttf
            <axis stylevalue="100.0" tag="wdth" />
            <axis stylevalue="58.0" tag="wght" />
        </font>
        <font style="normal" weight="400">NotoSansKhmer-VF.ttf
            <axis stylevalue="100.0" tag="wdth" />
            <axis stylevalue="90.0" tag="wght" />
        </font>
        <font style="normal" weight="500">NotoSansKhmer-VF.ttf
            <axis stylevalue="100.0" tag="wdth" />
            <axis stylevalue="108.0" tag="wght" />
        </font>
        <font style="normal" weight="600">NotoSansKhmer-VF.ttf
            <axis stylevalue="100.0" tag="wdth" />
            <axis stylevalue="128.0" tag="wght" />
        </font>
        <font style="normal" weight="700">NotoSansKhmer-VF.ttf
            <axis stylevalue="100.0" tag="wdth" />
            <axis stylevalue="151.0" tag="wght" />
        </font>
        <font style="normal" weight="800">NotoSansKhmer-VF.ttf
            <axis stylevalue="100.0" tag="wdth" />
            <axis stylevalue="169.0" tag="wght" />
        </font>
        <font style="normal" weight="900">NotoSansKhmer-VF.ttf
            <axis stylevalue="100.0" tag="wdth" />
            <axis stylevalue="190.0" tag="wght" />
        </font>
        <font style="normal" fallbackFor="serif" weight="400">NotoSerifKhmer-Regular.otf</font>
        <font style="normal" fallbackFor="serif" weight="700">NotoSerifKhmer-Bold.otf</font>
    </family>
    <family lang="und-Khmr" variant="compact">
        <font style="normal" weight="400">NotoSansKhmerUI-Regular.ttf</font>
        <font style="normal" weight="700">NotoSansKhmerUI-Bold.ttf</font>
    </family>
    <family lang="und-Laoo" variant="elegant">
        <font style="normal" weight="400">NotoSansLao-Regular.ttf</font>
        <font style="normal" weight="700">NotoSansLao-Bold.ttf</font>
        <font style="normal" fallbackFor="serif" weight="400">NotoSerifLao-Regular.ttf</font>
        <font style="normal" fallbackFor="serif" weight="700">NotoSerifLao-Bold.ttf</font>
    </family>
    <family lang="und-Laoo" variant="compact">
        <font style="normal" weight="400">NotoSansLaoUI-Regular.ttf</font>
        <font style="normal" weight="700">NotoSansLaoUI-Bold.ttf</font>
    </family>
    <family lang="und-Mymr" variant="elegant">
        <font style="normal" weight="400">NotoSansMyanmar-Regular-ZawDecode.ttf</font>
        <font style="normal" weight="700">NotoSansMyanmar-Bold-ZawDecode.ttf</font>
        <font style="normal" fallbackFor="serif" weight="400">NotoSerifMyanmar-Regular.otf</font>
        <font style="normal" fallbackFor="serif" weight="700">NotoSerifMyanmar-Bold.otf</font>
    </family>
    <family lang="und-Mymr" variant="compact">
        <font style="normal" weight="400">NotoSansMyanmarUI-Regular-ZawDecode.ttf</font>
        <font style="normal" weight="700">NotoSansMyanmarUI-Bold-ZawDecode.ttf</font>
    </family>
    <family lang="und-Thaa">
        <font style="normal" weight="400">NotoSansThaana-Regular.ttf</font>
        <font style="normal" weight="700">NotoSansThaana-Bold.ttf</font>
    </family>
    <family lang="und-Cham">
        <font style="normal" weight="400">NotoSansCham-Regular.ttf</font>
        <font style="normal" weight="700">NotoSansCham-Bold.ttf</font>
    </family>
    <family lang="und-Ahom">
        <font style="normal" weight="400">NotoSansAhom-Regular.otf</font>
    </family>
    <family lang="und-Adlm">
        <font style="normal" weight="400">NotoSansAdlam-Regular.ttf</font>
    </family>
    <family lang="und-Avst">
        <font style="normal" weight="400">NotoSansAvestan-Regular.ttf</font>
    </family>
    <family lang="und-Bali">
        <font style="normal" weight="400">NotoSansBalinese-Regular.ttf</font>
    </family>
    <family lang="und-Bamu">
        <font style="normal" weight="400">NotoSansBamum-Regular.ttf</font>
    </family>
    <family lang="und-Batk">
        <font style="normal" weight="400">NotoSansBatak-Regular.ttf</font>
    </family>
    <family lang="und-Brah">
        <font style="normal" weight="400">NotoSansBrahmi-Regular.ttf</font>
    </family>
    <family lang="und-Bugi">
        <font style="normal" weight="400">NotoSansBuginese-Regular.ttf</font>
    </family>
    <family lang="und-Buhd">
        <font style="normal" weight="400">NotoSansBuhid-Regular.ttf</font>
    </family>
    <family lang="und-Cans">
        <font style="normal" weight="400">NotoSansCanadianAboriginal-Regular.ttf</font>
    </family>
    <family lang="und-Cari">
        <font style="normal" weight="400">NotoSansCarian-Regular.ttf</font>
    </family>
    <family lang="und-Cakm">
        <font style="normal" weight="400">NotoSansChakma-Regular.otf</font>
    </family>
    <family lang="und-Cher">
        <font style="normal" weight="400">NotoSansCherokee-Regular.ttf</font>
    </family>
    <family lang="und-Copt">
        <font style="normal" weight="400">NotoSansCoptic-Regular.ttf</font>
    </family>
    <family lang="und-Xsux">
        <font style="normal" weight="400">NotoSansCuneiform-Regular.ttf</font>
    </family>
    <family lang="und-Cprt">
        <font style="normal" weight="400">NotoSansCypriot-Regular.ttf</font>
    </family>
    <family lang="und-Dsrt">
        <font style="normal" weight="400">NotoSansDeseret-Regular.ttf</font>
    </family>
    <family lang="und-Egyp">
        <font style="normal" weight="400">NotoSansEgyptianHieroglyphs-Regular.ttf</font>
    </family>
    <family lang="und-Elba">
        <font style="normal" weight="400">NotoSansElbasan-Regular.otf</font>
    </family>
    <family lang="und-Glag">
        <font style="normal" weight="400">NotoSansGlagolitic-Regular.ttf</font>
    </family>
    <family lang="und-Goth">
        <font style="normal" weight="400">NotoSansGothic-Regular.ttf</font>
    </family>
    <family lang="und-Hano">
        <font style="normal" weight="400">NotoSansHanunoo-Regular.ttf</font>
    </family>
    <family lang="und-Armi">
        <font style="normal" weight="400">NotoSansImperialAramaic-Regular.ttf</font>
    </family>
    <family lang="und-Phli">
        <font style="normal" weight="400">NotoSansInscriptionalPahlavi-Regular.ttf</font>
    </family>
    <family lang="und-Prti">
        <font style="normal" weight="400">NotoSansInscriptionalParthian-Regular.ttf</font>
    </family>
    <family lang="und-Java">
        <font style="normal" weight="400">NotoSansJavanese-Regular.ttf</font>
    </family>
    <family lang="und-Kthi">
        <font style="normal" weight="400">NotoSansKaithi-Regular.ttf</font>
    </family>
    <family lang="und-Kali">
        <font style="normal" weight="400">NotoSansKayahLi-Regular.ttf</font>
    </family>
    <family lang="und-Khar">
        <font style="normal" weight="400">NotoSansKharoshthi-Regular.ttf</font>
    </family>
    <family lang="und-Lepc">
        <font style="normal" weight="400">NotoSansLepcha-Regular.ttf</font>
    </family>
    <family lang="und-Limb">
        <font style="normal" weight="400">NotoSansLimbu-Regular.ttf</font>
    </family>
    <family lang="und-Linb">
        <font style="normal" weight="400">NotoSansLinearB-Regular.ttf</font>
    </family>
    <family lang="und-Lisu">
        <font style="normal" weight="400">NotoSansLisu-Regular.ttf</font>
    </family>
    <family lang="und-Lyci">
        <font style="normal" weight="400">NotoSansLycian-Regular.ttf</font>
    </family>
    <family lang="und-Lydi">
        <font style="normal" weight="400">NotoSansLydian-Regular.ttf</font>
    </family>
    <family lang="und-Mand">
        <font style="normal" weight="400">NotoSansMandaic-Regular.ttf</font>
    </family>
    <family lang="und-Mtei">
        <font style="normal" weight="400">NotoSansMeeteiMayek-Regular.ttf</font>
    </family>
    <family lang="und-Talu">
        <font style="normal" weight="400">NotoSansNewTaiLue-Regular.ttf</font>
    </family>
    <family lang="und-Nkoo">
        <font style="normal" weight="400">NotoSansNKo-Regular.ttf</font>
    </family>
    <family lang="und-Ogam">
        <font style="normal" weight="400">NotoSansOgham-Regular.ttf</font>
    </family>
    <family lang="und-Olck">
        <font style="normal" weight="400">NotoSansOlChiki-Regular.ttf</font>
    </family>
    <family lang="und-Ital">
        <font style="normal" weight="400">NotoSansOldItalic-Regular.ttf</font>
    </family>
    <family lang="und-Xpeo">
        <font style="normal" weight="400">NotoSansOldPersian-Regular.ttf</font>
    </family>
    <family lang="und-Sarb">
        <font style="normal" weight="400">NotoSansOldSouthArabian-Regular.ttf</font>
    </family>
    <family lang="und-Orkh">
        <font style="normal" weight="400">NotoSansOldTurkic-Regular.ttf</font>
    </family>
    <family lang="und-Osge">
        <font style="normal" weight="400">NotoSansOsage-Regular.ttf</font>
    </family>
    <family lang="und-Osma">
        <font style="normal" weight="400">NotoSansOsmanya-Regular.ttf</font>
    </family>
    <family lang="und-Phnx">
        <font style="normal" weight="400">NotoSansPhoenician-Regular.ttf</font>
    </family>
    <family lang="und-Rjng">
        <font style="normal" weight="400">NotoSansRejang-Regular.ttf</font>
    </family>
    <family lang="und-Runr">
        <font style="normal" weight="400">NotoSansRunic-Regular.ttf</font>
    </family>
    <family lang="und-Samr">
        <font style="normal" weight="400">NotoSansSamaritan-Regular.ttf</font>
    </family>
    <family lang="und-Saur">
        <font style="normal" weight="400">NotoSansSaurashtra-Regular.ttf</font>
    </family>
    <family lang="und-Shaw">
        <font style="normal" weight="400">NotoSansShavian-Regular.ttf</font>
    </family>
    <family lang="und-Sund">
        <font style="normal" weight="400">NotoSansSundanese-Regular.ttf</font>
    </family>
    <family lang="und-Sylo">
        <font style="normal" weight="400">NotoSansSylotiNagri-Regular.ttf</font>
    </family>
    <!-- Esrangela should precede Eastern and Western Syriac, since it's our default form. -->
    <family lang="und-Syre">
        <font style="normal" weight="400">NotoSansSyriacEstrangela-Regular.ttf</font>
    </family>
    <family lang="und-Syrn">
        <font style="normal" weight="400">NotoSansSyriacEastern-Regular.ttf</font>
    </family>
    <family lang="und-Syrj">
        <font style="normal" weight="400">NotoSansSyriacWestern-Regular.ttf</font>
    </family>
    <family lang="und-Tglg">
        <font style="normal" weight="400">NotoSansTagalog-Regular.ttf</font>
    </family>
    <family lang="und-Tagb">
        <font style="normal" weight="400">NotoSansTagbanwa-Regular.ttf</font>
    </family>
    <family lang="und-Lana">
        <font style="normal" weight="400">NotoSansTaiTham-Regular.ttf</font>
    </family>
    <family lang="und-Tavt">
        <font style="normal" weight="400">NotoSansTaiViet-Regular.ttf</font>
    </family>
    <family lang="und-Tibt">
        <font style="normal" weight="400">NotoSansTibetan-Regular.ttf</font>
        <font style="normal" weight="700">NotoSansTibetan-Bold.ttf</font>
    </family>
    <family lang="und-Tfng">
        <font style="normal" weight="400">NotoSansTifinagh-Regular.ttf</font>
    </family>
    <family lang="und-Ugar">
        <font style="normal" weight="400">NotoSansUgaritic-Regular.ttf</font>
    </family>
    <family lang="und-Vaii">
        <font style="normal" weight="400">NotoSansVai-Regular.ttf</font>
    </family>
    <!-- 孤鹜注：盲文区符号扩充，若不喜欢可以删除LxgwBraille.otf文件 [2019-08-25]-->
    <family>
        <font style="normal" weight="400">LxgwBraille.otf</font>
    </family>
    <family>
        <font style="normal" weight="400">NotoSansSymbols-Regular-Subsetted.ttf</font>
    </family>
    <!-- 孤鹜注：简繁日韩支持 [2019-08-25]-->
    <family lang="zh-Hans">
        <font style="normal" weight="400">font.ttf</font>
    </family>
    <family lang="zh-Hant">
        <font style="normal" weight="400">font.ttf</font>
    </family>
    <family lang="ja">
        <font style="normal" weight="400">font.ttf</font>
    </family>
    <family lang="ko">
        <font style="normal" weight="400">font.ttf</font>
    </family>
    <family lang="zh-Hans">
        <font style="normal" index="2" weight="400">NotoSansCJK-Regular.ttc</font>
        <font style="normal" fallbackFor="serif" index="2" weight="400">NotoSerifCJK-Regular.ttc
        </font>
    </family>
    <family lang="zh-Hant,zh-Bopo">
        <font style="normal" index="3" weight="400">NotoSansCJK-Regular.ttc</font>
        <font style="normal" fallbackFor="serif" index="3" weight="400">NotoSerifCJK-Regular.ttc
        </font>
    </family>
    <family lang="ja">
        <font style="normal" index="0" weight="400">NotoSansCJK-Regular.ttc</font>
        <font style="normal" fallbackFor="serif" index="0" weight="400">NotoSerifCJK-Regular.ttc
        </font>
    </family>
    <family lang="ko">
        <font style="normal" index="1" weight="400">NotoSansCJK-Regular.ttc</font>
        <font style="normal" fallbackFor="serif" index="1" weight="400">NotoSerifCJK-Regular.ttc
        </font>
    </family>
    <!-- 孤鹜注：自定义Emoji支持,保留对宁静之雨Emoji的支持。 [2019-08-25]-->
    <family lang="und-Zsye">
        <font style="normal" weight="400">LxgwColorEmoji.ttf</font>
    </family>
    <family lang="und-Zsye">
        <font style="normal" weight="400">njzyColorEmoji.otf</font>
    </family>
    <family lang="und-Zsye">
        <font style="normal" weight="400">NotoColorEmoji.ttf</font>
    </family>
    <family lang="und-Zsym">
        <font style="normal" weight="400">NotoSansSymbols-Regular-Subsetted2.ttf</font>
    </family>
    <!--
        Tai Le, Yi, Mongolian, and Phags-pa are intentionally kept last, to make sure they don't
        override the East Asian punctuation for Chinese.
    -->
    <family lang="und-Tale">
        <font style="normal" weight="400">NotoSansTaiLe-Regular.ttf</font>
    </family>
    <family lang="und-Yiii">
        <font style="normal" weight="400">NotoSansYi-Regular.ttf</font>
    </family>
    <family lang="und-Mong">
        <font style="normal" weight="400">NotoSansMongolian-Regular.ttf</font>
    </family>
    <family lang="und-Phag">
        <font style="normal" weight="400">NotoSansPhagsPa-Regular.ttf</font>
    </family>
    <family lang="und-Hluw">
        <font style="normal" weight="400">NotoSansAnatolianHieroglyphs-Regular.otf</font>
    </family>
    <family lang="und-Bass">
        <font style="normal" weight="400">NotoSansBassaVah-Regular.otf</font>
    </family>
    <family lang="und-Bhks">
        <font style="normal" weight="400">NotoSansBhaiksuki-Regular.otf</font>
    </family>
    <family lang="und-Hatr">
        <font style="normal" weight="400">NotoSansHatran-Regular.otf</font>
    </family>
    <family lang="und-Lina">
        <font style="normal" weight="400">NotoSansLinearA-Regular.otf</font>
    </family>
    <family lang="und-Mani">
        <font style="normal" weight="400">NotoSansManichaean-Regular.otf</font>
    </family>
    <family lang="und-Marc">
        <font style="normal" weight="400">NotoSansMarchen-Regular.otf</font>
    </family>
    <family lang="und-Merc">
        <font style="normal" weight="400">NotoSansMeroitic-Regular.otf</font>
    </family>
    <family lang="und-Plrd">
        <font style="normal" weight="400">NotoSansMiao-Regular.otf</font>
    </family>
    <family lang="und-Mroo">
        <font style="normal" weight="400">NotoSansMro-Regular.otf</font>
    </family>
    <family lang="und-Mult">
        <font style="normal" weight="400">NotoSansMultani-Regular.otf</font>
    </family>
    <family lang="und-Nbat">
        <font style="normal" weight="400">NotoSansNabataean-Regular.otf</font>
    </family>
    <family lang="und-Newa">
        <font style="normal" weight="400">NotoSansNewa-Regular.otf</font>
    </family>
    <family lang="und-Narb">
        <font style="normal" weight="400">NotoSansOldNorthArabian-Regular.otf</font>
    </family>
    <family lang="und-Perm">
        <font style="normal" weight="400">NotoSansOldPermic-Regular.otf</font>
    </family>
    <family lang="und-Hmng">
        <font style="normal" weight="400">NotoSansPahawhHmong-Regular.otf</font>
    </family>
    <family lang="und-Palm">
        <font style="normal" weight="400">NotoSansPalmyrene-Regular.otf</font>
    </family>
    <family lang="und-Pauc">
        <font style="normal" weight="400">NotoSansPauCinHau-Regular.otf</font>
    </family>
    <family lang="und-Shrd">
        <font style="normal" weight="400">NotoSansSharada-Regular.otf</font>
    </family>
    <family lang="und-Sora">
        <font style="normal" weight="400">NotoSansSoraSompeng-Regular.otf</font>
    </family>
</familyset>
