<?xml version='1.0' encoding='UTF-8'?>
<device_data xmlns:xsi="http://www.w3.org/2001/XMLSchema-instance" xmlns:xsd="http://www.w3.org/2001/XMLSchema">
  <format_version major="3" minor="3" maintenance="0"/>
  <tool_version major="3" minor="5" maintenance="0"/>
  <preset id="ieq_balanced" type="ieq">
    <data>
      <ieq-bands>
        <band_ieq frequency="47" target="157"/>
        <band_ieq frequency="181" target="167"/>
        <band_ieq frequency="206" target="218"/>
        <band_ieq frequency="328" target="218"/>
        <band_ieq frequency="469" target="203"/>
        <band_ieq frequency="656" target="188"/>
        <band_ieq frequency="844" target="192"/>
        <band_ieq frequency="1031" target="192"/>
        <band_ieq frequency="1313" target="205"/>
        <band_ieq frequency="1688" target="213"/>
        <band_ieq frequency="2250" target="218"/>
        <band_ieq frequency="3000" target="209"/>
        <band_ieq frequency="3750" target="193"/>
        <band_ieq frequency="4688" target="159"/>
        <band_ieq frequency="5813" target="134"/>
        <band_ieq frequency="7125" target="97"/>
        <band_ieq frequency="9000" target="71"/>
        <band_ieq frequency="11250" target="22"/>
        <band_ieq frequency="13875" target="-90"/>
        <band_ieq frequency="19688" target="-283"/>
      </ieq-bands>
    </data>
  </preset>
  <preset id="ieq_detailed" type="ieq">
    <data>
      <ieq-bands>
        <band_ieq frequency="47" target="-200"/>
        <band_ieq frequency="181" target="5"/>
        <band_ieq frequency="206" target="88"/>
        <band_ieq frequency="328" target="200"/>
        <band_ieq frequency="469" target="189"/>
        <band_ieq frequency="656" target="195"/>
        <band_ieq frequency="844" target="202"/>
        <band_ieq frequency="1031" target="199"/>
        <band_ieq frequency="1313" target="210"/>
        <band_ieq frequency="1688" target="225"/>
        <band_ieq frequency="2250" target="230"/>
        <band_ieq frequency="3000" target="236"/>
        <band_ieq frequency="3750" target="235"/>
        <band_ieq frequency="4688" target="235"/>
        <band_ieq frequency="5813" target="214"/>
        <band_ieq frequency="7125" target="165"/>
        <band_ieq frequency="9000" target="112"/>
        <band_ieq frequency="11250" target="49"/>
        <band_ieq frequency="13875" target="-24"/>
        <band_ieq frequency="19688" target="-217"/>
      </ieq-bands>
    </data>
  </preset>
  <preset id="ieq_warm" type="ieq">
    <data>
      <ieq-bands>
        <band_ieq frequency="47" target="450"/>
        <band_ieq frequency="181" target="500"/>
        <band_ieq frequency="206" target="970"/>
        <band_ieq frequency="328" target="930"/>
        <band_ieq frequency="469" target="390"/>
        <band_ieq frequency="656" target="440"/>
        <band_ieq frequency="844" target="-450"/>
        <band_ieq frequency="1031" target="-500"/>
        <band_ieq frequency="1313" target="410"/>
        <band_ieq frequency="1688" target="450"/>
        <band_ieq frequency="2250" target="420"/>
        <band_ieq frequency="3000" target="460"/>
        <band_ieq frequency="3750" target="470"/>
        <band_ieq frequency="4688" target="510"/>
        <band_ieq frequency="5813" target="910"/>
        <band_ieq frequency="7125" target="950"/>
        <band_ieq frequency="9000" target="60"/>
        <band_ieq frequency="11250" target="100"/>
        <band_ieq frequency="13875" target="0"/>
        <band_ieq frequency="19688" target="0"/>
      </ieq-bands>
    </data>
  </preset>
  <preset id="0" type="geq">
    <data>
      <graphic-equalizer-bands>
        <band_geq frequency="47" gain="0"/>
        <band_geq frequency="181" gain="0"/>
        <band_geq frequency="206" gain="0"/>
        <band_geq frequency="328" gain="0"/>
        <band_geq frequency="469" gain="0"/>
        <band_geq frequency="656" gain="0"/>
        <band_geq frequency="844" gain="0"/>
        <band_geq frequency="1031" gain="0"/>
        <band_geq frequency="1313" gain="0"/>
        <band_geq frequency="1688" gain="0"/>
        <band_geq frequency="2250" gain="0"/>
        <band_geq frequency="3000" gain="0"/>
        <band_geq frequency="3750" gain="0"/>
        <band_geq frequency="4688" gain="0"/>
        <band_geq frequency="5813" gain="0"/>
        <band_geq frequency="7125" gain="0"/>
        <band_geq frequency="9000" gain="0"/>
        <band_geq frequency="11250" gain="0"/>
        <band_geq frequency="13875" gain="0"/>
        <band_geq frequency="19688" gain="0"/>
      </graphic-equalizer-bands>
    </data>
  </preset>
  <preset id="1" type="geq">
    <data>
      <graphic-equalizer-bands>
		 <band_ieq frequency="47" target="450"/>
		 <band_ieq frequency="181" target="500"/>
		 <band_ieq frequency="206" target="950"/>
		 <band_ieq frequency="328" target="1000"/>
		 <band_ieq frequency="469" target="390"/>
		 <band_ieq frequency="656" target="440"/>
		 <band_ieq frequency="844" target="-450"/>
		 <band_ieq frequency="1031" target="-500"/>
		 <band_ieq frequency="1313" target="410"/>
		 <band_ieq frequency="1688" target="450"/>
		 <band_ieq frequency="2250" target="420"/>
		 <band_ieq frequency="3000" target="460"/>
		 <band_ieq frequency="3750" target="470"/>
		 <band_ieq frequency="4688" target="510"/>
		 <band_ieq frequency="5813" target="910"/>
		 <band_ieq frequency="7125" target="950"/>
		 <band_ieq frequency="9000" target="60"/>
		 <band_ieq frequency="11250" target="100"/>
		 <band_ieq frequency="13875" target="0"/>
		 <band_ieq frequency="19688" target="0"/>
      </graphic-equalizer-bands>
    </data>
  </preset>
  <preset id="2" type="geq">
    <data>
      <graphic-equalizer-bands>
        <band_geq frequency="47" gain="0"/>
        <band_geq frequency="181" gain="0"/>
        <band_geq frequency="206" gain="0"/>
        <band_geq frequency="328" gain="0"/>
        <band_geq frequency="469" gain="0"/>
        <band_geq frequency="656" gain="0"/>
        <band_geq frequency="844" gain="0"/>
        <band_geq frequency="1031" gain="0"/>
        <band_geq frequency="1313" gain="0"/>
        <band_geq frequency="1688" gain="0"/>
        <band_geq frequency="2250" gain="0"/>
        <band_geq frequency="3000" gain="0"/>
        <band_geq frequency="3750" gain="0"/>
        <band_geq frequency="4688" gain="0"/>
        <band_geq frequency="5813" gain="0"/>
        <band_geq frequency="7125" gain="0"/>
        <band_geq frequency="9000" gain="0"/>
        <band_geq frequency="11250" gain="0"/>
        <band_geq frequency="13875" gain="0"/>
        <band_geq frequency="19688" gain="0"/>
      </graphic-equalizer-bands>
    </data>
  </preset>
  <preset id="3" type="geq">
    <data>
      <graphic-equalizer-bands>
        <band_geq frequency="47" gain="0"/>
        <band_geq frequency="181" gain="0"/>
        <band_geq frequency="206" gain="0"/>
        <band_geq frequency="328" gain="0"/>
        <band_geq frequency="469" gain="0"/>
        <band_geq frequency="656" gain="0"/>
        <band_geq frequency="844" gain="0"/>
        <band_geq frequency="1031" gain="0"/>
        <band_geq frequency="1313" gain="0"/>
        <band_geq frequency="1688" gain="0"/>
        <band_geq frequency="2250" gain="0"/>
        <band_geq frequency="3000" gain="0"/>
        <band_geq frequency="3750" gain="0"/>
        <band_geq frequency="4688" gain="0"/>
        <band_geq frequency="5813" gain="0"/>
        <band_geq frequency="7125" gain="0"/>
        <band_geq frequency="9000" gain="0"/>
        <band_geq frequency="11250" gain="0"/>
        <band_geq frequency="13875" gain="0"/>
        <band_geq frequency="19688" gain="0"/>
      </graphic-equalizer-bands>
    </data>
  </preset>
  <preset id="4" type="geq">
    <data>
      <graphic-equalizer-bands>
        <band_geq frequency="47" gain="0"/>
        <band_geq frequency="181" gain="0"/>
        <band_geq frequency="206" gain="0"/>
        <band_geq frequency="328" gain="0"/>
        <band_geq frequency="469" gain="0"/>
        <band_geq frequency="656" gain="0"/>
        <band_geq frequency="844" gain="0"/>
        <band_geq frequency="1031" gain="0"/>
        <band_geq frequency="1313" gain="0"/>
        <band_geq frequency="1688" gain="0"/>
        <band_geq frequency="2250" gain="0"/>
        <band_geq frequency="3000" gain="0"/>
        <band_geq frequency="3750" gain="0"/>
        <band_geq frequency="4688" gain="0"/>
        <band_geq frequency="5813" gain="0"/>
        <band_geq frequency="7125" gain="0"/>
        <band_geq frequency="9000" gain="0"/>
        <band_geq frequency="11250" gain="0"/>
        <band_geq frequency="13875" gain="0"/>
        <band_geq frequency="19688" gain="0"/>
      </graphic-equalizer-bands>
    </data>
  </preset>
  <preset id="5" type="geq">
    <data>
      <graphic-equalizer-bands>
        <band_geq frequency="47" gain="0"/>
        <band_geq frequency="181" gain="0"/>
        <band_geq frequency="206" gain="0"/>
        <band_geq frequency="328" gain="0"/>
        <band_geq frequency="469" gain="0"/>
        <band_geq frequency="656" gain="0"/>
        <band_geq frequency="844" gain="0"/>
        <band_geq frequency="1031" gain="0"/>
        <band_geq frequency="1313" gain="0"/>
        <band_geq frequency="1688" gain="0"/>
        <band_geq frequency="2250" gain="0"/>
        <band_geq frequency="3000" gain="0"/>
        <band_geq frequency="3750" gain="0"/>
        <band_geq frequency="4688" gain="0"/>
        <band_geq frequency="5813" gain="0"/>
        <band_geq frequency="7125" gain="0"/>
        <band_geq frequency="9000" gain="0"/>
        <band_geq frequency="11250" gain="0"/>
        <band_geq frequency="13875" gain="0"/>
        <band_geq frequency="19688" gain="0"/>
      </graphic-equalizer-bands>
    </data>
  </preset>
  <preset id="6" type="geq">
    <data>
      <graphic-equalizer-bands>
        <band_geq frequency="47" gain="0"/>
        <band_geq frequency="181" gain="0"/>
        <band_geq frequency="206" gain="0"/>
        <band_geq frequency="328" gain="0"/>
        <band_geq frequency="469" gain="0"/>
        <band_geq frequency="656" gain="0"/>
        <band_geq frequency="844" gain="0"/>
        <band_geq frequency="1031" gain="0"/>
        <band_geq frequency="1313" gain="0"/>
        <band_geq frequency="1688" gain="0"/>
        <band_geq frequency="2250" gain="0"/>
        <band_geq frequency="3000" gain="0"/>
        <band_geq frequency="3750" gain="0"/>
        <band_geq frequency="4688" gain="0"/>
        <band_geq frequency="5813" gain="0"/>
        <band_geq frequency="7125" gain="0"/>
        <band_geq frequency="9000" gain="0"/>
        <band_geq frequency="11250" gain="0"/>
        <band_geq frequency="13875" gain="0"/>
        <band_geq frequency="19688" gain="0"/>
      </graphic-equalizer-bands>
    </data>
  </preset>
  <preset id="7" type="geq">
    <data>
      <graphic-equalizer-bands>
        <band_geq frequency="47" gain="0"/>
        <band_geq frequency="181" gain="0"/>
        <band_geq frequency="206" gain="0"/>
        <band_geq frequency="328" gain="0"/>
        <band_geq frequency="469" gain="0"/>
        <band_geq frequency="656" gain="0"/>
        <band_geq frequency="844" gain="0"/>
        <band_geq frequency="1031" gain="0"/>
        <band_geq frequency="1313" gain="0"/>
        <band_geq frequency="1688" gain="0"/>
        <band_geq frequency="2250" gain="0"/>
        <band_geq frequency="3000" gain="0"/>
        <band_geq frequency="3750" gain="0"/>
        <band_geq frequency="4688" gain="0"/>
        <band_geq frequency="5813" gain="0"/>
        <band_geq frequency="7125" gain="0"/>
        <band_geq frequency="9000" gain="0"/>
        <band_geq frequency="11250" gain="0"/>
        <band_geq frequency="13875" gain="0"/>
        <band_geq frequency="19688" gain="0"/>
      </graphic-equalizer-bands>
    </data>
  </preset>
  <preset id="8" type="geq">
    <data>
      <graphic-equalizer-bands>
		 <band_ieq frequency="47" target="450"/>
		 <band_ieq frequency="181" target="500"/>
		 <band_ieq frequency="206" target="950"/>
		 <band_ieq frequency="328" target="1000"/>
		 <band_ieq frequency="469" target="390"/>
		 <band_ieq frequency="656" target="440"/>
		 <band_ieq frequency="844" target="-450"/>
		 <band_ieq frequency="1031" target="-500"/>
		 <band_ieq frequency="1313" target="410"/>
		 <band_ieq frequency="1688" target="450"/>
		 <band_ieq frequency="2250" target="420"/>
		 <band_ieq frequency="3000" target="460"/>
		 <band_ieq frequency="3750" target="470"/>
		 <band_ieq frequency="4688" target="510"/>
		 <band_ieq frequency="5813" target="910"/>
		 <band_ieq frequency="7125" target="950"/>
		 <band_ieq frequency="9000" target="60"/>
		 <band_ieq frequency="11250" target="100"/>
		 <band_ieq frequency="13875" target="0"/>
		 <band_ieq frequency="19688" target="0"/>
      </graphic-equalizer-bands>
    </data>
  </preset>
  <profile id="0" name="Dynamic" group="default">
    <data>
      <mi-dv-leveler-steering-enable value="false"/>
      <mi-ieq-steering-enable value="false"/>
      <mi-surround-compressor-steering-enable value="false"/>
      <mi-adaptive-virtualizer-steering-enable value="false"/>
      <volume-modeler-enable value="false"/>
      <drc-metadata/>
      <reverb-suppression-enable value="false"/>
      <reverb-suppression-amount value="9"/>
      <endpoint_type id="speaker">
        <ieq-enable value="false"/>
        <ieq-amount value="3"/>
        <include preset="ieq_balanced"/>
        <calibration-boost value="0"/>
        <dialog-enhancer-enable value="false"/>
        <dialog-enhancer-amount value="0"/>
        <dialog-enhancer-ducking value="0"/>
        <mi-virtualizer-binaural-steering-enable value="false"/>
        <surround-decoder-enable value="true"/>
        <surround-boost value="0"/>
        <volmax-boost value="0"/>
        <volume-leveler-enable value="false"/>
        <volume-leveler-amount value="0"/>
        <volume-leveler-in-target value="-230"/>
        <volume-leveler-out-target value="-250"/>
        <graphic-equalizer-enable value="true"/>
        <virtualizer-enable value="false"/>
        <bass-enhancer-enable value="true"/>
        <virtual-bass-process-enable value="false"/>
        <hearing-protection-enable value="false"/>
        <hearing-protection-rms-averaging-time-win-len value="6"/>
        <hearing-protection-rms-attenuation-target value="-256"/>
        <hearing-protection-attenuation-attack-time value="900"/>
        <hearing-protection-attenuation-release-time value="1600"/>
        <virtualizer-start-band value="0"/>
        <headphone-virtualizer-steerer-source-distance value="4"/>
      </endpoint_type>
      <endpoint_type id="headphone">
        <ieq-enable value="false"/>
        <ieq-amount value="6"/>
        <include preset="ieq_balanced"/>
        <calibration-boost value="0"/>
        <dialog-enhancer-enable value="false"/>
        <dialog-enhancer-amount value="6"/>
        <dialog-enhancer-ducking value="0"/>
        <mi-virtualizer-binaural-steering-enable value="false"/>
        <peak-value value="256"/>
        <surround-decoder-enable value="false"/>
        <surround-boost value="0"/>
        <volmax-boost value="32"/>
        <volume-leveler-enable value="false"/>
        <volume-leveler-amount value="0"/>
        <volume-leveler-in-target value="-256"/>
        <volume-leveler-out-target value="-256"/>
        <graphic-equalizer-enable value="true"/>
        <virtualizer-enable value="false"/>
        <bass-enhancer-enable value="false"/>
        <virtual-bass-process-enable value="false"/>
        <hearing-protection-enable value="false"/>
        <hearing-protection-rms-averaging-time-win-len value="6"/>
        <hearing-protection-rms-attenuation-target value="-256"/>
        <hearing-protection-attenuation-attack-time value="900"/>
        <hearing-protection-attenuation-release-time value="1600"/>
        <virtualizer-start-band value="0"/>
        <headphone-virtualizer-steerer-source-distance value="4"/>
      </endpoint_type>
      <endpoint_type id="other">
        <ieq-enable value="true"/>
        <ieq-amount value="6"/>
        <include preset="ieq_warm"/>
        <calibration-boost value="0"/>
        <dialog-enhancer-enable value="true"/>
        <dialog-enhancer-amount value="4"/>
        <dialog-enhancer-ducking value="0"/>
        <mi-virtualizer-binaural-steering-enable value="false"/>
        <peak-value value="256"/>
        <surround-decoder-enable value="true"/>
        <surround-boost value="4"/>
        <volmax-boost value="32"/>
        <volume-leveler-enable value="true"/>
        <volume-leveler-amount value="0"/>
        <volume-leveler-in-target value="-256"/>
        <volume-leveler-out-target value="-256"/>
        <graphic-equalizer-enable value="true"/>
        <virtualizer-enable value="false"/>
        <bass-enhancer-enable value="false"/>
        <virtual-bass-process-enable value="false"/>
        <hearing-protection-enable value="false"/>
        <hearing-protection-rms-averaging-time-win-len value="6"/>
        <hearing-protection-rms-attenuation-target value="-256"/>
        <hearing-protection-attenuation-attack-time value="900"/>
        <hearing-protection-attenuation-release-time value="1600"/>
        <virtualizer-start-band value="0"/>
        <headphone-virtualizer-steerer-source-distance value="4"/>
      </endpoint_type>
    </data>
  </profile>
  <profile id="1" name="Movie" group="default">
    <data>
      <mi-dv-leveler-steering-enable value="false"/>
      <mi-ieq-steering-enable value="false"/>
      <mi-surround-compressor-steering-enable value="false"/>
      <mi-adaptive-virtualizer-steering-enable value="false"/>
      <volume-modeler-enable value="false"/>
      <drc-metadata/>
      <reverb-suppression-enable value="false"/>
      <reverb-suppression-amount value="9"/>
      <endpoint_type id="speaker">
        <ieq-enable value="false"/>
        <ieq-amount value="3"/>
        <include preset="ieq_balanced"/>
        <calibration-boost value="0"/>
        <dialog-enhancer-enable value="false"/>
        <dialog-enhancer-amount value="0"/>
        <dialog-enhancer-ducking value="0"/>
        <mi-virtualizer-binaural-steering-enable value="false"/>
        <surround-decoder-enable value="true"/>
        <surround-boost value="0"/>
        <volmax-boost value="0"/>
        <volume-leveler-enable value="false"/>
        <volume-leveler-amount value="0"/>
        <volume-leveler-in-target value="-230"/>
        <volume-leveler-out-target value="-250"/>
        <graphic-equalizer-enable value="true"/>
        <virtualizer-enable value="false"/>
        <bass-enhancer-enable value="true"/>
        <virtual-bass-process-enable value="false"/>
        <hearing-protection-enable value="false"/>
        <hearing-protection-rms-averaging-time-win-len value="6"/>
        <hearing-protection-rms-attenuation-target value="-256"/>
        <hearing-protection-attenuation-attack-time value="900"/>
        <hearing-protection-attenuation-release-time value="1600"/>
        <virtualizer-start-band value="0"/>
        <headphone-virtualizer-steerer-source-distance value="4"/>
      </endpoint_type>
      <endpoint_type id="headphone">
        <ieq-enable value="false"/>
        <ieq-amount value="6"/>
        <include preset="ieq_balanced"/>
        <calibration-boost value="0"/>
        <dialog-enhancer-enable value="false"/>
        <dialog-enhancer-amount value="6"/>
        <dialog-enhancer-ducking value="0"/>
        <mi-virtualizer-binaural-steering-enable value="false"/>
        <peak-value value="256"/>
        <surround-decoder-enable value="false"/>
        <surround-boost value="0"/>
        <volmax-boost value="32"/>
        <volume-leveler-enable value="false"/>
        <volume-leveler-amount value="0"/>
        <volume-leveler-in-target value="-256"/>
        <volume-leveler-out-target value="-256"/>
        <graphic-equalizer-enable value="true"/>
        <virtualizer-enable value="false"/>
        <bass-enhancer-enable value="false"/>
        <virtual-bass-process-enable value="false"/>
        <hearing-protection-enable value="false"/>
        <hearing-protection-rms-averaging-time-win-len value="6"/>
        <hearing-protection-rms-attenuation-target value="-256"/>
        <hearing-protection-attenuation-attack-time value="900"/>
        <hearing-protection-attenuation-release-time value="1600"/>
        <virtualizer-start-band value="0"/>
        <headphone-virtualizer-steerer-source-distance value="4"/>
      </endpoint_type>
      <endpoint_type id="other">
        <ieq-enable value="false"/>
        <ieq-amount value="6"/>
        <include preset="ieq_balanced"/>
        <calibration-boost value="0"/>
        <dialog-enhancer-enable value="true"/>
        <dialog-enhancer-amount value="4"/>
        <dialog-enhancer-ducking value="0"/>
        <mi-virtualizer-binaural-steering-enable value="false"/>
        <peak-value value="256"/>
        <surround-decoder-enable value="true"/>
        <surround-boost value="0"/>
        <volmax-boost value="32"/>
        <volume-leveler-enable value="true"/>
        <volume-leveler-amount value="0"/>
        <volume-leveler-in-target value="-256"/>
        <volume-leveler-out-target value="-256"/>
        <graphic-equalizer-enable value="true"/>
        <virtualizer-enable value="false"/>
        <bass-enhancer-enable value="false"/>
        <virtual-bass-process-enable value="false"/>
        <hearing-protection-enable value="false"/>
        <hearing-protection-rms-averaging-time-win-len value="6"/>
        <hearing-protection-rms-attenuation-target value="-256"/>
        <hearing-protection-attenuation-attack-time value="900"/>
        <hearing-protection-attenuation-release-time value="1600"/>
        <virtualizer-start-band value="0"/>
        <headphone-virtualizer-steerer-source-distance value="4"/>
      </endpoint_type>
    </data>
  </profile>
  <profile id="2" name="Music" group="default">
    <data>
      <mi-dv-leveler-steering-enable value="false"/>
      <mi-ieq-steering-enable value="false"/>
      <mi-surround-compressor-steering-enable value="false"/>
      <mi-adaptive-virtualizer-steering-enable value="false"/>
      <volume-modeler-enable value="false"/>
      <drc-metadata/>
      <reverb-suppression-enable value="false"/>
      <reverb-suppression-amount value="9"/>
      <endpoint_type id="speaker">
        <ieq-enable value="false"/>
        <ieq-amount value="3"/>
        <include preset="ieq_balanced"/>
        <calibration-boost value="0"/>
        <dialog-enhancer-enable value="false"/>
        <dialog-enhancer-amount value="0"/>
        <dialog-enhancer-ducking value="0"/>
        <mi-virtualizer-binaural-steering-enable value="false"/>
        <surround-decoder-enable value="true"/>
        <surround-boost value="90"/>
        <volmax-boost value="24"/>
        <volume-leveler-enable value="false"/>
        <volume-leveler-amount value="0"/>
        <volume-leveler-in-target value="-248"/>
        <volume-leveler-out-target value="-228"/>
        <graphic-equalizer-enable value="true"/>
        <virtualizer-enable value="false"/>
        <bass-enhancer-enable value="false"/>
        <virtual-bass-process-enable value="false"/>
        <hearing-protection-enable value="false"/>
        <hearing-protection-rms-averaging-time-win-len value="6"/>
        <hearing-protection-rms-attenuation-target value="-256"/>
        <hearing-protection-attenuation-attack-time value="900"/>
        <hearing-protection-attenuation-release-time value="1600"/>
        <virtualizer-start-band value="0"/>
        <headphone-virtualizer-steerer-source-distance value="4"/>
      </endpoint_type>
      <endpoint_type id="headphone">
        <ieq-enable value="false"/>
        <ieq-amount value="6"/>
        <include preset="ieq_balanced"/>
        <calibration-boost value="0"/>
        <dialog-enhancer-enable value="false"/>
        <dialog-enhancer-amount value="6"/>
        <dialog-enhancer-ducking value="0"/>
        <mi-virtualizer-binaural-steering-enable value="false"/>
        <peak-value value="256"/>
        <surround-decoder-enable value="false"/>
        <surround-boost value="0"/>
        <volmax-boost value="32"/>
        <volume-leveler-enable value="false"/>
        <volume-leveler-amount value="0"/>
        <volume-leveler-in-target value="-256"/>
        <volume-leveler-out-target value="-256"/>
        <graphic-equalizer-enable value="true"/>
        <virtualizer-enable value="false"/>
        <bass-enhancer-enable value="false"/>
        <virtual-bass-process-enable value="false"/>
        <hearing-protection-enable value="false"/>
        <hearing-protection-rms-averaging-time-win-len value="6"/>
        <hearing-protection-rms-attenuation-target value="-256"/>
        <hearing-protection-attenuation-attack-time value="900"/>
        <hearing-protection-attenuation-release-time value="1600"/>
        <virtualizer-start-band value="0"/>
        <headphone-virtualizer-steerer-source-distance value="4"/>
      </endpoint_type>
      <endpoint_type id="other">
        <ieq-enable value="true"/>
        <ieq-amount value="6"/>
        <include preset="ieq_balanced"/>
        <calibration-boost value="0"/>
        <dialog-enhancer-enable value="false"/>
        <dialog-enhancer-amount value="6"/>
        <dialog-enhancer-ducking value="0"/>
        <mi-virtualizer-binaural-steering-enable value="false"/>
        <peak-value value="256"/>
        <surround-decoder-enable value="true"/>
        <surround-boost value="0"/>
        <volmax-boost value="32"/>
        <volume-leveler-enable value="true"/>
        <volume-leveler-amount value="0"/>
        <volume-leveler-in-target value="-256"/>
        <volume-leveler-out-target value="-256"/>
        <graphic-equalizer-enable value="true"/>
        <virtualizer-enable value="false"/>
        <bass-enhancer-enable value="false"/>
        <virtual-bass-process-enable value="false"/>
        <hearing-protection-enable value="false"/>
        <hearing-protection-rms-averaging-time-win-len value="6"/>
        <hearing-protection-rms-attenuation-target value="-256"/>
        <hearing-protection-attenuation-attack-time value="900"/>
        <hearing-protection-attenuation-release-time value="1600"/>
        <virtualizer-start-band value="0"/>
        <headphone-virtualizer-steerer-source-distance value="4"/>
      </endpoint_type>
    </data>
  </profile>
  <profile id="3" name="Custom" group="default">
    <data>
      <mi-dv-leveler-steering-enable value="false"/>
      <mi-ieq-steering-enable value="false"/>
      <mi-surround-compressor-steering-enable value="false"/>
      <mi-adaptive-virtualizer-steering-enable value="false"/>
      <volume-modeler-enable value="false"/>
      <drc-metadata/>
      <reverb-suppression-enable value="false"/>
      <reverb-suppression-amount value="9"/>
      <endpoint_type id="speaker">
        <ieq-enable value="false"/>
        <ieq-amount value="3"/>
        <include preset="ieq_balanced"/>
        <calibration-boost value="0"/>
        <dialog-enhancer-enable value="false"/>
        <dialog-enhancer-amount value="0"/>
        <dialog-enhancer-ducking value="0"/>
        <mi-virtualizer-binaural-steering-enable value="false"/>
        <surround-decoder-enable value="false"/>
        <surround-boost value="0"/>
        <volmax-boost value="0"/>
        <volume-leveler-enable value="false"/>
        <volume-leveler-amount value="0"/>
        <volume-leveler-in-target value="-230"/>
        <volume-leveler-out-target value="-250"/>
        <graphic-equalizer-enable value="true"/>
        <virtualizer-enable value="false"/>
        <bass-enhancer-enable value="true"/>
        <virtual-bass-process-enable value="false"/>
        <hearing-protection-enable value="false"/>
        <hearing-protection-rms-averaging-time-win-len value="6"/>
        <hearing-protection-rms-attenuation-target value="-256"/>
        <hearing-protection-attenuation-attack-time value="900"/>
        <hearing-protection-attenuation-release-time value="1600"/>
        <virtualizer-start-band value="0"/>
        <headphone-virtualizer-steerer-source-distance value="4"/>
      </endpoint_type>
      <endpoint_type id="headphone">
        <ieq-enable value="false"/>
        <ieq-amount value="6"/>
        <include preset="ieq_warm"/>
        <calibration-boost value="0"/>
        <dialog-enhancer-enable value="false"/>
        <dialog-enhancer-amount value="6"/>
        <dialog-enhancer-ducking value="0"/>
        <mi-virtualizer-binaural-steering-enable value="false"/>
        <peak-value value="256"/>
        <surround-decoder-enable value="true"/>
        <surround-boost value="0"/>
        <volmax-boost value="32"/>
        <volume-leveler-enable value="false"/>
        <volume-leveler-amount value="0"/>
        <volume-leveler-in-target value="-256"/>
        <volume-leveler-out-target value="-256"/>
        <graphic-equalizer-enable value="true"/>
        <virtualizer-enable value="false"/>
        <bass-enhancer-enable value="false"/>
        <virtual-bass-process-enable value="false"/>
        <hearing-protection-enable value="false"/>
        <hearing-protection-rms-averaging-time-win-len value="6"/>
        <hearing-protection-rms-attenuation-target value="-256"/>
        <hearing-protection-attenuation-attack-time value="900"/>
        <hearing-protection-attenuation-release-time value="1600"/>
        <virtualizer-start-band value="0"/>
        <headphone-virtualizer-steerer-source-distance value="4"/>
      </endpoint_type>
      <endpoint_type id="other">
        <ieq-enable value="false"/>
        <ieq-amount value="6"/>
        <include preset="ieq_warm"/>
        <calibration-boost value="0"/>
        <dialog-enhancer-enable value="false"/>
        <dialog-enhancer-amount value="6"/>
        <dialog-enhancer-ducking value="0"/>
        <mi-virtualizer-binaural-steering-enable value="false"/>
        <peak-value value="256"/>
        <surround-decoder-enable value="true"/>
        <surround-boost value="0"/>
        <volmax-boost value="32"/>
        <volume-leveler-enable value="true"/>
        <volume-leveler-amount value="0"/>
        <volume-leveler-in-target value="-256"/>
        <volume-leveler-out-target value="-256"/>
        <graphic-equalizer-enable value="true"/>
        <virtualizer-enable value="false"/>
        <bass-enhancer-enable value="false"/>
        <virtual-bass-process-enable value="false"/>
        <hearing-protection-enable value="false"/>
        <hearing-protection-rms-averaging-time-win-len value="6"/>
        <hearing-protection-rms-attenuation-target value="-256"/>
        <hearing-protection-attenuation-attack-time value="900"/>
        <hearing-protection-attenuation-release-time value="1600"/>
        <virtualizer-start-band value="0"/>
        <headphone-virtualizer-steerer-source-distance value="4"/>
      </endpoint_type>
    </data>
  </profile>
  <profile id="4" name="Mobility_default" group="mobility">
    <data>
      <mi-dv-leveler-steering-enable value="false"/>
      <mi-ieq-steering-enable value="false"/>
      <mi-surround-compressor-steering-enable value="false"/>
      <mi-adaptive-virtualizer-steering-enable value="false"/>
      <volume-modeler-enable value="false"/>
      <drc-metadata/>
      <reverb-suppression-enable value="false"/>
      <reverb-suppression-amount value="9"/>
      <endpoint_type id="speaker">
        <ieq-enable value="false"/>
        <ieq-amount value="3"/>
        <include preset="ieq_balanced"/>
        <calibration-boost value="0"/>
        <dialog-enhancer-enable value="false"/>
        <dialog-enhancer-amount value="0"/>
        <dialog-enhancer-ducking value="0"/>
        <mi-virtualizer-binaural-steering-enable value="false"/>
        <surround-decoder-enable value="false"/>
        <surround-boost value="0"/>
        <volmax-boost value="0"/>
        <volume-leveler-enable value="false"/>
        <volume-leveler-amount value="0"/>
        <volume-leveler-in-target value="-230"/>
        <volume-leveler-out-target value="-250"/>
        <graphic-equalizer-enable value="true"/>
        <virtualizer-enable value="false"/>
        <bass-enhancer-enable value="true"/>
        <virtual-bass-process-enable value="false"/>
        <hearing-protection-enable value="false"/>
        <hearing-protection-rms-averaging-time-win-len value="6"/>
        <hearing-protection-rms-attenuation-target value="-256"/>
        <hearing-protection-attenuation-attack-time value="900"/>
        <hearing-protection-attenuation-release-time value="1600"/>
        <virtualizer-start-band value="0"/>
        <headphone-virtualizer-steerer-source-distance value="4"/>
      </endpoint_type>
      <endpoint_type id="headphone">
        <ieq-enable value="true"/>
        <ieq-amount value="6"/>
        <include preset="ieq_balanced"/>
        <calibration-boost value="0"/>
        <dialog-enhancer-enable value="true"/>
        <dialog-enhancer-amount value="6"/>
        <dialog-enhancer-ducking value="0"/>
        <mi-virtualizer-binaural-steering-enable value="false"/>
        <peak-value value="256"/>
        <surround-decoder-enable value="true"/>
        <surround-boost value="0"/>
        <volmax-boost value="32"/>
        <volume-leveler-enable value="true"/>
        <volume-leveler-amount value="0"/>
        <volume-leveler-in-target value="-256"/>
        <volume-leveler-out-target value="-256"/>
        <graphic-equalizer-enable value="true"/>
        <virtualizer-enable value="true"/>
        <bass-enhancer-enable value="false"/>
        <virtual-bass-process-enable value="false"/>
        <hearing-protection-enable value="false"/>
        <hearing-protection-rms-averaging-time-win-len value="6"/>
        <hearing-protection-rms-attenuation-target value="-256"/>
        <hearing-protection-attenuation-attack-time value="900"/>
        <hearing-protection-attenuation-release-time value="1600"/>
        <virtualizer-start-band value="0"/>
        <headphone-virtualizer-steerer-source-distance value="4"/>
      </endpoint_type>
      <endpoint_type id="other">
        <ieq-enable value="true"/>
        <ieq-amount value="6"/>
        <include preset="ieq_balanced"/>
        <calibration-boost value="0"/>
        <dialog-enhancer-enable value="true"/>
        <dialog-enhancer-amount value="6"/>
        <dialog-enhancer-ducking value="0"/>
        <mi-virtualizer-binaural-steering-enable value="false"/>
        <peak-value value="256"/>
        <surround-decoder-enable value="true"/>
        <surround-boost value="0"/>
        <volmax-boost value="32"/>
        <volume-leveler-enable value="true"/>
        <volume-leveler-amount value="0"/>
        <volume-leveler-in-target value="-256"/>
        <volume-leveler-out-target value="-256"/>
        <graphic-equalizer-enable value="true"/>
        <virtualizer-enable value="true"/>
        <bass-enhancer-enable value="false"/>
        <virtual-bass-process-enable value="false"/>
        <hearing-protection-enable value="false"/>
        <hearing-protection-rms-averaging-time-win-len value="6"/>
        <hearing-protection-rms-attenuation-target value="-256"/>
        <hearing-protection-attenuation-attack-time value="900"/>
        <hearing-protection-attenuation-release-time value="1600"/>
        <virtualizer-start-band value="0"/>
        <headphone-virtualizer-steerer-source-distance value="4"/>
      </endpoint_type>
    </data>
  </profile>
  <profile id="5" name="Mobility_on_the_go" group="mobility">
    <data>
      <mi-dv-leveler-steering-enable value="false"/>
      <mi-ieq-steering-enable value="false"/>
      <mi-surround-compressor-steering-enable value="false"/>
      <mi-adaptive-virtualizer-steering-enable value="false"/>
      <volume-modeler-enable value="false"/>
      <drc-metadata/>
      <reverb-suppression-enable value="false"/>
      <reverb-suppression-amount value="9"/>
      <endpoint_type id="speaker">
        <ieq-enable value="false"/>
        <ieq-amount value="3"/>
        <include preset="ieq_balanced"/>
        <calibration-boost value="0"/>
        <dialog-enhancer-enable value="false"/>
        <dialog-enhancer-amount value="0"/>
        <dialog-enhancer-ducking value="0"/>
        <mi-virtualizer-binaural-steering-enable value="false"/>
        <surround-decoder-enable value="false"/>
        <surround-boost value="0"/>
        <volmax-boost value="0"/>
        <volume-leveler-enable value="false"/>
        <volume-leveler-amount value="0"/>
        <volume-leveler-in-target value="-230"/>
        <volume-leveler-out-target value="-250"/>
        <graphic-equalizer-enable value="true"/>
        <virtualizer-enable value="false"/>
        <bass-enhancer-enable value="true"/>
        <virtual-bass-process-enable value="false"/>
        <hearing-protection-enable value="false"/>
        <hearing-protection-rms-averaging-time-win-len value="6"/>
        <hearing-protection-rms-attenuation-target value="-256"/>
        <hearing-protection-attenuation-attack-time value="900"/>
        <hearing-protection-attenuation-release-time value="1600"/>
        <virtualizer-start-band value="0"/>
        <headphone-virtualizer-steerer-source-distance value="4"/>
      </endpoint_type>
      <endpoint_type id="headphone">
        <ieq-enable value="false"/>
        <ieq-amount value="6"/>
        <include preset="ieq_balanced"/>
        <calibration-boost value="0"/>
        <dialog-enhancer-enable value="true"/>
        <dialog-enhancer-amount value="6"/>
        <dialog-enhancer-ducking value="0"/>
        <mi-virtualizer-binaural-steering-enable value="false"/>
        <peak-value value="256"/>
        <surround-decoder-enable value="true"/>
        <surround-boost value="0"/>
        <volmax-boost value="32"/>
        <volume-leveler-enable value="true"/>
        <volume-leveler-amount value="0"/>
        <volume-leveler-in-target value="-256"/>
        <volume-leveler-out-target value="-256"/>
        <graphic-equalizer-enable value="true"/>
        <virtualizer-enable value="true"/>
        <bass-enhancer-enable value="false"/>
        <virtual-bass-process-enable value="false"/>
        <hearing-protection-enable value="false"/>
        <hearing-protection-rms-averaging-time-win-len value="6"/>
        <hearing-protection-rms-attenuation-target value="-256"/>
        <hearing-protection-attenuation-attack-time value="900"/>
        <hearing-protection-attenuation-release-time value="1600"/>
        <virtualizer-start-band value="0"/>
        <headphone-virtualizer-steerer-source-distance value="4"/>
      </endpoint_type>
      <endpoint_type id="other">
        <ieq-enable value="false"/>
        <ieq-amount value="6"/>
        <include preset="ieq_balanced"/>
        <calibration-boost value="0"/>
        <dialog-enhancer-enable value="true"/>
        <dialog-enhancer-amount value="6"/>
        <dialog-enhancer-ducking value="0"/>
        <mi-virtualizer-binaural-steering-enable value="false"/>
        <peak-value value="256"/>
        <surround-decoder-enable value="true"/>
        <surround-boost value="0"/>
        <volmax-boost value="32"/>
        <volume-leveler-enable value="true"/>
        <volume-leveler-amount value="0"/>
        <volume-leveler-in-target value="-256"/>
        <volume-leveler-out-target value="-256"/>
        <graphic-equalizer-enable value="true"/>
        <virtualizer-enable value="true"/>
        <bass-enhancer-enable value="false"/>
        <virtual-bass-process-enable value="false"/>
        <hearing-protection-enable value="false"/>
        <hearing-protection-rms-averaging-time-win-len value="6"/>
        <hearing-protection-rms-attenuation-target value="-256"/>
        <hearing-protection-attenuation-attack-time value="900"/>
        <hearing-protection-attenuation-release-time value="1600"/>
        <virtualizer-start-band value="0"/>
        <headphone-virtualizer-steerer-source-distance value="4"/>
      </endpoint_type>
    </data>
  </profile>
  <profile id="6" name="Mobility_commute" group="mobility">
    <data>
      <mi-dv-leveler-steering-enable value="false"/>
      <mi-ieq-steering-enable value="false"/>
      <mi-surround-compressor-steering-enable value="false"/>
      <mi-adaptive-virtualizer-steering-enable value="false"/>
      <volume-modeler-enable value="false"/>
      <drc-metadata/>
      <reverb-suppression-enable value="false"/>
      <reverb-suppression-amount value="9"/>
      <endpoint_type id="speaker">
        <ieq-enable value="false"/>
        <ieq-amount value="3"/>
        <include preset="ieq_balanced"/>
        <calibration-boost value="0"/>
        <dialog-enhancer-enable value="false"/>
        <dialog-enhancer-amount value="0"/>
        <dialog-enhancer-ducking value="0"/>
        <mi-virtualizer-binaural-steering-enable value="false"/>
        <surround-decoder-enable value="false"/>
        <surround-boost value="0"/>
        <volmax-boost value="0"/>
        <volume-leveler-enable value="false"/>
        <volume-leveler-amount value="0"/>
        <volume-leveler-in-target value="-230"/>
        <volume-leveler-out-target value="-250"/>
        <graphic-equalizer-enable value="true"/>
        <virtualizer-enable value="false"/>
        <bass-enhancer-enable value="true"/>
        <virtual-bass-process-enable value="false"/>
        <hearing-protection-enable value="false"/>
        <hearing-protection-rms-averaging-time-win-len value="6"/>
        <hearing-protection-rms-attenuation-target value="-256"/>
        <hearing-protection-attenuation-attack-time value="900"/>
        <hearing-protection-attenuation-release-time value="1600"/>
        <virtualizer-start-band value="0"/>
        <headphone-virtualizer-steerer-source-distance value="4"/>
      </endpoint_type>
      <endpoint_type id="headphone">
        <ieq-enable value="true"/>
        <ieq-amount value="6"/>
        <include preset="ieq_balanced"/>
        <calibration-boost value="0"/>
        <dialog-enhancer-enable value="false"/>
        <dialog-enhancer-amount value="6"/>
        <dialog-enhancer-ducking value="0"/>
        <mi-virtualizer-binaural-steering-enable value="false"/>
        <peak-value value="256"/>
        <surround-decoder-enable value="true"/>
        <surround-boost value="0"/>
        <volmax-boost value="32"/>
        <volume-leveler-enable value="true"/>
        <volume-leveler-amount value="0"/>
        <volume-leveler-in-target value="-256"/>
        <volume-leveler-out-target value="-256"/>
        <graphic-equalizer-enable value="true"/>
        <virtualizer-enable value="false"/>
        <bass-enhancer-enable value="false"/>
        <virtual-bass-process-enable value="false"/>
        <hearing-protection-enable value="false"/>
        <hearing-protection-rms-averaging-time-win-len value="6"/>
        <hearing-protection-rms-attenuation-target value="-256"/>
        <hearing-protection-attenuation-attack-time value="900"/>
        <hearing-protection-attenuation-release-time value="1600"/>
        <virtualizer-start-band value="0"/>
        <headphone-virtualizer-steerer-source-distance value="4"/>
      </endpoint_type>
      <endpoint_type id="other">
        <ieq-enable value="true"/>
        <ieq-amount value="6"/>
        <include preset="ieq_balanced"/>
        <calibration-boost value="0"/>
        <dialog-enhancer-enable value="false"/>
        <dialog-enhancer-amount value="6"/>
        <dialog-enhancer-ducking value="0"/>
        <mi-virtualizer-binaural-steering-enable value="false"/>
        <peak-value value="256"/>
        <surround-decoder-enable value="true"/>
        <surround-boost value="0"/>
        <volmax-boost value="32"/>
        <volume-leveler-enable value="true"/>
        <volume-leveler-amount value="0"/>
        <volume-leveler-in-target value="-256"/>
        <volume-leveler-out-target value="-256"/>
        <graphic-equalizer-enable value="true"/>
        <virtualizer-enable value="false"/>
        <bass-enhancer-enable value="false"/>
        <virtual-bass-process-enable value="false"/>
        <hearing-protection-enable value="false"/>
        <hearing-protection-rms-averaging-time-win-len value="6"/>
        <hearing-protection-rms-attenuation-target value="-256"/>
        <hearing-protection-attenuation-attack-time value="900"/>
        <hearing-protection-attenuation-release-time value="1600"/>
        <virtualizer-start-band value="0"/>
        <headphone-virtualizer-steerer-source-distance value="4"/>
      </endpoint_type>
    </data>
  </profile>
  <profile id="7" name="Mobility_travel" group="mobility">
    <data>
      <mi-dv-leveler-steering-enable value="false"/>
      <mi-ieq-steering-enable value="false"/>
      <mi-surround-compressor-steering-enable value="false"/>
      <mi-adaptive-virtualizer-steering-enable value="false"/>
      <volume-modeler-enable value="false"/>
      <drc-metadata/>
      <reverb-suppression-enable value="false"/>
      <reverb-suppression-amount value="9"/>
      <endpoint_type id="speaker">
        <ieq-enable value="false"/>
        <ieq-amount value="3"/>
        <include preset="ieq_balanced"/>
        <calibration-boost value="0"/>
        <dialog-enhancer-enable value="false"/>
        <dialog-enhancer-amount value="0"/>
        <dialog-enhancer-ducking value="0"/>
        <mi-virtualizer-binaural-steering-enable value="false"/>
        <surround-decoder-enable value="false"/>
        <surround-boost value="0"/>
        <volmax-boost value="0"/>
        <volume-leveler-enable value="false"/>
        <volume-leveler-amount value="0"/>
        <volume-leveler-in-target value="-230"/>
        <volume-leveler-out-target value="-250"/>
        <graphic-equalizer-enable value="true"/>
        <virtualizer-enable value="false"/>
        <bass-enhancer-enable value="true"/>
        <virtual-bass-process-enable value="false"/>
        <hearing-protection-enable value="false"/>
        <hearing-protection-rms-averaging-time-win-len value="6"/>
        <hearing-protection-rms-attenuation-target value="-256"/>
        <hearing-protection-attenuation-attack-time value="900"/>
        <hearing-protection-attenuation-release-time value="1600"/>
        <virtualizer-start-band value="0"/>
        <headphone-virtualizer-steerer-source-distance value="4"/>
      </endpoint_type>
      <endpoint_type id="headphone">
        <ieq-enable value="false"/>
        <ieq-amount value="6"/>
        <include preset="ieq_warm"/>
        <calibration-boost value="0"/>
        <dialog-enhancer-enable value="false"/>
        <dialog-enhancer-amount value="6"/>
        <dialog-enhancer-ducking value="0"/>
        <mi-virtualizer-binaural-steering-enable value="false"/>
        <peak-value value="256"/>
        <surround-decoder-enable value="true"/>
        <surround-boost value="0"/>
        <volmax-boost value="32"/>
        <volume-leveler-enable value="true"/>
        <volume-leveler-amount value="0"/>
        <volume-leveler-in-target value="-256"/>
        <volume-leveler-out-target value="-256"/>
        <graphic-equalizer-enable value="true"/>
        <virtualizer-enable value="false"/>
        <bass-enhancer-enable value="false"/>
        <virtual-bass-process-enable value="false"/>
        <hearing-protection-enable value="false"/>
        <hearing-protection-rms-averaging-time-win-len value="6"/>
        <hearing-protection-rms-attenuation-target value="-256"/>
        <hearing-protection-attenuation-attack-time value="900"/>
        <hearing-protection-attenuation-release-time value="1600"/>
        <virtualizer-start-band value="0"/>
        <headphone-virtualizer-steerer-source-distance value="4"/>
      </endpoint_type>
      <endpoint_type id="other">
        <ieq-enable value="false"/>
        <ieq-amount value="6"/>
        <include preset="ieq_warm"/>
        <calibration-boost value="0"/>
        <dialog-enhancer-enable value="false"/>
        <dialog-enhancer-amount value="6"/>
        <dialog-enhancer-ducking value="0"/>
        <mi-virtualizer-binaural-steering-enable value="false"/>
        <peak-value value="256"/>
        <surround-decoder-enable value="true"/>
        <surround-boost value="0"/>
        <volmax-boost value="32"/>
        <volume-leveler-enable value="true"/>
        <volume-leveler-amount value="0"/>
        <volume-leveler-in-target value="-256"/>
        <volume-leveler-out-target value="-256"/>
        <graphic-equalizer-enable value="true"/>
        <virtualizer-enable value="false"/>
        <bass-enhancer-enable value="false"/>
        <virtual-bass-process-enable value="false"/>
        <hearing-protection-enable value="false"/>
        <hearing-protection-rms-averaging-time-win-len value="6"/>
        <hearing-protection-rms-attenuation-target value="-256"/>
        <hearing-protection-attenuation-attack-time value="900"/>
        <hearing-protection-attenuation-release-time value="1600"/>
        <virtualizer-start-band value="0"/>
        <headphone-virtualizer-steerer-source-distance value="4"/>
      </endpoint_type>
    </data>
  </profile>
  <profile id="8" name="Voice" group="default">
    <data>
      <mi-dv-leveler-steering-enable value="false"/>
      <mi-ieq-steering-enable value="true"/>
      <mi-surround-compressor-steering-enable value="false"/>
      <mi-adaptive-virtualizer-steering-enable value="true"/>
      <volume-modeler-enable value="true"/>
      <drc-metadata/>
      <reverb-suppression-enable value="false"/>
      <reverb-suppression-amount value="9"/>
      <endpoint_type id="speaker">
        <ieq-enable value="true"/>
        <ieq-amount value="3"/>
        <include preset="ieq_balanced"/>
        <calibration-boost value="0"/>
        <dialog-enhancer-enable value="true"/>
        <dialog-enhancer-amount value="10"/>
        <dialog-enhancer-ducking value="0"/>
        <mi-virtualizer-binaural-steering-enable value="false"/>
        <peak-value value="255"/>
        <surround-decoder-enable value="true"/>
        <surround-boost value="85"/>
        <volmax-boost value="58"/>
        <volume-leveler-enable value="true"/>
        <volume-leveler-amount value="1"/>
        <volume-leveler-in-target value="-250"/>
        <volume-leveler-out-target value="-250"/>
        <graphic-equalizer-enable value="true"/>
        <virtualizer-enable value="true"/>
        <bass-enhancer-enable value="false"/>
        <virtual-bass-process-enable value="true"/>
        <hearing-protection-enable value="false"/>
        <hearing-protection-rms-averaging-time-win-len value="6"/>
        <hearing-protection-rms-attenuation-target value="-256"/>
        <hearing-protection-attenuation-attack-time value="900"/>
        <hearing-protection-attenuation-release-time value="1600"/>
        <virtualizer-start-band value="2"/>
        <headphone-virtualizer-steerer-source-distance value="4"/>
      </endpoint_type>
      <endpoint_type id="headphone">
        <ieq-enable value="false"/>
        <ieq-amount value="6"/>
        <include preset="ieq_balanced"/>
        <calibration-boost value="0"/>
        <dialog-enhancer-enable value="false"/>
        <dialog-enhancer-amount value="6"/>
        <dialog-enhancer-ducking value="0"/>
        <mi-virtualizer-binaural-steering-enable value="false"/>
        <peak-value value="256"/>
        <surround-decoder-enable value="false"/>
        <surround-boost value="0"/>
        <volmax-boost value="32"/>
        <volume-leveler-enable value="false"/>
        <volume-leveler-amount value="0"/>
        <volume-leveler-in-target value="-256"/>
        <volume-leveler-out-target value="-256"/>
        <graphic-equalizer-enable value="true"/>
        <virtualizer-enable value="false"/>
        <bass-enhancer-enable value="false"/>
        <virtual-bass-process-enable value="false"/>
        <hearing-protection-enable value="false"/>
        <hearing-protection-rms-averaging-time-win-len value="6"/>
        <hearing-protection-rms-attenuation-target value="-256"/>
        <hearing-protection-attenuation-attack-time value="900"/>
        <hearing-protection-attenuation-release-time value="1600"/>
        <virtualizer-start-band value="0"/>
        <headphone-virtualizer-steerer-source-distance value="4"/>
      </endpoint_type>
      <endpoint_type id="other">
        <ieq-enable value="false"/>
        <ieq-amount value="6"/>
        <include preset="ieq_warm"/>
        <calibration-boost value="0"/>
        <dialog-enhancer-enable value="false"/>
        <dialog-enhancer-amount value="6"/>
        <dialog-enhancer-ducking value="0"/>
        <mi-virtualizer-binaural-steering-enable value="false"/>
        <peak-value value="256"/>
        <surround-decoder-enable value="true"/>
        <surround-boost value="0"/>
        <volmax-boost value="32"/>
        <volume-leveler-enable value="false"/>
        <volume-leveler-amount value="10"/>
        <volume-leveler-in-target value="-256"/>
        <volume-leveler-out-target value="-256"/>
        <graphic-equalizer-enable value="true"/>
        <virtualizer-enable value="false"/>
        <bass-enhancer-enable value="false"/>
        <virtual-bass-process-enable value="false"/>
        <hearing-protection-enable value="false"/>
        <hearing-protection-rms-averaging-time-win-len value="6"/>
        <hearing-protection-rms-attenuation-target value="-256"/>
        <hearing-protection-attenuation-attack-time value="900"/>
        <hearing-protection-attenuation-release-time value="1600"/>
        <virtualizer-start-band value="0"/>
        <headphone-virtualizer-steerer-source-distance value="4"/>
      </endpoint_type>
    </data>
  </profile>
  <tuning name="speaker_landscape" endpoint_type="speaker" mono_device="false" tuned_rate="48000" orientation="1" output_channels="2">
    <device_id id="default_internal_speaker" endpoint_port="internal_speaker"/>
    <device_id id="speaker_landscape" endpoint_port="internal_speaker"/>
    <data>
      <audio-optimizer-bands>
        <band_optimizer frequency="70" gain_left="-130" gain_right="58"/>
        <band_optimizer frequency="100" gain_left="-60" gain_right="160"/>
        <band_optimizer frequency="125" gain_left="30" gain_right="205"/>
        <band_optimizer frequency="160" gain_left="115" gain_right="200"/>
        <band_optimizer frequency="200" gain_left="128" gain_right="162"/>
        <band_optimizer frequency="300" gain_left="85" gain_right="94"/>
        <band_optimizer frequency="500" gain_left="-15" gain_right="1"/>
        <band_optimizer frequency="860" gain_left="-12" gain_right="11"/>
        <band_optimizer frequency="1310" gain_left="-22" gain_right="11"/>
        <band_optimizer frequency="1688" gain_left="-18" gain_right="5"/>
        <band_optimizer frequency="2250" gain_left="-18" gain_right="-1"/>
        <band_optimizer frequency="3000" gain_left="-16" gain_right="20"/>
        <band_optimizer frequency="4000" gain_left="-38" gain_right="-50"/>
        <band_optimizer frequency="5000" gain_left="-8" gain_right="15"/>
        <band_optimizer frequency="5813" gain_left="6" gain_right="10"/>
        <band_optimizer frequency="7125" gain_left="-6" gain_right="15"/>
        <band_optimizer frequency="8500" gain_left="-10" gain_right="20"/>
        <band_optimizer frequency="11250" gain_left="-15" gain_right="5"/>
        <band_optimizer frequency="13875" gain_left="-15" gain_right="25"/>
        <band_optimizer frequency="19780" gain_left="-20" gain_right="4"/>
      </audio-optimizer-bands>
      <regulator-tuning>
        <band_regulator frequency="70" threshold_low="-192" threshold_high="0" isolated_band="false"/>
        <band_regulator frequency="100" threshold_low="-192" threshold_high="0" isolated_band="false"/>
        <band_regulator frequency="125" threshold_low="-192" threshold_high="0" isolated_band="false"/>
        <band_regulator frequency="200" threshold_low="-192" threshold_high="0" isolated_band="false"/>
        <band_regulator frequency="300" threshold_low="-192" threshold_high="0" isolated_band="false"/>
        <band_regulator frequency="500" threshold_low="-192" threshold_high="0" isolated_band="false"/>
        <band_regulator frequency="656" threshold_low="-192" threshold_high="0" isolated_band="false"/>
        <band_regulator frequency="860" threshold_low="-192" threshold_high="0" isolated_band="false"/>
        <band_regulator frequency="1310" threshold_low="-192" threshold_high="0" isolated_band="false"/>
        <band_regulator frequency="1688" threshold_low="-192" threshold_high="0" isolated_band="false"/>
        <band_regulator frequency="2250" threshold_low="-192" threshold_high="0" isolated_band="false"/>
        <band_regulator frequency="3000" threshold_low="-192" threshold_high="0" isolated_band="false"/>
        <band_regulator frequency="4000" threshold_low="-192" threshold_high="0" isolated_band="false"/>
        <band_regulator frequency="5000" threshold_low="-192" threshold_high="0" isolated_band="false"/>
        <band_regulator frequency="5813" threshold_low="-192" threshold_high="0" isolated_band="false"/>
        <band_regulator frequency="7125" threshold_low="-192" threshold_high="0" isolated_band="false"/>
        <band_regulator frequency="8500" threshold_low="-192" threshold_high="0" isolated_band="false"/>
        <band_regulator frequency="11250" threshold_low="-192" threshold_high="0" isolated_band="false"/>
        <band_regulator frequency="13875" threshold_low="-192" threshold_high="0" isolated_band="false"/>
        <band_regulator frequency="19780" threshold_low="-192" threshold_high="0" isolated_band="false"/>
      </regulator-tuning>
      <regulator-sibilance-suppress-amounts-left value="-378,-428,-414,-440,-410,-393"/>
      <regulator-sibilance-suppress-amounts-right value="-367,-428,-414,-451,-414,-404"/>
      <bass-enhancer-boost value="10"/>
      <bass-enhancer-cutoff-frequency value="196"/>
      <bass-enhancer-width value="1"/>
      <bass-extraction-cutoff-frequency value="60"/>
      <complex-equalizer-tuning-left value="0,32767,0,32767,0,32767,0,32767,0,32767,0,32767,0,32767,0,32767,0,32767,0,32767,0,32767,0,32767,0,32767,0,32767,0,32767,0,32767,0,32767,0,32767,0,32767,0,32767,0,32767,0,32767,0,32767,0,32767,0,32767,0,32767,0,32767,0,32767,0,32767,0,32767,0,32767,0,32767,0,32767,0,32767,0,32767,0,32767,0,32767,0,32767,0,32767,0,32767,0,32767,0,32767,0,32767,0,32767,0,32767,0,32767,0,32767,0,32767,0,32767,0,32767,0,32767,0,32767,0,32767,0,32767,0,32767,0,32767,0,32767,0,32767,0,32767,0,32767,0,32767,0,32767,0,32767,0,32767,0,32767,0,32767,0,32767,0,32767,0,32767,0,32767,0,32767,0,32767,0,32767,0,32767,0,32767,0,32767,0,32767,0"/>
      <complex-equalizer-tuning-right value="0,32767,0,32767,0,32767,0,32767,0,32767,0,32767,0,32767,0,32767,0,32767,0,32767,0,32767,0,32767,0,32767,0,32767,0,32767,0,32767,0,32767,0,32767,0,32767,0,32767,0,32767,0,32767,0,32767,0,32767,0,32767,0,32767,0,32767,0,32767,0,32767,0,32767,0,32767,0,32767,0,32767,0,32767,0,32767,0,32767,0,32767,0,32767,0,32767,0,32767,0,32767,0,32767,0,32767,0,32767,0,32767,0,32767,0,32767,0,32767,0,32767,0,32767,0,32767,0,32767,0,32767,0,32767,0,32767,0,32767,0,32767,0,32767,0,32767,0,32767,0,32767,0,32767,0,32767,0,32767,0,32767,0,32767,0,32767,0,32767,0,32767,0,32767,0,32767,0,32767,0,32767,0,32767,0,32767,0,32767,0,32767,0"/>
      <height-filter-mode value="1"/>
      <output-mode>
        <mix_matrix>
          <element value="0,2,16384,16384"/>
          <element value="1,4,16384,0,0,16384"/>
          <element value="10,12,16384,0,0,16384,11583,11583,8192,8192,16384,0,0,16384"/>
          <element value="11,16,16384,0,0,16384,11583,11583,8192,8192,16384,0,0,16384,16384,0,0,16384"/>
          <element value="6,16,16384,0,0,16384,11583,11583,8192,8192,16384,0,0,16384,16384,0,0,16384"/>
        </mix_matrix>
      </output-mode>
      <regulator-overdrive value="0"/>
      <regulator-timbre-preservation value="12"/>
      <regulator-stress-amount value="240,240,96,96"/>
      <regulator-distortion-slope value="16"/>
      <bass-mbdrc-tuning value="1,-1600,0,-1120,-400,-240,0,5,10,0,1,-1600,0,-1120,-400,-240,0,5,10,0,1,-1600,0,-1120,-400,-240,0,5,10,0,1,-1600,0,-1120,-400,-240,0,5,10,0,1,-1600,0,-1120,-400,-240,0,5,10,0,1,-1600,0,-1120,-400,-240,0,5,10,0,1,-1600,0,-1120,-400,-240,0,5,10,0,1,-1600,0,-1120,-400,-240,0,5,10,0"/>
      <virtual-bass-mode value="3"/>
      <virtual-bass-overall-gain value="10"/>
      <virtual-bass-slope-gain value="3"/>
      <virtual-bass-mix-freqs frequency_low="150" frequency_high="350"/>
      <virtual-bass-src-freqs frequency_low="20" frequency_high="125"/>
      <virtual-bass-subgains harmonic_2="-32" harmonic_3="-144" harmonic_4="-192"/>
      <virtualizer-front-speaker-angle value="10"/>
      <virtualizer-height-speaker-angle value="10"/>
      <virtualizer-surround-speaker-angle value="-60"/>
      <volume-modeler-calibration value="0"/>
      <audio-optimizer-enable value="true"/>
      <volume-leveler-compressor-enable value="false"/>
      <bass-extraction-enable value="true"/>
      <complex-equalizer-enable value="false"/>
      <regulator-enable value="false"/>
      <regulator-speaker-dist-enable value="false"/>
      <regulator-sibilance-suppress-enable value="false"/>
      <bass-mbdrc-enable value="true"/>
      <virtual-bass-harmgains value="-2080,0,0,0"/>
      <virtual-bass-hybgains value="0,-30,-60,-48,0,0"/>
      <virtual-bass-rolloff-gain value="0"/>
      <virtual-bass-blend-linear-gain value="-22"/>
      <virtual-bass-mix-frequency value="150,700"/>
      <virtual-bass-compressor-tuning value="1,44,-320,96,32,28,200"/>
    </data>
  </tuning>
  <tuning name="speaker_portrait" endpoint_type="speaker" mono_device="false" tuned_rate="48000" orientation="0" output_channels="2">
    <device_id id="speaker_portrait" endpoint_port="internal_speaker"/>
    <data>
      <audio-optimizer-bands>
        <band_optimizer frequency="70" gain_left="-130" gain_right="58"/>
        <band_optimizer frequency="100" gain_left="-60" gain_right="160"/>
        <band_optimizer frequency="125" gain_left="30" gain_right="205"/>
        <band_optimizer frequency="160" gain_left="115" gain_right="200"/>
        <band_optimizer frequency="200" gain_left="128" gain_right="162"/>
        <band_optimizer frequency="300" gain_left="85" gain_right="94"/>
        <band_optimizer frequency="500" gain_left="-15" gain_right="1"/>
        <band_optimizer frequency="860" gain_left="-12" gain_right="11"/>
        <band_optimizer frequency="1310" gain_left="-22" gain_right="11"/>
        <band_optimizer frequency="1688" gain_left="-18" gain_right="5"/>
        <band_optimizer frequency="2250" gain_left="-18" gain_right="-1"/>
        <band_optimizer frequency="3000" gain_left="-16" gain_right="20"/>
        <band_optimizer frequency="4000" gain_left="-38" gain_right="-50"/>
        <band_optimizer frequency="5000" gain_left="-8" gain_right="15"/>
        <band_optimizer frequency="5813" gain_left="6" gain_right="10"/>
        <band_optimizer frequency="7125" gain_left="-6" gain_right="15"/>
        <band_optimizer frequency="8500" gain_left="-10" gain_right="20"/>
        <band_optimizer frequency="11250" gain_left="-15" gain_right="5"/>
        <band_optimizer frequency="13875" gain_left="-15" gain_right="25"/>
        <band_optimizer frequency="19780" gain_left="-20" gain_right="4"/>
      </audio-optimizer-bands>
      <regulator-tuning>
        <band_regulator frequency="70" threshold_low="-192" threshold_high="0" isolated_band="false"/>
        <band_regulator frequency="100" threshold_low="-192" threshold_high="0" isolated_band="false"/>
        <band_regulator frequency="125" threshold_low="-192" threshold_high="0" isolated_band="false"/>
        <band_regulator frequency="200" threshold_low="-192" threshold_high="0" isolated_band="false"/>
        <band_regulator frequency="300" threshold_low="-192" threshold_high="0" isolated_band="false"/>
        <band_regulator frequency="500" threshold_low="-192" threshold_high="0" isolated_band="false"/>
        <band_regulator frequency="656" threshold_low="-192" threshold_high="0" isolated_band="false"/>
        <band_regulator frequency="860" threshold_low="-192" threshold_high="0" isolated_band="false"/>
        <band_regulator frequency="1310" threshold_low="-192" threshold_high="0" isolated_band="false"/>
        <band_regulator frequency="1688" threshold_low="-192" threshold_high="0" isolated_band="false"/>
        <band_regulator frequency="2250" threshold_low="-192" threshold_high="0" isolated_band="false"/>
        <band_regulator frequency="3000" threshold_low="-192" threshold_high="0" isolated_band="false"/>
        <band_regulator frequency="4000" threshold_low="-192" threshold_high="0" isolated_band="false"/>
        <band_regulator frequency="5000" threshold_low="-192" threshold_high="0" isolated_band="false"/>
        <band_regulator frequency="5813" threshold_low="-192" threshold_high="0" isolated_band="false"/>
        <band_regulator frequency="7125" threshold_low="-192" threshold_high="0" isolated_band="false"/>
        <band_regulator frequency="8500" threshold_low="-192" threshold_high="0" isolated_band="false"/>
        <band_regulator frequency="11250" threshold_low="-192" threshold_high="0" isolated_band="false"/>
        <band_regulator frequency="13875" threshold_low="-192" threshold_high="0" isolated_band="false"/>
        <band_regulator frequency="19780" threshold_low="-192" threshold_high="0" isolated_band="false"/>
      </regulator-tuning>
      <regulator-sibilance-suppress-amounts-left value="0,0,0,0,0,0"/>
      <regulator-sibilance-suppress-amounts-right value="0,0,0,0,0,0"/>
      <bass-enhancer-boost value="10"/>
      <bass-enhancer-cutoff-frequency value="196"/>
      <bass-enhancer-width value="1"/>
      <bass-extraction-cutoff-frequency value="60"/>
      <complex-equalizer-tuning-left value="0,32767,0,32767,0,32767,0,32767,0,32767,0,32767,0,32767,0,32767,0,32767,0,32767,0,32767,0,32767,0,32767,0,32767,0,32767,0,32767,0,32767,0,32767,0,32767,0,32767,0,32767,0,32767,0,32767,0,32767,0,32767,0,32767,0,32767,0,32767,0,32767,0,32767,0,32767,0,32767,0,32767,0,32767,0,32767,0,32767,0,32767,0,32767,0,32767,0,32767,0,32767,0,32767,0,32767,0,32767,0,32767,0,32767,0,32767,0,32767,0,32767,0,32767,0,32767,0,32767,0,32767,0,32767,0,32767,0,32767,0,32767,0,32767,0,32767,0,32767,0,32767,0,32767,0,32767,0,32767,0,32767,0,32767,0,32767,0,32767,0,32767,0,32767,0,32767,0,32767,0,32767,0,32767,0,32767,0,32767,0,32767,0"/>
      <complex-equalizer-tuning-right value="0,32767,0,32767,0,32767,0,32767,0,32767,0,32767,0,32767,0,32767,0,32767,0,32767,0,32767,0,32767,0,32767,0,32767,0,32767,0,32767,0,32767,0,32767,0,32767,0,32767,0,32767,0,32767,0,32767,0,32767,0,32767,0,32767,0,32767,0,32767,0,32767,0,32767,0,32767,0,32767,0,32767,0,32767,0,32767,0,32767,0,32767,0,32767,0,32767,0,32767,0,32767,0,32767,0,32767,0,32767,0,32767,0,32767,0,32767,0,32767,0,32767,0,32767,0,32767,0,32767,0,32767,0,32767,0,32767,0,32767,0,32767,0,32767,0,32767,0,32767,0,32767,0,32767,0,32767,0,32767,0,32767,0,32767,0,32767,0,32767,0,32767,0,32767,0,32767,0,32767,0,32767,0,32767,0,32767,0,32767,0,32767,0"/>
      <height-filter-mode value="1"/>
      <output-mode>
        <mix_matrix>
          <element value="0,2,16384,16384"/>
          <element value="1,4,16384,0,0,16384"/>
          <element value="10,12,16384,0,0,16384,11583,11583,8192,8192,16384,0,0,16384"/>
          <element value="11,16,16384,0,0,16384,11583,11583,8192,8192,16384,0,0,16384,16384,0,0,16384"/>
          <element value="6,16,16384,0,0,16384,11583,11583,8192,8192,16384,0,0,16384,16384,0,0,16384"/>
        </mix_matrix>
      </output-mode>
      <regulator-overdrive value="0"/>
      <regulator-timbre-preservation value="12"/>
      <regulator-stress-amount value="96,96,96,96"/>
      <regulator-distortion-slope value="16"/>
      <bass-mbdrc-tuning value="1,-1600,0,-1120,-400,-240,0,5,10,0,1,-1600,0,-1120,-400,-240,0,5,10,0,1,-1600,0,-1120,-400,-240,0,5,10,0,1,-1600,0,-1120,-400,-240,0,5,10,0,1,-1600,0,-1120,-400,-240,0,5,10,0,1,-1600,0,-1120,-400,-240,0,5,10,0,1,-1600,0,-1120,-400,-240,0,5,10,0,1,-1600,0,-1120,-400,-240,0,5,10,0"/>
      <virtual-bass-mode value="3"/>
      <virtual-bass-overall-gain value="0"/>
      <virtual-bass-slope-gain value="0"/>
      <virtual-bass-mix-freqs frequency_low="150" frequency_high="350"/>
      <virtual-bass-src-freqs frequency_low="20" frequency_high="125"/>
      <virtual-bass-subgains harmonic_2="-32" harmonic_3="-144" harmonic_4="-192"/>
      <virtualizer-front-speaker-angle value="1"/>
      <virtualizer-height-speaker-angle value="1"/>
      <virtualizer-surround-speaker-angle value="1"/>
      <volume-modeler-calibration value="0"/>
      <audio-optimizer-enable value="true"/>
      <volume-leveler-compressor-enable value="false"/>
      <bass-extraction-enable value="true"/>
      <complex-equalizer-enable value="false"/>
      <regulator-enable value="false"/>
      <regulator-speaker-dist-enable value="false"/>
      <regulator-sibilance-suppress-enable value="false"/>
      <bass-mbdrc-enable value="true"/>
      <virtual-bass-harmgains value="-2080,0,0,0"/>
      <virtual-bass-hybgains value="0,-30,-60,-48,0,0"/>
      <virtual-bass-rolloff-gain value="0"/>
      <virtual-bass-blend-linear-gain value="-22"/>
      <virtual-bass-mix-frequency value="150,700"/>
      <virtual-bass-compressor-tuning value="1,44,-320,96,32,28,200"/>
    </data>
  </tuning>
  <tuning name="headphone" endpoint_type="headphone" mono_device="false" tuned_rate="96000" orientation="2" output_channels="2">
    <device_id id="default_headphone" endpoint_port="headphone"/>
    <device_id id="default_bluetooth" endpoint_port="bluetooth"/>
    <device_id id="default_usb" endpoint_port="usb"/>
    <device_id id="headphone" endpoint_port="headphone"/>
    <data>
      <audio-optimizer-bands>
        <band_optimizer frequency="47" gain_left="0" gain_right="0"/>
        <band_optimizer frequency="141" gain_left="0" gain_right="0"/>
        <band_optimizer frequency="234" gain_left="0" gain_right="0"/>
        <band_optimizer frequency="328" gain_left="0" gain_right="0"/>
        <band_optimizer frequency="469" gain_left="0" gain_right="0"/>
        <band_optimizer frequency="656" gain_left="0" gain_right="0"/>
        <band_optimizer frequency="844" gain_left="0" gain_right="0"/>
        <band_optimizer frequency="1031" gain_left="0" gain_right="0"/>
        <band_optimizer frequency="1313" gain_left="0" gain_right="0"/>
        <band_optimizer frequency="1688" gain_left="0" gain_right="0"/>
        <band_optimizer frequency="2250" gain_left="0" gain_right="0"/>
        <band_optimizer frequency="3000" gain_left="0" gain_right="0"/>
        <band_optimizer frequency="3750" gain_left="0" gain_right="0"/>
        <band_optimizer frequency="4688" gain_left="0" gain_right="0"/>
        <band_optimizer frequency="5813" gain_left="0" gain_right="0"/>
        <band_optimizer frequency="7125" gain_left="0" gain_right="0"/>
        <band_optimizer frequency="9000" gain_left="0" gain_right="0"/>
        <band_optimizer frequency="11250" gain_left="0" gain_right="0"/>
        <band_optimizer frequency="13875" gain_left="0" gain_right="0"/>
        <band_optimizer frequency="19688" gain_left="0" gain_right="0"/>
      </audio-optimizer-bands>
      <regulator-tuning>
        <band_regulator frequency="47" threshold_low="-192" threshold_high="0" isolated_band="false"/>
        <band_regulator frequency="141" threshold_low="-192" threshold_high="0" isolated_band="false"/>
        <band_regulator frequency="234" threshold_low="-192" threshold_high="0" isolated_band="false"/>
        <band_regulator frequency="328" threshold_low="-192" threshold_high="0" isolated_band="false"/>
        <band_regulator frequency="469" threshold_low="-192" threshold_high="0" isolated_band="false"/>
        <band_regulator frequency="656" threshold_low="-192" threshold_high="0" isolated_band="false"/>
        <band_regulator frequency="844" threshold_low="-192" threshold_high="0" isolated_band="false"/>
        <band_regulator frequency="1031" threshold_low="-192" threshold_high="0" isolated_band="false"/>
        <band_regulator frequency="1313" threshold_low="-192" threshold_high="0" isolated_band="false"/>
        <band_regulator frequency="1688" threshold_low="-192" threshold_high="0" isolated_band="false"/>
        <band_regulator frequency="2250" threshold_low="-192" threshold_high="0" isolated_band="false"/>
        <band_regulator frequency="3000" threshold_low="-192" threshold_high="0" isolated_band="false"/>
        <band_regulator frequency="3750" threshold_low="-192" threshold_high="0" isolated_band="false"/>
        <band_regulator frequency="4688" threshold_low="-192" threshold_high="0" isolated_band="false"/>
        <band_regulator frequency="5813" threshold_low="-192" threshold_high="0" isolated_band="false"/>
        <band_regulator frequency="7125" threshold_low="-192" threshold_high="0" isolated_band="false"/>
        <band_regulator frequency="9000" threshold_low="-192" threshold_high="0" isolated_band="false"/>
        <band_regulator frequency="11250" threshold_low="-192" threshold_high="0" isolated_band="false"/>
        <band_regulator frequency="13875" threshold_low="-192" threshold_high="0" isolated_band="false"/>
        <band_regulator frequency="19688" threshold_low="-192" threshold_high="0" isolated_band="false"/>
      </regulator-tuning>
      <regulator-sibilance-suppress-amounts-left value="0,0,0,0,0,0"/>
      <regulator-sibilance-suppress-amounts-right value="0,0,0,0,0,0"/>
      <bass-enhancer-boost value="96"/>
      <bass-enhancer-cutoff-frequency value="160"/>
      <bass-enhancer-width value="16"/>
      <bass-extraction-cutoff-frequency value="70"/>
      <complex-equalizer-tuning-left value="0,32767,0,32767,0,32767,0,32767,0,32767,0,32767,0,32767,0,32767,0,32767,0,32767,0,32767,0,32767,0,32767,0,32767,0,32767,0,32767,0,32767,0,32767,0,32767,0,32767,0,32767,0,32767,0,32767,0,32767,0,32767,0,32767,0,32767,0,32767,0,32767,0,32767,0,32767,0,32767,0,32767,0,32767,0,32767,0,32767,0,32767,0,32767,0,32767,0,32767,0,32767,0,32767,0,32767,0,32767,0,32767,0,32767,0,32767,0,32767,0,32767,0,32767,0,32767,0,32767,0,32767,0,32767,0,32767,0,32767,0,32767,0,32767,0,32767,0,32767,0,32767,0,32767,0,32767,0,32767,0,32767,0,32767,0,32767,0,32767,0,32767,0,32767,0,32767,0,32767,0,32767,0,32767,0,32767,0,32767,0,32767,0"/>
      <complex-equalizer-tuning-right value="0,32767,0,32767,0,32767,0,32767,0,32767,0,32767,0,32767,0,32767,0,32767,0,32767,0,32767,0,32767,0,32767,0,32767,0,32767,0,32767,0,32767,0,32767,0,32767,0,32767,0,32767,0,32767,0,32767,0,32767,0,32767,0,32767,0,32767,0,32767,0,32767,0,32767,0,32767,0,32767,0,32767,0,32767,0,32767,0,32767,0,32767,0,32767,0,32767,0,32767,0,32767,0,32767,0,32767,0,32767,0,32767,0,32767,0,32767,0,32767,0,32767,0,32767,0,32767,0,32767,0,32767,0,32767,0,32767,0,32767,0,32767,0,32767,0,32767,0,32767,0,32767,0,32767,0,32767,0,32767,0,32767,0,32767,0,32767,0,32767,0,32767,0,32767,0,32767,0,32767,0,32767,0,32767,0,32767,0,32767,0,32767,0"/>
      <height-filter-mode value="0"/>
      <output-mode>
        <mix_matrix/>
      </output-mode>
      <regulator-overdrive value="0"/>
      <regulator-timbre-preservation value="12"/>
      <regulator-stress-amount value="96,96,96,96"/>
      <regulator-distortion-slope value="16"/>
      <bass-mbdrc-tuning value="1,0,0,0,0,0,0,1,1,0,1,0,0,0,0,0,0,1,1,0,1,0,0,0,0,0,0,1,1,0,1,0,0,0,0,0,0,1,1,0,1,0,0,0,0,0,0,1,1,0,1,0,0,0,0,0,0,1,1,0,1,0,0,0,0,0,0,1,1,0,1,0,0,0,0,0,0,1,1,0"/>
      <virtual-bass-mode value="3"/>
      <virtual-bass-overall-gain value="0"/>
      <virtual-bass-slope-gain value="0"/>
      <virtual-bass-mix-freqs frequency_low="99" frequency_high="281"/>
      <virtual-bass-src-freqs frequency_low="30" frequency_high="90"/>
      <virtual-bass-subgains harmonic_2="-48" harmonic_3="-480" harmonic_4="-240"/>
      <virtualizer-front-speaker-angle value="10"/>
      <virtualizer-height-speaker-angle value="10"/>
      <virtualizer-surround-speaker-angle value="10"/>
      <volume-modeler-calibration value="160"/>
      <audio-optimizer-enable value="false"/>
      <volume-leveler-compressor-enable value="false"/>
      <bass-extraction-enable value="false"/>
      <complex-equalizer-enable value="false"/>
      <regulator-enable value="false"/>
      <regulator-speaker-dist-enable value="false"/>
      <regulator-sibilance-suppress-enable value="false"/>
      <bass-mbdrc-enable value="false"/>
      <virtual-bass-harmgains value="-2080,48,48,48"/>
      <virtual-bass-hybgains value="0,0,0,0,0,0"/>
      <virtual-bass-rolloff-gain value="0"/>
      <virtual-bass-blend-linear-gain value="10"/>
      <virtual-bass-mix-frequency value="100,1500"/>
      <virtual-bass-compressor-tuning value="0,0,-320,96,32,50,50"/>
    </data>
  </tuning>
  <tuning name="unknown" endpoint_type="other" mono_device="false" tuned_rate="48000" orientation="2" output_channels="2">
    <device_id id="default_hdmi" endpoint_port="hdmi"/>
    <device_id id="default_miracast" endpoint_port="miracast"/>
    <data>
      <audio-optimizer-bands>
        <band_optimizer frequency="47" gain_left="0" gain_right="0"/>
        <band_optimizer frequency="141" gain_left="0" gain_right="0"/>
        <band_optimizer frequency="234" gain_left="0" gain_right="0"/>
        <band_optimizer frequency="328" gain_left="0" gain_right="0"/>
        <band_optimizer frequency="469" gain_left="0" gain_right="0"/>
        <band_optimizer frequency="656" gain_left="0" gain_right="0"/>
        <band_optimizer frequency="844" gain_left="0" gain_right="0"/>
        <band_optimizer frequency="1031" gain_left="0" gain_right="0"/>
        <band_optimizer frequency="1313" gain_left="0" gain_right="0"/>
        <band_optimizer frequency="1688" gain_left="0" gain_right="0"/>
        <band_optimizer frequency="2250" gain_left="0" gain_right="0"/>
        <band_optimizer frequency="3000" gain_left="0" gain_right="0"/>
        <band_optimizer frequency="3750" gain_left="0" gain_right="0"/>
        <band_optimizer frequency="4688" gain_left="0" gain_right="0"/>
        <band_optimizer frequency="5813" gain_left="0" gain_right="0"/>
        <band_optimizer frequency="7125" gain_left="0" gain_right="0"/>
        <band_optimizer frequency="9000" gain_left="0" gain_right="0"/>
        <band_optimizer frequency="11250" gain_left="0" gain_right="0"/>
        <band_optimizer frequency="13875" gain_left="0" gain_right="0"/>
        <band_optimizer frequency="19688" gain_left="0" gain_right="0"/>
      </audio-optimizer-bands>
      <regulator-tuning>
        <band_regulator frequency="47" threshold_low="-192" threshold_high="0" isolated_band="false"/>
        <band_regulator frequency="141" threshold_low="-192" threshold_high="0" isolated_band="false"/>
        <band_regulator frequency="234" threshold_low="-192" threshold_high="0" isolated_band="false"/>
        <band_regulator frequency="328" threshold_low="-192" threshold_high="0" isolated_band="false"/>
        <band_regulator frequency="469" threshold_low="-192" threshold_high="0" isolated_band="false"/>
        <band_regulator frequency="656" threshold_low="-192" threshold_high="0" isolated_band="false"/>
        <band_regulator frequency="844" threshold_low="-192" threshold_high="0" isolated_band="false"/>
        <band_regulator frequency="1031" threshold_low="-192" threshold_high="0" isolated_band="false"/>
        <band_regulator frequency="1313" threshold_low="-192" threshold_high="0" isolated_band="false"/>
        <band_regulator frequency="1688" threshold_low="-192" threshold_high="0" isolated_band="false"/>
        <band_regulator frequency="2250" threshold_low="-192" threshold_high="0" isolated_band="false"/>
        <band_regulator frequency="3000" threshold_low="-192" threshold_high="0" isolated_band="false"/>
        <band_regulator frequency="3750" threshold_low="-192" threshold_high="0" isolated_band="false"/>
        <band_regulator frequency="4688" threshold_low="-192" threshold_high="0" isolated_band="false"/>
        <band_regulator frequency="5813" threshold_low="-192" threshold_high="0" isolated_band="false"/>
        <band_regulator frequency="7125" threshold_low="-192" threshold_high="0" isolated_band="false"/>
        <band_regulator frequency="9000" threshold_low="-192" threshold_high="0" isolated_band="false"/>
        <band_regulator frequency="11250" threshold_low="-192" threshold_high="0" isolated_band="false"/>
        <band_regulator frequency="13875" threshold_low="-192" threshold_high="0" isolated_band="false"/>
        <band_regulator frequency="19688" threshold_low="-192" threshold_high="0" isolated_band="false"/>
      </regulator-tuning>
      <regulator-sibilance-suppress-amounts-left value="0,0,0,0,0,0"/>
      <regulator-sibilance-suppress-amounts-right value="0,0,0,0,0,0"/>
      <bass-enhancer-boost value="198"/>
      <bass-enhancer-cutoff-frequency value="160"/>
      <bass-enhancer-width value="16"/>
      <bass-extraction-cutoff-frequency value="110"/>
      <complex-equalizer-tuning-left value="0,32767,0,32767,0,32767,0,32767,0,32767,0,32767,0,32767,0,32767,0,32767,0,32767,0,32767,0,32767,0,32767,0,32767,0,32767,0,32767,0,32767,0,32767,0,32767,0,32767,0,32767,0,32767,0,32767,0,32767,0,32767,0,32767,0,32767,0,32767,0,32767,0,32767,0,32767,0,32767,0,32767,0,32767,0,32767,0,32767,0,32767,0,32767,0,32767,0,32767,0,32767,0,32767,0,32767,0,32767,0,32767,0,32767,0,32767,0,32767,0,32767,0,32767,0,32767,0,32767,0,32767,0,32767,0,32767,0,32767,0,32767,0,32767,0,32767,0,32767,0,32767,0,32767,0,32767,0,32767,0,32767,0,32767,0,32767,0,32767,0,32767,0,32767,0,32767,0,32767,0,32767,0,32767,0,32767,0,32767,0,32767,0"/>
      <complex-equalizer-tuning-right value="0,32767,0,32767,0,32767,0,32767,0,32767,0,32767,0,32767,0,32767,0,32767,0,32767,0,32767,0,32767,0,32767,0,32767,0,32767,0,32767,0,32767,0,32767,0,32767,0,32767,0,32767,0,32767,0,32767,0,32767,0,32767,0,32767,0,32767,0,32767,0,32767,0,32767,0,32767,0,32767,0,32767,0,32767,0,32767,0,32767,0,32767,0,32767,0,32767,0,32767,0,32767,0,32767,0,32767,0,32767,0,32767,0,32767,0,32767,0,32767,0,32767,0,32767,0,32767,0,32767,0,32767,0,32767,0,32767,0,32767,0,32767,0,32767,0,32767,0,32767,0,32767,0,32767,0,32767,0,32767,0,32767,0,32767,0,32767,0,32767,0,32767,0,32767,0,32767,0,32767,0,32767,0,32767,0,32767,0,32767,0,32767,0"/>
      <height-filter-mode value="0"/>
      <output-mode>
        <mix_matrix/>
      </output-mode>
      <regulator-overdrive value="0"/>
      <regulator-timbre-preservation value="12"/>
      <regulator-stress-amount value="96,96,96,96"/>
      <regulator-distortion-slope value="16"/>
      <bass-mbdrc-tuning value="1,0,0,0,0,0,0,1,1,0,1,0,0,0,0,0,0,1,1,0,1,0,0,0,0,0,0,1,1,0,1,0,0,0,0,0,0,1,1,0,1,0,0,0,0,0,0,1,1,0,1,0,0,0,0,0,0,1,1,0,1,0,0,0,0,0,0,1,1,0,1,0,0,0,0,0,0,1,1,0"/>
      <virtual-bass-mode value="3"/>
      <virtual-bass-overall-gain value="0"/>
      <virtual-bass-slope-gain value="0"/>
      <virtual-bass-mix-freqs frequency_low="94" frequency_high="469"/>
      <virtual-bass-src-freqs frequency_low="35" frequency_high="160"/>
      <virtual-bass-subgains harmonic_2="-32" harmonic_3="-144" harmonic_4="-192"/>
      <virtualizer-front-speaker-angle value="10"/>
      <virtualizer-height-speaker-angle value="10"/>
      <virtualizer-surround-speaker-angle value="10"/>
      <volume-modeler-calibration value="0"/>
      <audio-optimizer-enable value="false"/>
      <volume-leveler-compressor-enable value="false"/>
      <bass-extraction-enable value="false"/>
      <complex-equalizer-enable value="false"/>
      <regulator-enable value="true"/>
      <regulator-speaker-dist-enable value="false"/>
      <regulator-sibilance-suppress-enable value="false"/>
      <bass-mbdrc-enable value="false"/>
      <virtual-bass-harmgains value="-2080,48,48,48"/>
      <virtual-bass-hybgains value="0,0,0,0,0,0"/>
      <virtual-bass-rolloff-gain value="0"/>
      <virtual-bass-blend-linear-gain value="10"/>
      <virtual-bass-mix-frequency value="100,1500"/>
      <virtual-bass-compressor-tuning value="0,0,-320,96,32,50,50"/>
    </data>
  </tuning>
  <authorized_technologies sku_name="DAX3 Android" device="dax3_android" bundle="DAP MOBILE v1.3" format="2">
    <global_setting virtual_bass_process="1"/>
  </authorized_technologies>
</device_data>
