<?xml version="1.0" encoding="utf-8"?>

<!--
 * Copyright (c) 2017-2020 Qualcomm Technologies, Inc.
 * All Rights Reserved.
 * Confidential and Proprietary - Qualcomm Technologies, Inc.
-->

<!-- This is a target specific resource config file which can be
used to overwrite the node paths mentioned in common resources file
and also to modify the Supported field information. -->

<!-- This file supports only Config tag, which has the following fields
* MajorValue and MinorValue, both are required to uniquely
identify the resource.
* Node, the new node path to overwrite the already existing path
of commonresourceconfigs.xml file.
* Supported, to indicate whether the resource is supported or not.
* For each config tag, either of Node or Supported fields need
to be mentioned.
NOTE - It is not Mandatory to write all the resources which are not supported,
as anyway perflock calls of these resources would fail. -->

<ResourceConfigs>
    <PerfResources>

        <Config MajorValue="0x2" MinorValue="0x0" Supported="no" />
        <Config MajorValue="0x2" MinorValue="0x1" Supported="no" />

        <Config MajorValue="0x3" MinorValue="0x0" Supported="no" />
        <Config MajorValue="0x3" MinorValue="0x1" Supported="no" />
        <Config MajorValue="0x3" MinorValue="0x2" Supported="no" />
        <Config MajorValue="0x3" MinorValue="0x3" Supported="no" />
        <Config MajorValue="0x3" MinorValue="0x4" Supported="no" />
        <Config MajorValue="0x3" MinorValue="0x5" Supported="no" />
        <Config MajorValue="0x3" MinorValue="0x6" Supported="no" />
        <Config MajorValue="0x3" MinorValue="0x7" Supported="no" />
        <Config MajorValue="0x3" MinorValue="0x8" Supported="no" />
        <Config MajorValue="0x3" MinorValue="0x9" Supported="no" />
        <Config MajorValue="0x3" MinorValue="0xA" Supported="no" />
        <Config MajorValue="0x3" MinorValue="0xB" Supported="no" />
        <Config MajorValue="0x3" MinorValue="0xC" Supported="no" />
        <Config MajorValue="0x3" MinorValue="0xD" Supported="no" />
        <Config MajorValue="0x3" MinorValue="0xE" Supported="no" />
        <Config MajorValue="0x3" MinorValue="0xF" Supported="no" />
        <Config MajorValue="0x3" MinorValue="0x10" Supported="no" />
        <Config MajorValue="0x3" MinorValue="0x11" Supported="no" />
        <Config MajorValue="0x3" MinorValue="0x12" Supported="no" />
        <Config MajorValue="0x3" MinorValue="0x13" Supported="no" />
        <Config MajorValue="0x3" MinorValue="0x14" Supported="no" />
        <Config MajorValue="0x3" MinorValue="0x15" Supported="no" />
        <Config MajorValue="0x3" MinorValue="0x16" Supported="no" />
        <Config MajorValue="0x3" MinorValue="0x17" Supported="no" />
        <Config MajorValue="0x3" MinorValue="0x18" Supported="no" />
        <Config MajorValue="0x3" MinorValue="0x19" Supported="no" />
        <Config MajorValue="0x3" MinorValue="0x1A" Supported="no" />
        <Config MajorValue="0x3" MinorValue="0x1B" Supported="no" />
        <Config MajorValue="0x3" MinorValue="0x1C" Supported="no" />
        <Config MajorValue="0x3" MinorValue="0x1D" Supported="no" />
        <Config MajorValue="0x3" MinorValue="0x1E" Supported="no" />
        <Config MajorValue="0x3" MinorValue="0x1F" Supported="no" />
        <Config MajorValue="0x3" MinorValue="0x20" Supported="no" />
        <Config MajorValue="0x3" MinorValue="0x21" Supported="no" />
        <Config MajorValue="0x3" MinorValue="0x22" Supported="no" />
        <Config MajorValue="0x3" MinorValue="0x23" Supported="no" />
        <Config MajorValue="0x3" MinorValue="0x24" Supported="no" />
        <Config MajorValue="0x3" MinorValue="0x25" Supported="no" />
        <Config MajorValue="0x3" MinorValue="0x26" Supported="no" />
        <Config MajorValue="0x3" MinorValue="0x27" Supported="no" />
        <Config MajorValue="0x3" MinorValue="0x28" Supported="no" />
        <Config MajorValue="0x3" MinorValue="0x29" Supported="no" />
        <Config MajorValue="0x3" MinorValue="0x2A" Supported="no" />
        <Config MajorValue="0x3" MinorValue="0x2B" Supported="no" />
        <Config MajorValue="0x3" MinorValue="0x2C" Supported="no" />
        <Config MajorValue="0x3" MinorValue="0x2D" Supported="no" />
        <Config MajorValue="0x3" MinorValue="0x2E" Supported="no" />
        <Config MajorValue="0x3" MinorValue="0x2F" Supported="no" />
        <Config MajorValue="0x3" MinorValue="0x30" Supported="no" />
        <Config MajorValue="0x3" MinorValue="0x31" Supported="no" />
        <Config MajorValue="0x3" MinorValue="0x32" Supported="no" />
        <Config MajorValue="0x3" MinorValue="0x33" Supported="no" />
        <Config MajorValue="0x3" MinorValue="0x34" Supported="no" />

        <Config MajorValue="0x5" MinorValue="0x0" Supported="no" />
        <Config MajorValue="0x5" MinorValue="0x1" Supported="no" />
        <Config MajorValue="0x5" MinorValue="0x2" Supported="no" />
        <Config MajorValue="0x5" MinorValue="0x3" Supported="no" />
        <Config MajorValue="0x5" MinorValue="0x4" Supported="no" />
        <Config MajorValue="0x5" MinorValue="0x5" Supported="no" />
        <Config MajorValue="0x5" MinorValue="0x6" Supported="no" />
        <Config MajorValue="0x5" MinorValue="0x7" Supported="no" />
        <Config MajorValue="0x5" MinorValue="0x8" Supported="no" />
        <Config MajorValue="0x5" MinorValue="0x9" Supported="no" />
        <Config MajorValue="0x5" MinorValue="0xA" Supported="no" />
        <Config MajorValue="0x5" MinorValue="0xB" Supported="no" />
        <Config MajorValue="0x5" MinorValue="0xC" Supported="no" />
        <Config MajorValue="0x5" MinorValue="0xD" Supported="no" />
        <Config MajorValue="0x5" MinorValue="0xE" Supported="no" />
        <Config MajorValue="0x5" MinorValue="0xF" Supported="no" />
        <Config MajorValue="0x5" MinorValue="0x10" Supported="no" />
        <Config MajorValue="0x5" MinorValue="0x11" Supported="no" />
        <Config MajorValue="0x5" MinorValue="0x12" Supported="no" />
        <Config MajorValue="0x5" MinorValue="0x13" Supported="no" />

        <Config MajorValue="0x6" MinorValue="0x0" Supported="no" />
        <Config MajorValue="0x6" MinorValue="0x1" Supported="no" />
        <Config MajorValue="0x6" MinorValue="0x2" Supported="no" />
        <Config MajorValue="0x6" MinorValue="0x3" Supported="no" />
        <Config MajorValue="0x6" MinorValue="0x4" Supported="no" />
        <Config MajorValue="0x6" MinorValue="0x5" Supported="no" />
        <Config MajorValue="0x6" MinorValue="0x6" Supported="no" />
        <Config MajorValue="0x6" MinorValue="0x7" Supported="no" />
        <Config MajorValue="0x6" MinorValue="0x8" Supported="no" />
        <Config MajorValue="0x6" MinorValue="0x9" Supported="no" />
        <Config MajorValue="0x6" MinorValue="0xA" Supported="no" />
        <Config MajorValue="0x6" MinorValue="0xB" Supported="no" />
        <Config MajorValue="0x6" MinorValue="0xC" Supported="no" />
        <Config MajorValue="0x6" MinorValue="0xD" Supported="no" />
        <Config MajorValue="0x6" MinorValue="0xE" Supported="no" />
        <Config MajorValue="0x6" MinorValue="0xF" Supported="no" />

        <Config MajorValue="0xC" MinorValue="0x0" Supported="no" />
        <Config MajorValue="0xC" MinorValue="0x1" Supported="no" />
        <Config MajorValue="0xC" MinorValue="0x2" Supported="no" />
        <Config MajorValue="0xC" MinorValue="0x3" Supported="no" />
        <Config MajorValue="0xC" MinorValue="0x4" Supported="no" />
        <Config MajorValue="0xC" MinorValue="0x5" Supported="no" />
        <Config MajorValue="0xC" MinorValue="0x6" Supported="no" />
        <Config MajorValue="0xC" MinorValue="0x7" Supported="no" />
        <Config MajorValue="0xC" MinorValue="0x8" Supported="no" />
        <Config MajorValue="0xC" MinorValue="0x9" Supported="no" />
        <Config MajorValue="0xC" MinorValue="0xA" Supported="no" />
        <Config MajorValue="0xC" MinorValue="0xB" Supported="no" />
        <Config MajorValue="0xC" MinorValue="0xC" Supported="no" />
        <Config MajorValue="0xC" MinorValue="0xD" Supported="no" />
        <Config MajorValue="0xC" MinorValue="0xE" Supported="no" />

        <Config MajorValue="0xD" MinorValue="0x0" Supported="no" />
        <Config MajorValue="0xD" MinorValue="0x1" Supported="no" />
        <Config MajorValue="0xD" MinorValue="0x2" Supported="no" />
        <Config MajorValue="0xD" MinorValue="0x3" Supported="no" />
        <Config MajorValue="0xD" MinorValue="0x4" Supported="no" />
        <Config MajorValue="0xD" MinorValue="0x5" Supported="no" />
        <Config MajorValue="0xD" MinorValue="0x6" Supported="no" />
        <Config MajorValue="0xD" MinorValue="0x7" Supported="no" />
        <Config MajorValue="0xD" MinorValue="0x8" Supported="no" />
        <Config MajorValue="0xD" MinorValue="0x9" Supported="no" />
        <Config MajorValue="0xD" MinorValue="0xA" Supported="no" />
        <Config MajorValue="0xD" MinorValue="0xB" Supported="no" />
        <Config MajorValue="0xD" MinorValue="0xC" Supported="no" />
        <Config MajorValue="0xD" MinorValue="0xD" Supported="no" />
        <Config MajorValue="0xD" MinorValue="0xE" Supported="no" />
        <Config MajorValue="0xD" MinorValue="0xF" Supported="no" />
        <Config MajorValue="0xD" MinorValue="0x10" Supported="no" />

    </PerfResources>
</ResourceConfigs>
