<?xml version='1.0' encoding='utf-8' standalone='yes' ?>
<map>
    <string name="viper4android.headphonefx.outvol">100</string>
    <boolean name="viper4android.headphonefx.viperddc.enable" value="true" />
    <boolean name="viper4android.headphonefx.playbackgain.enable" value="false" />
    <string name="viper4android.headphonefx.fireq.custom">-2.5;2.0;6.0;3.0;0.0;0.0;0.0;3.5;1.5;-3.5;</string>
    <string name="viper4android.headphonefx.diffsurr.delay">500</string>
    <string name="viper4android.headphonefx.fidelity.clarity.gain">50</string>
    <boolean name="viper4android.speakerfx.enable" value="true" />
    <string name="viper4android.headphonefx.fidelity.bass.mode">0</string>
    <string name="viper4android.headphonefx.dynamicsystem.bass">20</string>
    <string name="viper4android.headphonefx.playbackgain.maxscaler">400</string>
    <string name="viper4android.headphonefx.reverb.roomwidth">10</string>
    <boolean name="viper4android.headphonefx.fidelity.clarity.enable" value="false" />
    <string name="viper4android.headphonefx.dynamicsystem.coeffs">100;5600;40;80;50;50</string>
    <string name="viper4android.headphonefx.colorfulmusic.midimage">170</string>
    <string name="viper4android.headphonefx.fidelity.clarity.mode">0</string>
    <boolean name="viper4android.headphonefx.convolver.enable" value="true" />
    <boolean name="viper4android.headphonefx.diffsurr.enable" value="true" />
    <string name="viper4android.headphonefx.playbackgain.ratio">50</string>
    <boolean name="viper4android.headphonefx.colorfulmusic.enable" value="false" />
    <string name="viper4android.headphonefx.vhs.qual">0</string>
    <string name="viper4android.headphonefx.fireq">custom</string>
    <string name="viper4android.headphonefx.viperddc.device">1341436792</string>
    <boolean name="viper4android.headphonefx.reverb.enable" value="false" />
    <boolean name="viper4android.headphonefx.dynamicsystem.tube" value="false" />
    <string name="viper4android.headphonefx.convolver.crosschannel">0</string>
    <string name="viper4android.headphonefx.reverb.dry">100</string>
    <string name="viper4android.headphonefx.convolver.kernel">/storage/emulated/legacy/ViPER4Android/Kernel/Urei 1178 Impulse.irs</string>
    <string name="viper4android.speakerfx.limiter">100</string>
    <boolean name="viper4android.headphonefx.fidelity.bass.enable" value="true" />
    <string name="viper4android.headphonefx.fidelity.bass.freq">60</string>
    <boolean name="viper4android.headphonefx.vhs.enable" value="false" />
    <boolean name="viper4android.headphonefx.dynamicsystem.enable" value="false" />
    <string name="viper4android.headphonefx.fidelity.bass.gain">300</string>
    <boolean name="viper4android.global.forceenable.enable" value="false" />
    <string name="viper4android.headphonefx.colorfulmusic.coeffs">170;575</string>
    <string name="viper4android.headphonefx.analogx.mode">0</string>
    <string name="viper4android.headphonefx.reverb.damp">70</string>
    <string name="viper4android.headphonefx.reverb.roomsize">10</string>
    <string name="viper4android.headphonefx.limiter">100</string>
    <boolean name="viper4android.headphonefx.fireq.enable" value="true" />
    <boolean name="viper4android.headphonefx.enable" value="true" />
    <string name="viper4android.headphonefx.channelpan">0</string>
    <string name="viper4android.headphonefx.playbackgain.volume">80</string>
    <boolean name="viper4android.headphonefx.cure.enable" value="false" />
    <string name="viper4android.headphonefx.reverb.wet">10</string>
    <string name="viper4android.headphonefx.cure.crossfeed">0</string>
    <string name="viper4android.headphonefx.vse.value">0.1</string>
    <boolean name="viper4android.speakerfx.spkopt.enable" value="false" />
</map>
