<?xml version="1.0" encoding="utf-8"?>
<permissions>
    <privapp-permissions package="com.miui.securitycenter">
        <permission name="android.permission.INTERACT_ACROSS_USERS"/>
        <permission name="android.permission.READ_LOGS"/>
        <permission name="android.permission.REAL_GET_TASKS"/>
        <permission name="android.permission.PACKAGE_VERIFICATION_AGENT"/>
        <permission name="android.permission.WRITE_APN_SETTINGS"/>
        <permission name="android.permission.CONTROL_VPN"/>
        <permission name="android.permission.MODIFY_NETWORK_ACCOUNTING"/>
        <permission name="android.permission.READ_NETWORK_USAGE_HISTORY"/>
        <permission name="android.permission.ACCESS_CACHE_FILESYSTEM"/>
        <permission name="android.permission.UPDATE_APP_OPS_STATS"/>
        <permission name="android.permission.CLEAR_APP_CACHE"/>
        <permission name="android.permission.DELETE_CACHE_FILES"/>
        <permission name="android.permission.REBOOT"/>
        <permission name="android.permission.CHANGE_COMPONENT_ENABLED_STATE"/>
        <permission name="android.permission.BACKUP"/>
        <permission name="android.permission.MANAGE_USB"/>
        <permission name="android.permission.BATTERY_STATS"/>
        <permission name="android.permission.PACKAGE_USAGE_STATS"/>
        <permission name="android.permission.FORCE_STOP_PACKAGES"/>
        <permission name="android.permission.MODIFY_PHONE_STATE"/>
        <permission name="android.permission.ACCESS_DOWNLOAD_MANAGER"/>
        <permission name="android.permission.MASTER_CLEAR"/>
        <permission name="android.permission.MOUNT_UNMOUNT_FILESYSTEMS"/>
        <permission name="android.permission.WRITE_SECURE_SETTINGS"/>
        <permission name="android.permission.GET_APP_OPS_STATS"/>
    </privapp-permissions>
</permissions>




