<?xml version="1.0" encoding="utf-8"?>
<config>
    <hidden-api-whitelisted-app package="com.dts.dtsxultra"/>
    <allow-implicit-broadcast action="dts.dtssdk.intent.action.AUDIO_ROUTE_CHANGED"/>
    <allow-implicit-broadcast action="dts.dtssdk.intent.action.GET_DTS_STATE"/>
    <allow-implicit-broadcast action="dts.dtssdk.intent.action.SET_DTS_ENABLED"/>
    <allow-implicit-broadcast action="dts.dtssdk.intent.action.SET_DTS_DISABLED"/>
    <allow-implicit-broadcast action="dts.dtssdk.intent.action.RECOGNIZED_BLUETOOTH_ACCESSORY_CONNECTED"/>
    <allow-implicit-broadcast action="dts.dtssdk.intent.action.UNRECOGNIZED_BLUETOOTH_ACCESSORY_CONNECTED"/>
    <allow-implicit-broadcast action="dts.dtssdk.intent.action.RECOGNIZED_USB_ACCESSORY_CONNECTED"/>
    <allow-implicit-broadcast action="dts.dtssdk.intent.action.UNRECOGNIZED_USB_ACCESSORY_CONNECTED"/>
</config>

