{
    "version": "1.0",
    "product": "common",
    "support": {
            "cam_boost_enable": false,
            "3rdcam_boost_enable": true,
            "cam_boost_opt_enable": true,
            "cam_boost_forcestop_enable": false,
            "mms_camcpt_enable": false,
            "inhibit_procs_enable": true,
            "inhibit_3rdprocs_enable": false,
            "oom_update_support": false,
            "cam_reclaim_enable": false,
            "adj_swap_support": false,
            "trim_memory_support": false,
            "cam_boost_early_enable": false,
            "perceptible_support": false
        },
    "oom": {
            "oom_level": "18432:1001,23040:1001,27648:1001,32256:1001,55296:1001,80640:1001"
        },
    "threshold": {
            "skip_task": 4,
            "skip_task_lower": 1,
            "adj_threshold": 800,
            "lowAdj_threshold": 201,
            "lowerAdj_freeMem_threshold": 614400,
            "cam_boost_threshold": 2936012,
            "cam_boost_ext_mem": 0,
            "cam_record_reclaim": 2097152,
            "cam_boost_reclaim": 1297152,
            "update_state_delay_ms": 3000,
            "intercept_restart_time": 2000,
            "kill_lowprio_sysapp_threshlod": 0,
            "kill_highprio_sysapp_threshlod": 0,
            "kill_tag": 1,
            "protect_locktask_num": 0
        },
    "configs": [
        {
            "name": "protect_list",
            "config": [
                "com.tencent.mobileqq",
                "com.ss.android.lark.kami"
            ]
        },
        {
            "name": "white_list",
            "config": [
                "com.android.camera",
                "android.process.media",
                "com.miui.gallery",
                "com.tencent.mm",
                "com.miui.home",
                "com.android.traceur",
                "com.tencent.mm:push",
                "com.tencent.mobileqq:MSF",
                "com.ss.android.lark.kami:wschannel",
                "com.phonetest.application:CameraMemoryWatcher",
                "com.phonetest.application",
                "android.camera.cts",
                "android.camera.cts:errorLoggingServiceProcess"
            ]
        },
        {
            "name": "black_list",
            "config": [
            ]
        },
        {
            "name": "inhibit_app_list",
            "config": [
            ]
        },
        {
            "name": "inhibit_native_list",
            "config": [
            ]
        },
        {
            "name": "intercept_restart_list",
            "config": [
            ]
        },
        {
            "name": "start_black_list",
            "config": [
            ]
        },
        {
            "name": "skip_task_list",
            "config": [
                "com.android.camera",
                "com.miui.home",
                "com.miui.gallery"
            ]
        }
    ],
    "configs_cn": [
        {
            "name": "black_list",
            "config": [
            ]
        }
    ],
    "oom_lowmem": {
            "oom_level": "18432:1001,23040:1001,27648:1001,32256:1001,55296:1001,80640:1001"
        },
    "threshold_lowmem": {
            "skip_task": 1,
            "adj_threshold": 701,
            "lowAdj_threshold": 200,
            "cam_boost_threshold": 0
        },
    "configs_lowmem": [
        {
            "name": "protect_list",
            "config": [
                "android.process.media",
                "com.tencent.mobileqq",
                "com.ss.android.lark.kami"
            ]
        },
        {

            "name": "white_list",
            "config": [
                "com.android.camera",
                "com.miui.gallery",
                "com.tencent.mm",
                "com.miui.home",
                "com.tencent.mm:push",
                "com.tencent.mobileqq:MSF",
                "com.ss.android.lark.kami:wschannel",
                "com.phonetest.application:CameraMemoryWatcher"
            ]
        }
    ]
}
