[
{"defaultEnable":false,"overrideEnableValue":0,"packageName":"com.dmzjsq.manhua","showInSettings":true},
{"defaultEnable":false,"overrideEnableValue":0,"packageName":"com.rhmsoft.edit.pro","showInSettings":true},
{"defaultEnable":false,"overrideEnableValue":0,"packageName":"pansong291.xposed.quickenergy","showInSettings":true},
{"defaultEnable":false,"overrideEnableValue":0,"packageName":"com.huawei.works","showInSettings":true},
{"defaultEnable":false,"overrideEnableValue":0,"packageName":"com.ss.android.ugc.aweme.lite","showInSettings":true},
{"defaultEnable":false,"overrideEnableValue":0,"packageName":"chili.xposed.chimi","showInSettings":true},
{"defaultEnable":false,"overrideEnableValue":0,"packageName":"com.clover.daysmatter","showInSettings":true},
{"defaultEnable":false,"overrideEnableValue":0,"packageName":"com.kingsoft.moffice_pro_hw","showInSettings":true},
{"defaultEnable":false,"overrideEnableValue":0,"packageName":"com.nnnen.tool","showInSettings":true},
{"defaultEnable":false,"overrideEnableValue":0,"packageName":"com.xunmeng.pinduoduo","showInSettings":true},
{"defaultEnable":false,"overrideEnableValue":0,"packageName":"com.smzdm.client.android","showInSettings":true},
{"defaultEnable":false,"overrideEnableValue":0,"packageName":"com.ss.android.ugc.aweme","showInSettings":true},
{"defaultEnable":false,"overrideEnableValue":0,"packageName":"com.tencent.tim","showInSettings":true},
{"defaultEnable":false,"overrideEnableValue":0,"packageName":"com.autonavi.minimap","showInSettings":true},
{"defaultEnable":false,"overrideEnableValue":0,"packageName":"com.sankuai.meituan","showInSettings":true},
{"defaultEnable":false,"overrideEnableValue":0,"packageName":"com.ss.android.article.lite","showInSettings":true},
{"defaultEnable":false,"overrideEnableValue":0,"packageName":"com.taobao.idlefish","showInSettings":true},
{"defaultEnable":false,"overrideEnableValue":0,"packageName":"com.eg.android.AlipayGphone","showInSettings":true},
{"defaultEnable":false,"overrideEnableValue":0,"packageName":"com.dragon.read","showInSettings":true},
{"defaultEnable":false,"overrideEnableValue":0,"packageName":"com.chinamworld.main","showInSettings":true},
{"defaultEnable":false,"overrideEnableValue":0,"packageName":"com.taobao.litetao","showInSettings":true},
{"defaultEnable":false,"overrideEnableValue":0,"packageName":"com.android.bankabc","showInSettings":true},
{"defaultEnable":false,"overrideEnableValue":0,"packageName":"com.wuba","showInSettings":true},
{"defaultEnable":false,"overrideEnableValue":0,"packageName":"com.sdu.didi.psnger","showInSettings":true},
{"defaultEnable":false,"overrideEnableValue":0,"packageName":"com.MobileTicket","showInSettings":true},
{"defaultEnable":false,"overrideEnableValue":0,"packageName":"cmb.pb","showInSettings":true},
{"defaultEnable":false,"overrideEnableValue":0,"packageName":"com.sankuai.meituan.takeoutnew","showInSettings":true},
{"defaultEnable":false,"overrideEnableValue":0,"packageName":"com.ct.client","showInSettings":true},
{"defaultEnable":false,"overrideEnableValue":0,"packageName":"com.alibaba.wireless","showInSettings":true},
{"defaultEnable":false,"overrideEnableValue":0,"packageName":"com.hpbr.bosszhipin","showInSettings":true},
{"defaultEnable":false,"overrideEnableValue":0,"packageName":"com.tmall.wireless","showInSettings":true},
{"defaultEnable":false,"overrideEnableValue":0,"packageName":"com.jingyao.easybike","showInSettings":true},
{"defaultEnable":false,"overrideEnableValue":0,"packageName":"com.hicorenational.antifraud","showInSettings":true},
{"defaultEnable":false,"overrideEnableValue":0,"packageName":"com.cubic.autohome","showInSettings":true},
{"defaultEnable":false,"overrideEnableValue":0,"packageName":"com.cmbchina.ccd.pluto.cmbActivity","showInSettings":true},
{"defaultEnable":false,"overrideEnableValue":0,"packageName":"com.suning.mobile.ebuy","showInSettings":true},
{"defaultEnable":false,"overrideEnableValue":0,"packageName":"com.bankcomm.Bankcomm","showInSettings":true},
{"defaultEnable":false,"overrideEnableValue":0,"packageName":"com.jd.jdlite","showInSettings":true},
{"defaultEnable":false,"overrideEnableValue":0,"packageName":"com.pingan.paces.ccms","showInSettings":true},
{"defaultEnable":false,"overrideEnableValue":0,"packageName":"com.sgcc.wsgw.cn","showInSettings":true},
{"defaultEnable":false,"overrideEnableValue":0,"packageName":"com.xs.fm","showInSettings":true},
{"defaultEnable":false,"overrideEnableValue":0,"packageName":"com.kuaiduizuoye.scan","showInSettings":true},
{"defaultEnable":false,"overrideEnableValue":0,"packageName":"com.tencent.qqpim","showInSettings":true},
{"defaultEnable":false,"overrideEnableValue":0,"packageName":"com.kingpoint.gmcchh","showInSettings":true},
{"defaultEnable":false,"overrideEnableValue":0,"packageName":"com.pingan.carowner","showInSettings":true},
{"defaultEnable":false,"overrideEnableValue":0,"packageName":"com.handsgo.jiakao.android","showInSettings":true},
{"defaultEnable":false,"overrideEnableValue":0,"packageName":"com.bankcomm.maidanba","showInSettings":true},
{"defaultEnable":false,"overrideEnableValue":0,"packageName":"com.wuba.zhuanzhuan","showInSettings":true},
{"defaultEnable":false,"overrideEnableValue":0,"packageName":"com.taobao.trip","showInSettings":true},
{"defaultEnable":false,"overrideEnableValue":0,"packageName":"com.shoujiduoduo.ringtone","showInSettings":true},
{"defaultEnable":false,"overrideEnableValue":0,"packageName":"com.shuqi.controller","showInSettings":true},
{"defaultEnable":false,"overrideEnableValue":0,"packageName":"net.evecom.android.mztapp","showInSettings":true},
{"defaultEnable":false,"overrideEnableValue":0,"packageName":"com.campmobile.snowcamera","showInSettings":true},
{"defaultEnable":false,"overrideEnableValue":0,"packageName":"com.lechuan.mdwz","showInSettings":true},
{"defaultEnable":false,"overrideEnableValue":0,"packageName":"com.tencent.zebra","showInSettings":true},
{"defaultEnable":false,"overrideEnableValue":0,"packageName":"com.jifen.qukan","showInSettings":true},
{"defaultEnable":false,"overrideEnableValue":0,"packageName":"com.sup.android.superb","showInSettings":true},
{"defaultEnable":false,"overrideEnableValue":0,"packageName":"com.job.android","showInSettings":true},
{"defaultEnable":false,"overrideEnableValue":0,"packageName":"com.xuexiaoyi.xxy","showInSettings":true},
{"defaultEnable":false,"overrideEnableValue":0,"packageName":"com.pingan.lifeinsurance","showInSettings":true},
{"defaultEnable":false,"overrideEnableValue":0,"packageName":"com.douban.frodo","showInSettings":true},
{"defaultEnable":false,"overrideEnableValue":0,"packageName":"com.jsmcc","showInSettings":true},
{"defaultEnable":false,"overrideEnableValue":0,"packageName":"cn.TuHu.android","showInSettings":true},
{"defaultEnable":false,"overrideEnableValue":0,"packageName":"com.A17zuoye.mobile.homework","showInSettings":true},
{"defaultEnable":false,"overrideEnableValue":0,"packageName":"com.tianyancha.skyeye","showInSettings":true},
{"defaultEnable":false,"overrideEnableValue":0,"packageName":"com.homelink.android","showInSettings":true},
{"defaultEnable":false,"overrideEnableValue":0,"packageName":"com.citiccard.mobilebank","showInSettings":true},
{"defaultEnable":false,"overrideEnableValue":0,"packageName":"com.wudaokou.hippo","showInSettings":true},
{"defaultEnable":false,"overrideEnableValue":0,"packageName":"com.fenqile.fenqile","showInSettings":true},
{"defaultEnable":false,"overrideEnableValue":0,"packageName":"com.taobao.etao","showInSettings":true},
{"defaultEnable":false,"overrideEnableValue":0,"packageName":"com.qiyi.video.lite","showInSettings":true},
{"defaultEnable":false,"overrideEnableValue":0,"packageName":"com.benqu.wuta","showInSettings":true},
{"defaultEnable":false,"overrideEnableValue":0,"packageName":"com.ss.android.auto","showInSettings":true},
{"defaultEnable":false,"overrideEnableValue":0,"packageName":"com.mt.mtxx.mtxx","showInSettings":true},
{"defaultEnable":true,"overrideEnableValue":0,"packageName":"com.sina.weibo","showInSettings":true},
{"defaultEnable":true,"overrideEnableValue":0,"packageName":"com.ss.android.article.news","showInSettings":true},
{"defaultEnable":true,"overrideEnableValue":0,"packageName":"com.snda.wifilocating","showInSettings":true},
{"defaultEnable":true,"overrideEnableValue":0,"packageName":"com.tmri.app.main","showInSettings":true},
{"defaultEnable":true,"overrideEnableValue":0,"packageName":"com.ss.android.article.video","showInSettings":true},
{"defaultEnable":true,"overrideEnableValue":0,"packageName":"com.ss.android.ugc.live","showInSettings":true},
{"defaultEnable":true,"overrideEnableValue":0,"packageName":"com.icbc","showInSettings":true},
{"defaultEnable":true,"overrideEnableValue":0,"packageName":"com.baidu.homework","showInSettings":true},
{"defaultEnable":true,"overrideEnableValue":0,"packageName":"me.ele","showInSettings":true},
{"defaultEnable":true,"overrideEnableValue":0,"packageName":"com.tencent.karaoke","showInSettings":true},
{"defaultEnable":true,"overrideEnableValue":0,"packageName":"com.sinovatech.unicom.ui","showInSettings":true},
{"defaultEnable":true,"overrideEnableValue":0,"packageName":"com.chinamworld.bocmbci","showInSettings":true},
{"defaultEnable":true,"overrideEnableValue":0,"packageName":"cn.gov.tax.its","showInSettings":true},
{"defaultEnable":true,"overrideEnableValue":0,"packageName":"com.tencent.weishi","showInSettings":true},
{"defaultEnable":true,"overrideEnableValue":0,"packageName":"com.greenpoint.android.mc10086.activity","showInSettings":true},
{"defaultEnable":true,"overrideEnableValue":0,"packageName":"com.cainiao.wireless","showInSettings":true},
{"defaultEnable":true,"overrideEnableValue":0,"packageName":"cn.xuexi.android","showInSettings":true},
{"defaultEnable":true,"overrideEnableValue":0,"packageName":"com.anjuke.android.app","showInSettings":true},
{"defaultEnable":true,"overrideEnableValue":0,"packageName":"com.dianping.v1","showInSettings":true},
{"defaultEnable":true,"overrideEnableValue":0,"packageName":"com.yitong.mbank.psbc","showInSettings":true},
{"defaultEnable":true,"overrideEnableValue":0,"packageName":"com.tencent.qqpimsecure","showInSettings":true},
{"defaultEnable":true,"overrideEnableValue":0,"packageName":"com.xunlei.downloadprovider","showInSettings":true},
{"defaultEnable":true,"overrideEnableValue":0,"packageName":"com.gotokeep.keep","showInSettings":true},
{"defaultEnable":true,"overrideEnableValue":0,"packageName":"com.tencent.gamehelper.smoba","showInSettings":true},
{"defaultEnable":true,"overrideEnableValue":0,"packageName":"com.chaoxing.mobile","showInSettings":true},
{"defaultEnable":true,"overrideEnableValue":0,"packageName":"com.youdao.dict","showInSettings":true},
{"defaultEnable":true,"overrideEnableValue":0,"packageName":"com.lianjia.beike","showInSettings":true},
{"defaultEnable":true,"overrideEnableValue":0,"packageName":"com.jzzs.ParentsHelper","showInSettings":true},
{"defaultEnable":true,"overrideEnableValue":0,"packageName":"com.gorgeous.lite","showInSettings":true},
{"defaultEnable":true,"overrideEnableValue":0,"packageName":"com.tencent.qt.qtl","showInSettings":true},
{"defaultEnable":true,"overrideEnableValue":0,"packageName":"com.tencent.wemeet.app","showInSettings":true},
{"defaultEnable":true,"overrideEnableValue":0,"packageName":"cn.kuwo.player","showInSettings":true},
{"defaultEnable":true,"overrideEnableValue":0,"packageName":"com.fenbi.android.solar","showInSettings":true},
{"defaultEnable":true,"overrideEnableValue":0,"packageName":"com.xt.retouch","showInSettings":true},
{"defaultEnable":true,"overrideEnableValue":0,"packageName":"com.le123.ysdq","showInSettings":true},
{"defaultEnable":true,"overrideEnableValue":0,"packageName":"com.intsig.camscanner","showInSettings":true},
{"defaultEnable":true,"overrideEnableValue":0,"packageName":"com.immomo.momo","showInSettings":true},
{"defaultEnable":true,"overrideEnableValue":0,"packageName":"com.lingan.seeyou","showInSettings":true},
{"defaultEnable":true,"overrideEnableValue":0,"packageName":"com.taobao.live","showInSettings":true},
{"defaultEnable":true,"overrideEnableValue":0,"packageName":"com.duoduo.child.story","showInSettings":true},
{"defaultEnable":true,"overrideEnableValue":0,"packageName":"com.kwai.m2u","showInSettings":true},
{"defaultEnable":true,"overrideEnableValue":0,"packageName":"com.cleanmaster.mguard_cn","showInSettings":true},
{"defaultEnable":true,"overrideEnableValue":0,"packageName":"com.xiachufang","showInSettings":true},
{"defaultEnable":true,"overrideEnableValue":0,"packageName":"com.palmtop.android","showInSettings":true},
{"defaultEnable":true,"overrideEnableValue":0,"packageName":"com.p1.mobile.putong","showInSettings":true},
{"defaultEnable":true,"overrideEnableValue":0,"packageName":"com.ygkj.chelaile.standard","showInSettings":true},
{"defaultEnable":true,"overrideEnableValue":0,"packageName":"com.didapinche.booking","showInSettings":true},
{"defaultEnable":true,"overrideEnableValue":0,"packageName":"com.lemon.faceu","showInSettings":true},
{"defaultEnable":true,"overrideEnableValue":0,"packageName":"com.yek.android.kfc.activitys","showInSettings":true},
{"defaultEnable":true,"overrideEnableValue":0,"packageName":"com.tencent.token","showInSettings":true},
{"defaultEnable":true,"overrideEnableValue":0,"packageName":"com.kwai.videoeditor","showInSettings":true},
{"defaultEnable":true,"overrideEnableValue":0,"packageName":"com.meta.box","showInSettings":true},
{"defaultEnable":true,"overrideEnableValue":0,"packageName":"com.duowan.mobile","showInSettings":true},
{"defaultEnable":true,"overrideEnableValue":0,"packageName":"com.baidu.baidutranslate","showInSettings":true},
{"defaultEnable":true,"overrideEnableValue":0,"packageName":"com.glodon.drawingexplorer","showInSettings":true},
{"defaultEnable":true,"overrideEnableValue":0,"packageName":"com.jiongji.andriod.card","showInSettings":true},
{"defaultEnable":true,"overrideEnableValue":0,"packageName":"cn.etouch.ecalendar","showInSettings":true},
{"defaultEnable":true,"overrideEnableValue":0,"packageName":"com.snda.lantern.wifilocating","showInSettings":true},
{"defaultEnable":true,"overrideEnableValue":0,"packageName":"com.youdao.translator","showInSettings":true},
{"defaultEnable":true,"overrideEnableValue":0,"packageName":"com.ecitic.bank.mobile","showInSettings":true},
{"defaultEnable":true,"overrideEnableValue":0,"packageName":"com.ss.android.lark.kami","showInSettings":true},
{"defaultEnable":true,"overrideEnableValue":0,"packageName":"com.taobao.taobao","showInSettings":true},
{"defaultEnable":true,"overrideEnableValue":0,"packageName":"com.snda.lantern.wifilocating","showInSettings":true},
{"defaultEnable":true,"overrideEnableValue":0,"packageName":"com.job.android","showInSettings":true},
{"defaultEnable":true,"overrideEnableValue":0,"packageName":"com.citiccard.mobilebank","showInSettings":true},
{"defaultEnable":true,"overrideEnableValue":0,"packageName":"com.jifen.qukan","showInSettings":true},
{"defaultEnable":true,"overrideEnableValue":0,"packageName":"com.sgcc.wsgw.cn","showInSettings":true},
{"defaultEnable":true,"overrideEnableValue":0,"packageName":"com.cmbchina.ccd.pluto.cmbActivity","showInSettings":true},
{"defaultEnable":true,"overrideEnableValue":0,"packageName":"com.meitu.meiyancamera","showInSettings":true},
{"defaultEnable":true,"overrideEnableValue":0,"packageName":"com.jd.pingou","showInSettings":true},
{"defaultEnable":false,"overrideEnableValue":0,"packageName":"com.sankuai.meituan","showInSettings":true},
{"defaultEnable":false,"overrideEnableValue":0,"packageName":"com.ss.android.article.lite","showInSettings":true},
{"defaultEnable":false,"overrideEnableValue":0,"packageName":"com.chinamworld.main","showInSettings":true},
{"defaultEnable":false,"overrideEnableValue":0,"packageName":"com.taobao.litetao","showInSettings":true},
{"defaultEnable":false,"overrideEnableValue":0,"packageName":"com.android.bankabc","showInSettings":true},
{"defaultEnable":false,"overrideEnableValue":0,"packageName":"com.wuba","showInSettings":true},
{"defaultEnable":false,"overrideEnableValue":0,"packageName":"com.sdu.didi.psnger","showInSettings":true},
{"defaultEnable":false,"overrideEnableValue":0,"packageName":"cmb.pb","showInSettings":true},
{"defaultEnable":false,"overrideEnableValue":0,"packageName":"com.sankuai.meituan.takeoutnew","showInSettings":true},
{"defaultEnable":false,"overrideEnableValue":0,"packageName":"com.ct.client","showInSettings":true},
{"defaultEnable":false,"overrideEnableValue":0,"packageName":"com.alibaba.wireless","showInSettings":true},
{"defaultEnable":false,"overrideEnableValue":0,"packageName":"com.hpbr.bosszhipin","showInSettings":true},
{"defaultEnable":false,"overrideEnableValue":0,"packageName":"com.jingyao.easybike","showInSettings":true},
{"defaultEnable":false,"overrideEnableValue":0,"packageName":"com.cubic.autohome","showInSettings":true},
{"defaultEnable":false,"overrideEnableValue":0,"packageName":"com.suning.mobile.ebuy","showInSettings":true},
{"defaultEnable":false,"overrideEnableValue":0,"packageName":"com.bankcomm.Bankcomm","showInSettings":true},
{"defaultEnable":false,"overrideEnableValue":0,"packageName":"com.jd.jdlite","showInSettings":true},
{"defaultEnable":false,"overrideEnableValue":0,"packageName":"com.pingan.paces.ccms","showInSettings":true},
{"defaultEnable":false,"overrideEnableValue":0,"packageName":"com.xs.fm","showInSettings":true},
{"defaultEnable":false,"overrideEnableValue":0,"packageName":"com.kuaiduizuoye.scan","showInSettings":true},
{"defaultEnable":false,"overrideEnableValue":0,"packageName":"com.tencent.qqpim","showInSettings":true},
{"defaultEnable":false,"overrideEnableValue":0,"packageName":"com.kingpoint.gmcchh","showInSettings":true},
{"defaultEnable":false,"overrideEnableValue":0,"packageName":"com.pingan.carowner","showInSettings":true},
{"defaultEnable":false,"overrideEnableValue":0,"packageName":"com.handsgo.jiakao.android","showInSettings":true},
{"defaultEnable":false,"overrideEnableValue":0,"packageName":"com.bankcomm.maidanba","showInSettings":true},
{"defaultEnable":false,"overrideEnableValue":0,"packageName":"com.wuba.zhuanzhuan","showInSettings":true},
{"defaultEnable":false,"overrideEnableValue":0,"packageName":"com.shoujiduoduo.ringtone","showInSettings":true},
{"defaultEnable":false,"overrideEnableValue":0,"packageName":"com.campmobile.snowcamera","showInSettings":true},
{"defaultEnable":false,"overrideEnableValue":0,"packageName":"com.lechuan.mdwz","showInSettings":true},
{"defaultEnable":false,"overrideEnableValue":0,"packageName":"com.tencent.zebra","showInSettings":true},
{"defaultEnable":false,"overrideEnableValue":0,"packageName":"com.sup.android.superb","showInSettings":true},
{"defaultEnable":false,"overrideEnableValue":0,"packageName":"com.xuexiaoyi.xxy","showInSettings":true},
{"defaultEnable":false,"overrideEnableValue":0,"packageName":"com.pingan.lifeinsurance","showInSettings":true},
{"defaultEnable":false,"overrideEnableValue":0,"packageName":"com.jsmcc","showInSettings":true},
{"defaultEnable":false,"overrideEnableValue":0,"packageName":"cn.TuHu.android","showInSettings":true},
{"defaultEnable":false,"overrideEnableValue":0,"packageName":"com.tianyancha.skyeye","showInSettings":true},
{"defaultEnable":false,"overrideEnableValue":0,"packageName":"com.homelink.android","showInSettings":true},
{"defaultEnable":false,"overrideEnableValue":0,"packageName":"com.taobao.etao","showInSettings":true},
{"defaultEnable":false,"overrideEnableValue":0,"packageName":"com.qiyi.video.lite","showInSettings":true},
{"defaultEnable":false,"overrideEnableValue":0,"packageName":"com.ss.android.auto","showInSettings":true},
{"defaultEnable":false,"overrideEnableValue":0,"packageName":"com.mt.mtxx.mtxx","showInSettings":true},
{"defaultEnable":false,"overrideEnableValue":0,"packageName":"com.zhongduomei.rrmj.society","showInSettings":true},
{"defaultEnable":false,"overrideEnableValue":0,"packageName":"tv.pps.mobile","showInSettings":true},
{"defaultEnable":false,"overrideEnableValue":0,"packageName":"com.yipiao","showInSettings":true},
{"defaultEnable":false,"overrideEnableValue":0,"packageName":"com.zhaopin.social","showInSettings":true},
{"defaultEnable":true,"overrideEnableValue":1,"packageName":"android","showInSettings":false},
{"defaultEnable":true,"overrideEnableValue":1,"packageName":"com.miui.weather2","showInSettings":false},
{"defaultEnable":true,"overrideEnableValue":1,"packageName":"com.miui.gallery","showInSettings":false},
{"defaultEnable":true,"overrideEnableValue":1,"packageName":"com.miui.video","showInSettings":false},
{"defaultEnable":true,"overrideEnableValue":1,"packageName":"com.android.thememanager","showInSettings":false},
{"defaultEnable":true,"overrideEnableValue":1,"packageName":"com.android.calendar","showInSettings":false},
{"defaultEnable":true,"overrideEnableValue":1,"packageName":"com.xiaomi.gamecenter","showInSettings":false},
{"defaultEnable":true,"overrideEnableValue":1,"packageName":"com.android.fileexporer","showInSettings":false},
{"defaultEnable":true,"overrideEnableValue":1,"packageName":"com.xiaomi.shop","showInSettings":false},
{"defaultEnable":true,"overrideEnableValue":1,"packageName":"com.xiaomi.market","showInSettings":false},
{"defaultEnable":true,"overrideEnableValue":1,"packageName":"com.mipay.wallet","showInSettings":false},
{"defaultEnable":true,"overrideEnableValue":1,"packageName":"com.xiaomi.smarthome","showInSettings":false},
{"defaultEnable":true,"overrideEnableValue":1,"packageName":"com.miui.player","showInSettings":false},
{"defaultEnable":true,"overrideEnableValue":2,"packageName":"com.android.soundrecorder","showInSettings":false},
{"defaultEnable":true,"overrideEnableValue":2,"packageName":"com.duokan.phone.remotecontroller","showInSettings":false},
{"defaultEnable":true,"overrideEnableValue":2,"packageName":"cn.wps.xiaomi.abroad.lite","showInSettings":false},
{"defaultEnable":true,"overrideEnableValue":2,"packageName":"com.facebook.katana","showInSettings":false},
{"defaultEnable":true,"overrideEnableValue":2,"packageName":"com.facebook.lite","showInSettings":false},
{"defaultEnable":true,"overrideEnableValue":2,"packageName":"com.facebook.orca","showInSettings":false},
{"defaultEnable":true,"overrideEnableValue":2,"packageName":"com.whatsapp.w4b","showInSettings":false},
{"defaultEnable":true,"overrideEnableValue":2,"packageName":"com.whatsapp","showInSettings":false},
{"defaultEnable":true,"overrideEnableValue":2,"packageName":"com.instagram.android","showInSettings":false},
{"defaultEnable":true,"overrideEnableValue":2,"packageName":"jp.naver.line.android","showInSettings":false},
{"defaultEnable":true,"overrideEnableValue":2,"packageName":"com.microsoft.teams","showInSettings":false},
{"defaultEnable":true,"overrideEnableValue":2,"packageName":"com.microsoft.office.outlook","showInSettings":false},
{"defaultEnable":true,"overrideEnableValue":2,"packageName":"com.netflix.mediaclient","showInSettings":false},
{"defaultEnable":true,"overrideEnableValue":2,"packageName":"com.pinterest","showInSettings":false},
{"defaultEnable":true,"overrideEnableValue":2,"packageName":"com.spotify.music","showInSettings":false},
{"defaultEnable":true,"overrideEnableValue":2,"packageName":"org.telegram.messenger","showInSettings":false},
{"defaultEnable":true,"overrideEnableValue":2,"packageName":"com.twitter.android","showInSettings":false},
{"defaultEnable":true,"overrideEnableValue":2,"packageName":"com.viber.voip","showInSettings":false},
{"defaultEnable":true,"overrideEnableValue":2,"packageName":"us.zoom.videomeetings","showInSettings":false},
{"defaultEnable":true,"overrideEnableValue":0,"packageName":"android.uirendering.cts","showInSettings":false,"forceDarkOrigin":true},
{"defaultEnable":true,"overrideEnableValue":1,"packageName":"com.miui.miservice","showInSettings":false},
{"defaultEnable":true,"overrideEnableValue":1,"packageName":"com.mi.health","showInSettings":false},
{"defaultEnable":true,"overrideEnableValue":1,"packageName":"com.miui.notes","showInSettings":false},
{"defaultEnable":true,"overrideEnableValue":1,"packageName":"com.doukan.reader","showInSettings":false},
{"defaultEnable":true,"overrideEnableValue":1,"packageName":"com.xiaomi.vipaccount","showInSettings":false},
{"defaultEnable":true,"overrideEnableValue":1,"packageName":"com.xiaomi.youpin","showInSettings":false},
{"defaultEnable":true,"overrideEnableValue":1,"packageName":"com.xiaomi.jr","showInSettings":false},
{"defaultEnable":true,"overrideEnableValue":1,"packageName":"com.miui.securitycenter","showInSettings":false},
{"defaultEnable":true,"overrideEnableValue":1,"packageName":"com.miui.voiceassist","showInSettings":false}
]