{
	"header": {
		"version": "2022051701",
		"index_enable": true,
		"network_improve": true,
		"mqs_enable": true
	},
	"game_booster": {
		"booster_enable": true,
		"cpuset_enable": true,
		"tuner_enable": true,
		"monitor": {
			"monitor_enable": false,
			"analytics_enable": false,
			"default_interval": 2
		},
		"migl_enable": true,
		"migl_config": ["yuanshen:com.miHoYo.Yuanshen#com.miHoYo.GenshinImpact#com.miHoYo.ys.mi#com.miHoYo.ys.bilibili;1280;576;-1", "pubg:com.tencent.tmgp.pubgmhd;-1;-1;1"],
		"support_display_refresh_rates": [30, 48, 50, 60, 90, 120],
		"support_dynamic_refresh_rate_games": ["com.tencent.tmgp.pubgmhd", "com.tencent.tmgp.sgame", "com.tencent.tmgp.sgamece"],
		"support_highfps_app": ["com.tencent.tmgp.speedmobile:120", "com.tencent.tmgp.pubgmhd:120", "com.tencent.tmgp.sgame:120", "com.tencent.tmgp.sgamece:120", "com.tencent.tmgp.cf:90", "com.netease.moba.mi:120", "com.miHoYo.bh3.mi:90", "com.miHoYo.enterprise.NGHSoD:90", "com.t2ksports.nba2k20and:120", "com.miHoYo.Yuanshen:60", "com.miHoYo.ys.mi:60", "com.tencent.lolm:90", "com.guandan.mi:60", "com.tencent.af:90"],
		"support_motor_app": [],
		"booster_config": {
			"default_config": [],
			"scene_config": [],
			"ovrride_config": [{
				"game_name": "com.tencent.tmgp.sgame",
				"start_scene": "7",
				"end_scene": "4",
				"badfps_thresh1": "54,81,108",
				"badfps_thresh2": "3,5,10",
				"scene_ovrride": [{
					"scene_id": 10001,
					"booster#60#MGAME": [{
						"permission": "root",
						"cmd": "sys/module/mtk_fpsgo/parameters/perfmgr_enable#1"
					}, {
						"permission": "root",
						"cmd": "sys/module/mtk_fpsgo/parameters/scaling_a#300"
					}],
					"booster#90#MGAME": [{
						"permission": "root",
						"cmd": "sys/module/mtk_fpsgo/parameters/perfmgr_enable#1"
					}, {
						"permission": "root",
						"cmd": "sys/module/mtk_fpsgo/parameters/scaling_a#480"
					}],
					"booster#120#MGAME": [{
						"permission": "root",
						"cmd": "sys/module/mtk_fpsgo/parameters/perfmgr_enable#1"
					}, {
						"permission": "root",
						"cmd": "sys/module/mtk_fpsgo/parameters/scaling_a#480"
					}],
					"end": [{
						"permission": "root",
						"cmd": "sys/module/mtk_fpsgo/parameters/perfmgr_enable#0"
					}]
				}, {
					"scene_id": 1004,
					"scene_name": "target_fps_update",
					"booster#60#MGAME": [{
						"permission": "root",
						"cmd": "sys/module/mtk_fpsgo/parameters/perfmgr_enable#1"
					}, {
						"permission": "root",
						"cmd": "sys/module/mtk_fpsgo/parameters/scaling_a#300"
					}],
					"booster#90#MGAME": [{
						"permission": "root",
						"cmd": "sys/module/mtk_fpsgo/parameters/perfmgr_enable#1"
					}, {
						"permission": "root",
						"cmd": "sys/module/mtk_fpsgo/parameters/scaling_a#480"
					}],
					"booster#120#MGAME": [{
						"permission": "root",
						"cmd": "sys/module/mtk_fpsgo/parameters/perfmgr_enable#1"
					}, {
						"permission": "root",
						"cmd": "sys/module/mtk_fpsgo/parameters/scaling_a#480"
					}]
				}]
			}, {
				"game_name": "com.tencent.tmgp.sgamece",
				"start_scene": "7",
				"end_scene": "4",
				"badfps_thresh1": "54,81,108",
				"badfps_thresh2": "3,5,10",
				"scene_ovrride": [{
					"scene_id": 1002,
					"scene_name": "motor",
					"booster": [{
						"permission": "root",
						"cmd": "motor#500"
					}]
				}]
			}, {
				"game_name": "com.tencent.tmgp.pubgmhd",
				"start_scene": "102",
				"end_scene": "4",
				"badfps_thresh1": "54,81",
				"badfps_thresh2": "3,5",
				"scene_ovrride": []
			}, {
				"game_name": "com.miHoYo.Yuanshen",
				"dynamic_fps": "10:999,46:55,47:50,48:40,50:30",
				"dynamic_fps_M": "10:55,42:50,43:40,45:35,47:30",
				"scene_ovrride": []
			}, {
				"game_name": "com.miHoYo.ys.mi",
				"dynamic_fps": "10:999,46:55,47:50,48:40,50:30",
				"dynamic_fps_M": "10:55,42:50,43:40,45:35,47:30",
				"scene_ovrride": []
			}, {
				"game_name": "com.miHoYo.ys.bilibili",
				"dynamic_fps": "10:999,46:55,47:50,48:40,50:30",
				"dynamic_fps_M": "10:55,42:50,43:40,45:35,47:30",
				"scene_ovrride": []
			}, {
				"game_name": "com.miHoYo.GenshinImpact",
				"dynamic_fps": "10:999,46:55,47:50,48:40,50:30",
				"dynamic_fps_M": "10:55,42:50,43:40,45:35,47:30",
				"scene_ovrride": []
			}, {
				"game_name": "com.tencent.lolm",
				"scene_ovrride": []
			}, {
				"game_name": "com.tencent.tmgp.speedmobile",
				"scene_ovrride": []
			}, {
				"game_name": "com.tencent.tmgp.cf",
				"scene_ovrride": []
			}, {
				"game_name": "com.netease.hyxd",
				"scene_ovrride": []
			}, {
				"game_name": "com.fungames.sniper3d",
				"scene_ovrride": []
			}, {
				"game_name": "com.tencent.tmgp.dwrg",
				"scene_ovrride": []
			}, {
				"game_name": "com.tencent.tmgp.bh3",
				"scene_ovrride": []
			}, {
				"game_name": "com.tencent.shootgame",
				"scene_ovrride": []
			}, {
				"game_name": "com.tencent.tmgp.qqx5",
				"scene_ovrride": []
			}, {
				"game_name": "com.tencent.tmgp.wdsj666",
				"scene_ovrride": []
			}, {
				"game_name": "com.riotgames.league.wildrift",
				"scene_ovrride": []
			}, {
				"game_name": "com.tencent.tmgp.cod",
				"scene_ovrride": []
			}, {
				"game_name": "com.pubg.imobile",
				"scene_ovrride": []
			}, {
				"game_name": "com.qqgame.hlddz",
				"scene_ovrride": []
			}, {
				"game_name": "DEFAULT_COMMON_CONFIG",
				"dynamic_fps": "10:999,44:120,46:120",
				"dynamic_fps_M": "10:999,42:120,44:120",
				"scene_ovrride": []
			}]
		}
	}
}