<?xml version="1.0" encoding="UTF-8"?>
<!--
This XML file declares which signature|privileged permissions should be granted to privileged
applications on GMS or Google-branded devices.
It allows additional grants on top of privapp-permissions-platform.xml
-->
<permissions>
    <privapp-permissions package="com.android.launcher3">
        <permission name="android.permission.DEVICE_POWER"/>
        <permission name="android.permission.FORCE_STOP_PACKAGES"/>
        <permission name="android.permission.INTERACT_ACROSS_USERS_FULL"/>
        <permission name="android.permission.KILL_BACKGROUND_PROCESSES"/>
        <permission name="android.permission.MANAGE_ACTIVITY_STACKS"/>
        <permission name="android.permission.PACKAGE_USAGE_STATS"/>
        <permission name="android.permission.STATUS_BAR"/>
        <permission name="android.permission.USE_BIOMETRIC"/>
    </privapp-permissions>
</permissions>