<?xml version='1.0' encoding='utf-8' standalone='yes' ?>
<map>
    <string name="viper4android.headphonefx.outvol">100</string>
    <string name="viper4android.headphonefx.diffsurr.delay">200</string>
    <string name="viper4android.headphonefx.fidelity.clarity.gain">100</string>
    <boolean name="viper4android.headphonefx.analogx.enable" value="false" />
    <string name="viper4android.headphonefx.dynamicsystem.bass">20</string>
    <string name="viper4android.headphonefx.fidelity.bass.mode">0</string>
    <string name="viper4android.headphonefx.playbackgain.maxscaler">400</string>
    <string name="viper4android.headphonefx.reverb.roomwidth">100</string>
    <string name="viper4android.headphonefx.dynamicsystem.coeffs">300;5600;60;105;10;50</string>
    <string name="viper4android.headphonefx.colorfulmusic.midimage">150</string>
    <string name="viper4android.headphonefx.fidelity.clarity.mode">0</string>
    <string name="viper4android.headphonefx.playbackgain.ratio">100</string>
    <string name="viper4android.headphonefx.vhs.qual">1</string>
    <string name="viper4android.headphonefx.fireq">custom</string>
    <string name="viper4android.headphonefx.viperddc.device">FILE:Custom_jmxc23.vdc</string>
    <string name="viper4android.headphonefx.convolver.crosschannel">40</string>
    <string name="viper4android.headphonefx.reverb.dry">50</string>
    <string name="viper4android.headphonefx.convolver.kernel">/storage/emulated/legacy/ViPER4Android/Kernel/Pod 4x12.irs</string>
    <string name="viper4android.headphonefx.fidelity.bass.freq">100</string>
    <string name="viper4android.headphonefx.fidelity.bass.gain">150</string>
    <boolean name="viper4android.global.forceenable.enable" value="false" />
    <string name="viper4android.headphonefx.colorfulmusic.coeffs">150;425</string>
    <string name="viper4android.headphonefx.analogx.mode">1</string>
    <string name="viper4android.headphonefx.reverb.damp">0</string>
    <string name="viper4android.headphonefx.reverb.roomsize">100</string>
    <string name="viper4android.headphonefx.limiter">100</string>
    <boolean name="viper4android.headphonefx.enable" value="true" />
    <string name="viper4android.headphonefx.channelpan">0</string>
    <string name="viper4android.headphonefx.playbackgain.volume">80</string>
    <string name="viper4android.headphonefx.reverb.wet">0</string>
    <string name="viper4android.headphonefx.cure.crossfeed">2</string>
    <string name="viper4android.headphonefx.vse.value">0.5</string>
</map>
