<rules>
  <service block="true" log="false">
    <component-filter name="com.tencent.mm/.sandbox.monitor.ExceptionMonitorService" />
    <component-filter name="com.tencent.mm/com.tencent.tinker.lib.service.TinkerPatchService" />
    <component-filter name="com.tencent.mm/.modelrecovery.RecoveryTinkerResultService" />
    <component-filter name="com.tencent.mm/com.tencent.tinker.lib.service.TinkerPatchForeService" />
    <component-filter name="com.tencent.mm/.plugin.hp.tinker.TinkerPatchResultService" />
    <component-filter name="com.tencent.mm/com.tencent.tinker.lib.service.DefaultTinkerResultService" />
    <component-filter name="com.tencent.mm/com.tencent.tinker.lib.service.TinkerPatchService$InnerService" />
  </service>
  <activity block="true" log="false">
    <component-filter name="com.tencent.mm/com.tencent.tinker.loader.hotplug.ActivityStubs$SGTStub_03" />
    <component-filter name="com.tencent.mm/com.tencent.tinker.loader.hotplug.ActivityStubs$SIStub_02_T" />
    <component-filter name="com.tencent.mm/com.tencent.tinker.loader.hotplug.ActivityStubs$SGTStub_02" />
    <component-filter name="com.tencent.mm/com.tencent.tinker.loader.hotplug.ActivityStubs$SGTStub_01" />
    <component-filter name="com.tencent.mm/com.tencent.tinker.loader.hotplug.ActivityStubs$SIStub_00_T" />
    <component-filter name="com.tencent.mm/com.tencent.tinker.loader.hotplug.ActivityStubs$SGTStub_00" />
    <component-filter name="com.tencent.mm/.sandbox.updater.AppUpdaterUI" />
    <component-filter name="com.tencent.mm/com.tencent.tinker.loader.hotplug.ActivityStubs$SIStub_04" />
    <component-filter name="com.tencent.mm/com.tencent.tinker.loader.hotplug.ActivityStubs$SGTKStub_00_T" />
    <component-filter name="com.tencent.mm/com.tencent.tinker.loader.hotplug.ActivityStubs$SIStub_05" />
    <component-filter name="com.tencent.mm/com.tencent.tinker.loader.hotplug.ActivityStubs$SGTStub_09" />
    <component-filter name="com.tencent.mm/com.tencent.tinker.loader.hotplug.ActivityStubs$SIStub_06" />
    <component-filter name="com.tencent.mm/com.tencent.tinker.loader.hotplug.ActivityStubs$SGTKStub_02_T" />
    <component-filter name="com.tencent.mm/com.tencent.tinker.loader.hotplug.ActivityStubs$SGTStub_08" />
    <component-filter name="com.tencent.mm/com.tencent.tinker.loader.hotplug.ActivityStubs$SIStub_07" />
    <component-filter name="com.tencent.mm/com.tencent.tinker.loader.hotplug.ActivityStubs$SGTStub_07" />
    <component-filter name="com.tencent.mm/com.tencent.tinker.loader.hotplug.ActivityStubs$SIStub_00" />
    <component-filter name="com.tencent.mm/com.tencent.tinker.loader.hotplug.ActivityStubs$SGTStub_06" />
    <component-filter name="com.tencent.mm/com.tencent.tinker.loader.hotplug.ActivityStubs$SIStub_01" />
    <component-filter name="com.tencent.mm/com.tencent.tinker.loader.hotplug.ActivityStubs$STDStub_01_T" />
    <component-filter name="com.tencent.mm/com.tencent.tinker.loader.hotplug.ActivityStubs$SGTStub_05" />
    <component-filter name="com.tencent.mm/com.tencent.tinker.loader.hotplug.ActivityStubs$SIStub_02" />
    <component-filter name="com.tencent.mm/com.tencent.tinker.loader.hotplug.ActivityStubs$SGTStub_04" />
    <component-filter name="com.tencent.mm/com.tencent.tinker.loader.hotplug.ActivityStubs$SIStub_03" />
    <component-filter name="com.tencent.mm/com.tencent.tinker.loader.hotplug.ActivityStubs$SIStub_08" />
    <component-filter name="com.tencent.mm/com.tencent.tinker.loader.hotplug.ActivityStubs$SIStub_09" />
    <component-filter name="com.tencent.mm/.plugin.appbrand.ad.ui.AppBrandAdUI3" />
    <component-filter name="com.tencent.mm/.plugin.appbrand.ad.ui.AppBrandAdUI4" />
    <component-filter name="com.tencent.mm/.plugin.appbrand.ad.ui.AppBrandAdUI1" />
    <component-filter name="com.tencent.mm/.plugin.appbrand.ad.ui.AppBrandAdUI2" />
    <component-filter name="com.tencent.mm/.plugin.appbrand.ad.ui.AppBrandAdUI" />
    <component-filter name="com.tencent.mm/com.tencent.tinker.loader.hotplug.ActivityStubs$SGTStub_01_T" />
    <component-filter name="com.tencent.mm/com.tencent.tinker.loader.hotplug.ActivityStubs$SGTKStub_00" />
    <component-filter name="com.tencent.mm/com.tencent.tinker.loader.hotplug.ActivityStubs$SIStub_01_T" />
    <component-filter name="com.tencent.mm/com.tencent.tinker.loader.hotplug.ActivityStubs$STDStub_02_T" />
    <component-filter name="com.tencent.mm/com.tencent.tinker.loader.hotplug.ActivityStubs$SGTKStub_03" />
    <component-filter name="com.tencent.mm/com.tencent.tinker.loader.hotplug.ActivityStubs$STDStub_09" />
    <component-filter name="com.tencent.mm/com.tencent.tinker.loader.hotplug.ActivityStubs$SGTKStub_04" />
    <component-filter name="com.tencent.mm/com.tencent.tinker.loader.hotplug.ActivityStubs$SGTKStub_01" />
    <component-filter name="com.tencent.mm/com.tencent.tinker.loader.hotplug.ActivityStubs$STDStub_07" />
    <component-filter name="com.tencent.mm/com.tencent.tinker.loader.hotplug.ActivityStubs$SGTKStub_02" />
    <component-filter name="com.tencent.mm/com.tencent.tinker.loader.hotplug.ActivityStubs$STDStub_08" />
    <component-filter name="com.tencent.mm/com.tencent.tinker.loader.hotplug.ActivityStubs$SGTKStub_01_T" />
    <component-filter name="com.tencent.mm/com.tencent.tinker.loader.hotplug.ActivityStubs$SGTKStub_07" />
    <component-filter name="com.tencent.mm/com.tencent.tinker.loader.hotplug.ActivityStubs$STDStub_05" />
    <component-filter name="com.tencent.mm/com.tencent.tinker.loader.hotplug.ActivityStubs$SGTKStub_08" />
    <component-filter name="com.tencent.mm/com.tencent.tinker.loader.hotplug.ActivityStubs$STDStub_06" />
    <component-filter name="com.tencent.mm/com.tencent.tinker.loader.hotplug.ActivityStubs$SGTKStub_05" />
    <component-filter name="com.tencent.mm/com.tencent.tinker.loader.hotplug.ActivityStubs$STDStub_03" />
    <component-filter name="com.tencent.mm/com.tencent.tinker.loader.hotplug.ActivityStubs$SGTKStub_06" />
    <component-filter name="com.tencent.mm/com.tencent.tinker.loader.hotplug.ActivityStubs$STDStub_04" />
    <component-filter name="com.tencent.mm/com.tencent.tinker.loader.hotplug.ActivityStubs$STDStub_00_T" />
    <component-filter name="com.tencent.mm/com.tencent.tinker.loader.hotplug.ActivityStubs$STDStub_01" />
    <component-filter name="com.tencent.mm/com.tencent.tinker.loader.hotplug.ActivityStubs$STDStub_02" />
    <component-filter name="com.tencent.mm/com.tencent.tinker.loader.hotplug.ActivityStubs$SGTKStub_09" />
    <component-filter name="com.tencent.mm/com.tencent.tinker.loader.hotplug.ActivityStubs$STDStub_00" />
    <component-filter name="com.tencent.mm/.sandbox.updater.AppInstallerUI" />
    <component-filter name="com.tencent.mm/com.tencent.tinker.loader.hotplug.ActivityStubs$SGTStub_00_T" />
    <component-filter name="com.tencent.mm/com.tencent.tinker.loader.hotplug.ActivityStubs$SGTStub_02_T" />
  </activity>
  <broadcast block="true" log="false">
    <component-filter name="com.tencent.mm/.booter.MMReceivers$ToolsMpProcessReceiver" />
    <component-filter name="com.tencent.mm/.plugin.appbrand.task.AppBrandTaskPreloadReceiver" />
    <component-filter name="com.tencent.mm/.booter.MMReceivers$AlarmReceiver" />
    <component-filter name="com.tencent.mm/.booter.MMReceivers$ExdeviceProcessReceiver" />
    <component-filter name="com.tencent.mm/.plugin.lite.LiteAppTaskPreloadReceiver" />
    <component-filter name="com.tencent.mm/.sandbox.monitor.CrashUploadAlarmReceiver" />
    <component-filter name="com.tencent.mm/.plugin.appbrand.task.AppBrandTaskPreloadReceiver3" />
    <component-filter name="com.tencent.mm/.plugin.appbrand.task.AppBrandTaskPreloadReceiver4" />
    <component-filter name="com.tencent.mm/.plugin.appbrand.task.AppBrandTaskPreloadReceiver1" />
    <component-filter name="com.tencent.mm/.plugin.appbrand.task.AppBrandTaskPreloadReceiver2" />
    <component-filter name="com.tencent.mm/.booter.MMReceivers$ToolsProcessReceiver" />
    <component-filter name="com.tencent.mm/com.tencent.mars.comm.Alarm" />
    <component-filter name="com.tencent.mm/com.google.android.gms.measurement.AppMeasurementReceiver" />
    <component-filter name="com.tencent.mm/.booter.BluetoothReceiver" />
    <component-filter name="com.tencent.mm/com.google.android.gms.measurement.AppMeasurementInstallReferrerReceiver" />
    <component-filter name="com.tencent.mm/.booter.MMReceivers$SandBoxProcessReceiver" />
    <component-filter name="com.tencent.mm/.booter.BluetoothStateReceiver" />
  </broadcast>
</rules>
