<rules>
  <service block="true" log="false">
    <component-filter name="com.tencent.mobileqq/cooperation.wadl.ipc.WadlProxyService" />
    <component-filter name="com.tencent.mobileqq/com.tencent.tmdownloader.internal.remote.RemoteOpService" />
    <component-filter name="com.tencent.mobileqq/.activity.photo.PeakService" />
    <component-filter name="com.tencent.mobileqq/cooperation.qappcenter.QAppCenterPluginProxyService" />
    <component-filter name="com.tencent.mobileqq/.music.QQPlayerService" />
    <component-filter name="com.tencent.mobileqq/com.tencent.tmdownloader.TMAssistantDownloadService" />
    <component-filter name="com.tencent.mobileqq/com.tencent.open.wadl.WadlJsBridgeService" />
    <component-filter name="com.tencent.mobileqq/.colornote.smallscreen.ColorNoteSmallScreenService" />
    <component-filter name="com.tencent.mobileqq/com.tencent.mobileqq.winkpublish.service.WinkPublishService" />
    <component-filter name="com.tencent.mobileqq/kcsdk.shell.KcShellService" />
  </service>
  <activity block="true" log="false">
    <component-filter name="com.tencent.mobileqq/cooperation.qappcenter.QAppCenterPluginProxyActivityQzone" />
    <component-filter name="com.tencent.mobileqq/com.tencent.gamecenter.activities.GameCenterActivity" />
    <component-filter name="com.tencent.mobileqq/com.tencent.open.appcenter.OpenWriteCodeQQBrowserActivity" />
    <component-filter name="com.tencent.mobileqq/cooperation.qappcenter.QAppCenterPluginProxyActivityTools" />
    <component-filter name="com.tencent.mobileqq/com.tencent.gamecenter.activities.SingleTaskQQBrowser" />
  </activity>
  <broadcast block="true" log="false">
    <component-filter name="com.tencent.mobileqq/cooperation.plugin.PluginCrashReceiver" />
    <component-filter name="com.tencent.mobileqq/cooperation.weiyun.WeiyunBroadcastReceiver" />
    <component-filter name="com.tencent.mobileqq/com.tencent.sc.appwidget.QCenterWidgetProvider" />
    <component-filter name="com.tencent.mobileqq/cooperation.weiyun.WeiyunProxyBroadcastReceiver" />
    <component-filter name="com.tencent.mobileqq/.microapp.app.AppBrandTaskPreloadReceiver" />
    <component-filter name="com.tencent.mobileqq/.mini.app.AppBrandTaskPreloadReceiver7" />
    <component-filter name="com.tencent.mobileqq/cooperation.troop.NearbyVideoProxyBroadcastReceiver" />
    <component-filter name="com.tencent.mobileqq/.mini.app.AppBrandTaskPreloadReceiver" />
    <component-filter name="com.tencent.mobileqq/.mini.app.AppBrandTaskPreloadReceiver2" />
    <component-filter name="com.tencent.mobileqq/.filemanager.core.UniformDownloadNfnReceiver" />
    <component-filter name="com.tencent.mobileqq/.mini.app.AppBrandTaskPreloadReceiver1" />
    <component-filter name="com.tencent.mobileqq/.nearby.NearbyReceiver" />
    <component-filter name="com.tencent.mobileqq/.statistics.UECReceiver" />
    <component-filter name="com.tencent.mobileqq/.mini.app.AppBrandTaskPreloadReceiver6" />
    <component-filter name="com.tencent.mobileqq/.mini.app.AppBrandTaskPreloadReceiver5" />
    <component-filter name="com.tencent.mobileqq/.mini.app.AppBrandTaskPreloadReceiver4" />
    <component-filter name="com.tencent.mobileqq/.mini.app.AppBrandTaskPreloadReceiver3" />
  </broadcast>
</rules>
