<?xml version="1.0" encoding="utf-8"?>
<permissions>
    <privapp-permissions package="com.miui.misound">
        <permission name="android.permission.INTERACT_ACROSS_USERS"/>
        <permission name="android.permission.MODIFY_AUDIO_ROUTING"/>
        <permission name="android.permission.WRITE_SECURE_SETTINGS"/>
        <permission name="android.permission.STATUS_BAR"/>
        <permission name="android.permission.READ_PRIVILEGED_PHONE_STATE"/>
        <!-- For Android 9 and bellow -->
        <permission name="android.permission.MANAGE_ACTIVITY_STACKS"/>
    </privapp-permissions>
</permissions>
