{
    "busybox": "https://github.com/Magisk-Modules-Repo/busybox-ndk",
    "changelog": "https://raw.githubusercontent.com/VR-25/acc/master/changelog.md",
    "curl": "https://github.com/Zackptg5/Cross-Compiled-Binaries-Android/tree/master/curl",
    "onlineInstaller": "https://github.com/VR-25/acc/releases/download/v2023.11.18.1-dev/install-online.sh",
    "tgz": "https://github.com/VR-25/acc/releases/download/v2023.11.18.1-dev/acc_v2023.11.18.1-dev_202311181.tgz",
    "tgzInstaller": "https://github.com/VR-25/acc/releases/download/v2023.11.18.1-dev/install-tarball.sh",
    "version": "v2023.11.18.1-dev",
    "versionCode": 202311181,
    "zipUrl": "https://github.com/VR-25/acc/releases/download/v2023.11.18.1-dev/acc_v2023.11.18.1-dev_202311181.zip"
}
