{
    "busybox": "https://github.com/Magisk-Modules-Repo/busybox-ndk",
    "changelog": "https://raw.githubusercontent.com/VR-25/acc/master/changelog.md",
    "curl": "https://github.com/Zackptg5/Cross-Compiled-Binaries-Android/tree/master/curl",
    "onlineInstaller": "https://github.com/VR-25/acc/releases/download/v2024.1.28-rc/install-online.sh",
    "tgz": "https://github.com/VR-25/acc/releases/download/v2024.1.28-rc/acc_v2024.1.28-rc_202401280.tgz",
    "tgzInstaller": "https://github.com/VR-25/acc/releases/download/v2024.1.28-rc/install-tarball.sh",
    "version": "v2024.1.28-rc",
    "versionCode": 202401280,
    "zipUrl": "https://github.com/VR-25/acc/releases/download/v2024.1.28-rc/acc_v2024.1.28-rc_202401280.zip"
}
