{
    "busybox": "https://github.com/Magisk-Modules-Repo/busybox-ndk",
    "changelog": "https://raw.githubusercontent.com/VR-25/acc/master/changelog.md",
    "curl": "https://github.com/Zackptg5/Cross-Compiled-Binaries-Android/tree/master/curl",
    "tgz": "https://github.com/VR-25/acc/releases/download/v2023.7.17/acc_v2023.7.17_202307170.tgz",
    "tgzInstaller": "https://github.com/VR-25/acc/releases/download/v2023.7.17/install-tarball.sh",
    "version": "v2023.7.17",
    "versionCode": 202307170,
    "zipUrl": "https://github.com/VR-25/acc/releases/download/v2023.7.17/acc_v2023.7.17_202307170.zip"
}
