<filter-conf>
    <!-- project:20664 -->
    <version>2020043017</version>
    <isOpen>1</isOpen>
    <filter-name>sys_high_temp_protect</filter-name>
    <HighTemperatureProtectSwitch>true</HighTemperatureProtectSwitch> 
    <HighTemperatureShutdownSwitch>true</HighTemperatureShutdownSwitch>
    <HighTemperatureFirstStepSwitch>true</HighTemperatureFirstStepSwitch>
    <CountBatteryChangedForFosUpdateTime>40</CountBatteryChangedForFosUpdateTime> 
    <HighTemperatureShutdownUpdateTime>49</HighTemperatureShutdownUpdateTime>
    <HighTemperatureProtectFirstStepIn>500</HighTemperatureProtectFirstStepIn>
    <HighTemperatureProtectFirstStepOut>440</HighTemperatureProtectFirstStepOut>
    <HighTemperatureProtectThresholdIn>550</HighTemperatureProtectThresholdIn> 
    <HighTemperatureProtectThresholdOut>470</HighTemperatureProtectThresholdOut>
    <HighTemperatureProtectShutDown>750</HighTemperatureProtectShutDown>
    <MediumTemperatureProtectThreshold>10000</MediumTemperatureProtectThreshold>
    <HighTemperatureDisableFlashSwitch>true</HighTemperatureDisableFlashSwitch>
    <HighTemperatureDisableFlashLimit>490</HighTemperatureDisableFlashLimit>
    <HighTemperatureEnableFlashLimit>420</HighTemperatureEnableFlashLimit>
    <HighTemperatureDisableFlashChargeSwitch>true</HighTemperatureDisableFlashChargeSwitch>
    <HighTemperatureDisableFlashChargeLimit>490</HighTemperatureDisableFlashChargeLimit>
    <HighTemperatureEnableFlashChargeLimit>420</HighTemperatureEnableFlashChargeLimit>
    <camera_temperature_limit>490</camera_temperature_limit>
    <HighTemperatureControlVideoRecordSwitch>true</HighTemperatureControlVideoRecordSwitch>
    <HighTemperatureDisableVideoRecordLimit>490</HighTemperatureDisableVideoRecordLimit>
    <HighTemperatureEnableVideoRecordLimit>430</HighTemperatureEnableVideoRecordLimit>
    <ToleranceFirstStepIn>560</ToleranceFirstStepIn>
    <ToleranceFirstStepOut>480</ToleranceFirstStepOut>
    <ToleranceSecondStepIn>560</ToleranceSecondStepIn>
    <ToleranceSecondStepOut>500</ToleranceSecondStepOut>
    <ToleranceThreshold>45</ToleranceThreshold>
    <ToleranceStart>490</ToleranceStart>
    <ToleranceStop>410</ToleranceStop>
    <ToleranceInterval>30000</ToleranceInterval>
</filter-conf>