<?xml version="1.0" encoding="utf-8"?>
<config>
	<feature name="asus.software.A2V"/>
	<feature name="asus.software.LockScreen.cmweather"/>
	<feature name="asus.software.audio.receiver_adjust"/>
	<feature name="asus.software.azs"/>
	<feature name="asus.software.battery.smart_charging"/>
	<feature name="asus.software.branch.MP"/>
	<feature name="asus.software.branch.MP2"/>
	<feature name="asus.software.branch.MP2-0"/>
	<feature name="asus.software.branch.MR"/>
	<feature name="asus.software.branch.MR-03"/>
	<feature name="asus.software.branch.MR0"/>
	<feature name="asus.software.branch.MR0-2"/>
	<feature name="asus.software.branch.MR0-4"/>
	<feature name="asus.software.branch.MR3-8"/>
	<feature name="asus.software.branch.MR4.4"/>
	<feature name="asus.software.branch.RC"/>
	<feature name="asus.software.branch.RC0"/>
	<feature name="asus.software.camera"/>
	<feature name="asus.software.combinekey.forcereboot"/>
	<feature name="asus.software.cover3_feature_1"/>
	<feature name="asus.software.cr.virtualkey"/>
	<feature name="asus.software.dnd.game"/>
	<feature name="asus.software.dnd.screen.recorder"/>
	<feature name="asus.software.dnd.unrestricted"/>
	<feature name="asus.software.dual_apps"/>
	<feature name="asus.software.dual_wifi"/>
	<feature name="asus.software.forcedark"/>
	<feature name="asus.software.gallery.document"/>
	<feature name="asus.software.gallery.videoeditor7"/>
	<feature name="asus.software.gamecenterservice.zenui.picasso"/>
	<feature name="asus.software.gamewidget"/>
	<feature name="asus.software.gamewidget.esports"/>
	<feature name="asus.software.gamewidget.zenui.6"/>
	<feature name="asus.software.gamewidget.zenui.picasso"/>
	<feature name="asus.software.gamewidget.zenui.rog"/>
	<feature name="asus.software.gamewidget.zenui.rog2.r"/>
	<feature name="asus.software.gamewidget.zenui.rog3"/>
	<feature name="asus.software.gamewidget.zenui.rog5"/>
	<feature name="asus.software.gamewidget.zenui.rog6"/>
	<feature name="asus.software.gamewidget.zenui.rog7"/>
	<feature name="asus.software.gamewidget.zenui.rog8"/>
	<feature name="asus.software.gamewidget.zenui.rog9"/>
	<feature name="asus.software.gamewidget.zenui40"/>
	<feature name="asus.software.gamewidget.zenui45"/>
	<feature name="asus.software.gamewidget_2"/>
	<feature name="asus.software.globalaction"/>
	<feature name="asus.software.godoverlay"/>
	<feature name="asus.software.google_now_client"/>
	<feature name="asus.software.help.device"/>
	<feature name="asus.software.inadvertentTouch"/>
	<feature name="asus.software.lockscreen.cmweather"/>
	<feature name="asus.software.marketapp"/>
	<feature name="asus.software.mr.freeform"/>
	<feature name="asus.software.mutecontroller"/>
	<feature name="asus.software.onehand"/>
	<feature name="asus.software.onehand.gesture"/>
	<feature name="asus.software.pagemarker"/>
	<feature name="asus.software.pixelworks"/>
	<feature name="asus.software.poweroffalarm_support"/>
	<feature name="asus.software.preload"/>
	<feature name="asus.software.project.FE375CL"/>
	<feature name="asus.software.project.PF500KL"/>
	<feature name="asus.software.project.T520TL"/>
	<feature name="asus.software.project.V500KL"/>
	<feature name="asus.software.project.V520KL"/>
	<feature name="asus.software.project.V570KL"/>
	<feature name="asus.software.project.Z300CL"/>
	<feature name="asus.software.project.Z300M"/>
	<feature name="asus.software.project.Z300M8"/>
	<feature name="asus.software.project.Z301M"/>
	<feature name="asus.software.project.Z301MF"/>
	<feature name="asus.software.project.Z301MFL"/>
	<feature name="asus.software.project.Z301ML"/>
	<feature name="asus.software.project.Z370C"/>
	<feature name="asus.software.project.Z370KL"/>
	<feature name="asus.software.project.Z380KL"/>
	<feature name="asus.software.project.Z380M"/>
	<feature name="asus.software.project.Z380M8"/>
	<feature name="asus.software.project.Z500KL"/>
	<feature name="asus.software.project.Z500M"/>
	<feature name="asus.software.project.Z580C"/>
	<feature name="asus.software.project.Z581KL"/>
	<feature name="asus.software.project.ZA550KL"/>
	<feature name="asus.software.project.ZB501KL"/>
	<feature name="asus.software.project.ZB555KL"/>
	<feature name="asus.software.project.ZB570TL"/>
	<feature name="asus.software.project.ZB601KL"/>
	<feature name="asus.software.project.ZB630KL"/>
	<feature name="asus.software.project.ZB632KL"/>
	<feature name="asus.software.project.ZB634KL"/>
	<feature name="asus.software.project.ZC520KL"/>
	<feature name="asus.software.project.ZC521TL"/>
	<feature name="asus.software.project.ZC550KL"/>
	<feature name="asus.software.project.ZC550KL_8939"/>
	<feature name="asus.software.project.ZC551KL"/>
	<feature name="asus.software.project.ZC553KL"/>
	<feature name="asus.software.project.ZC554KL"/>
	<feature name="asus.software.project.ZC600KL"/>
	<feature name="asus.software.project.ZD551KL"/>
	<feature name="asus.software.project.ZD552KL"/>
	<feature name="asus.software.project.ZD553KL"/>
	<feature name="asus.software.project.ZE500KG"/>
	<feature name="asus.software.project.ZE500KL"/>
	<feature name="asus.software.project.ZE520KL"/>
	<feature name="asus.software.project.ZE550KL"/>
	<feature name="asus.software.project.ZE550KL_32"/>
	<feature name="asus.software.project.ZE550ML"/>
	<feature name="asus.software.project.ZE551KL"/>
	<feature name="asus.software.project.ZE551ML"/>
	<feature name="asus.software.project.ZE552KL"/>
	<feature name="asus.software.project.ZE553KL"/>
	<feature name="asus.software.project.ZE554KL"/>
	<feature name="asus.software.project.ZE600KL"/>
	<feature name="asus.software.project.ZE601KL"/>
	<feature name="asus.software.project.ZE620KL"/>
	<feature name="asus.software.project.ZS550KL"/>
	<feature name="asus.software.project.ZS551KL"/>
	<feature name="asus.software.project.ZS570KL"/>
	<feature name="asus.software.project.ZS571KL"/>
	<feature name="asus.software.project.ZS572KL"/>
	<feature name="asus.software.project.ZS590KS"/>
	<feature name="asus.software.project.ZS600KL"/>
	<feature name="asus.software.project.ZS620KL"/>
	<feature name="asus.software.project.ZS630KL"/>
	<feature name="asus.software.project.ZS660KL"/>
	<feature name="asus.software.project.ZS661KS"/>
	<feature name="asus.software.project.ZS670KS"/>
	<feature name="asus.software.project.ZS672KS"/>
	<feature name="asus.software.project.ZS675KW"/>
	<feature name="asus.software.project.ZS676KS"/>
	<feature name="asus.software.project.ZT500KL"/>
	<feature name="asus.software.project.ZT581KL"/>
	<feature name="asus.software.project.ZT582KL"/>
	<feature name="asus.software.project.ZU680KL"/>
	<feature name="asus.software.project.ZX551ML"/>
	<feature name="asus.software.rog"/>
	<feature name="asus.software.sensor_service"/>
	<feature name="asus.software.sensor_service.eartouch"/>
	<feature name="asus.software.sensor_service.flick"/>
	<feature name="asus.software.sensor_service.instantactivity"/>
	<feature name="asus.software.sensor_service.pedometer"/>
	<feature name="asus.software.sensor_service.shaking"/>
	<feature name="asus.software.sensor_service.tapping"/>
	<feature name="asus.software.sensor_service.terminal"/>
	<feature name="asus.software.singledensity"/>
	<feature name="asus.software.sku.CN"/>
	<feature name="asus.software.sku.JP"/>
	<feature name="asus.software.sku.RWW"/>
	<feature name="asus.software.sku.TIM"/>
	<feature name="asus.software.sku.TW"/>
	<feature name="asus.software.sku.VF_IT"/>
	<feature name="asus.software.sku.VZW"/>
	<feature name="asus.software.sku.WW"/>
	<feature name="asus.software.slm_dbs_ui"/>
	<feature name="asus.software.slm_ui"/>
	<feature name="asus.software.smart.reading"/>
	<feature name="asus.software.smartgallery"/>
	<feature name="asus.software.snapview"/>
	<feature name="asus.software.soundrecorder.v21"/>
	<feature name="asus.software.soundrecorder.v30"/>
	<feature name="asus.software.soundrecorder.v40"/>
	<feature name="asus.software.soundrecorder.v45"/>
	<feature name="asus.software.station.colortemp"/>
	<feature name="asus.software.theme.animated_theme"/>
	<feature name="asus.software.theme.living_theme"/>
	<feature name="asus.software.theme.wallpaper_channel"/>
	<feature name="asus.software.themes"/>
	<feature name="asus.software.themes_store"/>
	<feature name="asus.software.tintOnLockScreen"/>
	<feature name="asus.software.touchgesture_double_tap"/>
	<feature name="asus.software.touchgesture_launch_app"/>
	<feature name="asus.software.transcover"/>
	<feature name="asus.software.twinapps"/>
	<feature name="asus.software.vibration.intensity"/>
	<feature name="asus.software.visual_enhanced"/>
	<feature name="asus.software.whole_system_onehand"/>
	<feature name="asus.software.wifi_generation_ui"/>
	<feature name="asus.software.zenimoji.obj"/>
	<feature name="asus.software.zenui"/>
	<feature name="asus.software.zenui.ten"/>
	<feature name="asus.software.zenui.nine"/>
	<feature name="asus.software.zenui.eight"/>
	<feature name="asus.software.zenui.five"/>
	<feature name="asus.software.zenui.rog"/>
	<feature name="asus.software.zenui.seven"/>
	<feature name="asus.software.zenui.six"/>
	<feature name="asus.software.zenwatch"/>
	<feature name="asus.vibration.lib"/>
</config>
