<?xml version="1.0" encoding="utf-8"?>
<config>
<feature name="com.htc.android.lteumts"/>
<feature name="com.htc.android.rosie.widget"/>
<feature name="com.htc.dualcam"/>
<feature name="com.htc.hardware.display.camera_notch"/>
<feature name="com.htc.hardware.wallet"/>
<feature name="com.htc.htcadaptivesound_c"/>
<feature name="com.htc.key.dap"/>
<feature name="com.htc.lockscreen.fusion"/>
<feature name="com.htc.sensor.autocalibration.xml"/>
<feature name="com.htc.sensor.edgesense"/>
<feature name="com.htc.sensor.hallsensor"/>
<feature name="com.htc.sensor.sensorhub"/>
<feature name="com.htc.software.A11AULAIO"/>
<feature name="com.htc.software.A11CHL"/>
<feature name="com.htc.software.A11UL"/>
<feature name="com.htc.software.A11ULAIO"/>
<feature name="com.htc.software.A12UL"/>
<feature name="com.htc.software.A13WL"/>
<feature name="com.htc.software.A15UL"/>
<feature name="com.htc.software.A16DWGL"/>
<feature name="com.htc.software.A16ULTMUS"/>
<feature name="com.htc.software.A16WL"/>
<feature name="com.htc.software.A17UHL"/>
<feature name="com.htc.software.A31DTUL"/>
<feature name="com.htc.software.A31MG_DUG"/>
<feature name="com.htc.software.A31UL"/>
<feature name="com.htc.software.A32DCGL"/>
<feature name="com.htc.software.A32EUL"/>
<feature name="com.htc.software.A32EULATT"/>
<feature name="com.htc.software.A32EWHL"/>
<feature name="com.htc.software.A32EWL"/>
<feature name="com.htc.software.A32MLDTUL"/>
<feature name="com.htc.software.A32UL"/>
<feature name="com.htc.software.A37DUGL"/>
<feature name="com.htc.software.A3QHDCL"/>
<feature name="com.htc.software.A3QHDUL"/>
<feature name="com.htc.software.A3TL"/>
<feature name="com.htc.software.A3UL"/>
<feature name="com.htc.software.A50AML"/>
<feature name="com.htc.software.A50CMGDWG"/>
<feature name="com.htc.software.A50CMLDTUL"/>
<feature name="com.htc.software.A50CMLTUHL"/>
<feature name="com.htc.software.A50DTUL"/>
<feature name="com.htc.software.A50MLDTUL"/>
<feature name="com.htc.software.A51BMLDTUL"/>
<feature name="com.htc.software.A51BMLDWGL"/>
<feature name="com.htc.software.A51BMLTUHL"/>
<feature name="com.htc.software.A51CMLDTUL"/>
<feature name="com.htc.software.A51CMLTUHL"/>
<feature name="com.htc.software.A51DTUL"/>
<feature name="com.htc.software.A51TUHL"/>
<feature name="com.htc.software.A51UL"/>
<feature name="com.htc.software.A52DTUL"/>
<feature name="com.htc.software.A52DWGL"/>
<feature name="com.htc.software.A52TUHL"/>
<feature name="com.htc.software.A53MLDTUL"/>
<feature name="com.htc.software.A55MLDTUL"/>
<feature name="com.htc.software.A56DJDUGL"/>
<feature name="com.htc.software.A56DJPRODTWL"/>
<feature name="com.htc.software.A56DJPRODUGL"/>
<feature name="com.htc.software.A56DJPROUHL"/>
<feature name="com.htc.software.A56DJUHL"/>
<feature name="com.htc.software.A56DJUL"/>
<feature name="com.htc.software.A56DUGL"/>
<feature name="com.htc.software.A56UHL"/>
<feature name="com.htc.software.A5CHL"/>
<feature name="com.htc.software.A5DUG"/>
<feature name="com.htc.software.A5DUGL"/>
<feature name="com.htc.software.A5DWG"/>
<feature name="com.htc.software.A5DWGL"/>
<feature name="com.htc.software.A5MDUG"/>
<feature name="com.htc.software.A5MGDUG"/>
<feature name="com.htc.software.A5MGPDUG"/>
<feature name="com.htc.software.A5TL"/>
<feature name="com.htc.software.A5UL"/>
<feature name="com.htc.software.ACADIAUHL"/>
<feature name="com.htc.software.ACADIAWHL"/>
<feature name="com.htc.software.ARA"/>
<feature name="com.htc.software.ATT"/>
<feature name="com.htc.software.AlpineDUGL"/>
<feature name="com.htc.software.AlpineUHL"/>
<feature name="com.htc.software.Asia"/>
<feature name="com.htc.software.B2UHL"/>
<feature name="com.htc.software.B2WLJ"/>
<feature name="com.htc.software.B3UHL"/>
<feature name="com.htc.software.B3UHLASIA"/>
<feature name="com.htc.software.Boost"/>
<feature name="com.htc.software.BrightStarUS"/>
<feature name="com.htc.software.C3DUG"/>
<feature name="com.htc.software.CHS"/>
<feature name="com.htc.software.CHT"/>
<feature name="com.htc.software.CMCC"/>
<feature name="com.htc.software.CP2DUG"/>
<feature name="com.htc.software.CP2U"/>
<feature name="com.htc.software.CP3DCG"/>
<feature name="com.htc.software.CP3DTG"/>
<feature name="com.htc.software.CP3DUG"/>
<feature name="com.htc.software.CT"/>
<feature name="com.htc.software.CU"/>
<feature name="com.htc.software.CricketUS"/>
<feature name="com.htc.software.CsnDUG"/>
<feature name="com.htc.software.CsnU"/>
<feature name="com.htc.software.DE"/>
<feature name="com.htc.software.DlpDTU"/>
<feature name="com.htc.software.DlpDUG"/>
<feature name="com.htc.software.DlpDWG"/>
<feature name="com.htc.software.Dlx"/>
<feature name="com.htc.software.DlxJ"/>
<feature name="com.htc.software.DlxU"/>
<feature name="com.htc.software.DlxUB1"/>
<feature name="com.htc.software.DlxpUL"/>
<feature name="com.htc.software.E36MLUHL"/>
<feature name="com.htc.software.E36MLUL"/>
<feature name="com.htc.software.E56MLDTUL"/>
<feature name="com.htc.software.E56MLTUHL"/>
<feature name="com.htc.software.E66DTWL"/>
<feature name="com.htc.software.E66DUGL"/>
<feature name="com.htc.software.E66UHL"/>
<feature name="com.htc.software.EXODUGL"/>
<feature name="com.htc.software.EndeavorU"/>
<feature name="com.htc.software.EnrC2B"/>
<feature name="com.htc.software.Evita"/>
<feature name="com.htc.software.EvitaUTL"/>
<feature name="com.htc.software.EvitareUL"/>
<feature name="com.htc.software.EyeTUHL"/>
<feature name="com.htc.software.EyeUL"/>
<feature name="com.htc.software.EyeULATT"/>
<feature name="com.htc.software.FET"/>
<feature name="com.htc.software.Fireball"/>
<feature name="com.htc.software.G3U"/>
<feature name="com.htc.software.GPSense"/>
<feature name="com.htc.software.H3G"/>
<feature name="com.htc.software.HIAAEROTUHL"/>
<feature name="com.htc.software.HIAAEROUHL"/>
<feature name="com.htc.software.HIAAEROULATT"/>
<feature name="com.htc.software.HIAAEROWHL"/>
<feature name="com.htc.software.HIACMLDTUL"/>
<feature name="com.htc.software.HIAUMLTUHL"/>
<feature name="com.htc.software.HIAURMLTUHL"/>
<feature name="com.htc.software.HIMAR2MLUHL"/>
<feature name="com.htc.software.HIMARMLUHL"/>
<feature name="com.htc.software.HIMAUHL"/>
<feature name="com.htc.software.HIMAULATT"/>
<feature name="com.htc.software.HIMAULTMO"/>
<feature name="com.htc.software.HIMAULTRAMLFHDTUHL"/>
<feature name="com.htc.software.HIMAWHL"/>
<feature name="com.htc.software.HIMAWL"/>
<feature name="com.htc.software.HK"/>
<feature name="com.htc.software.HTC"/>
<feature name="com.htc.software.HarmonyDTWL"/>
<feature name="com.htc.software.HarmonyDUGL"/>
<feature name="com.htc.software.HtcSense8.0"/>
<feature name="com.htc.software.IHSense"/>
<feature name="com.htc.software.IMEDTWL"/>
<feature name="com.htc.software.IMEDUGL"/>
<feature name="com.htc.software.IMEUHL"/>
<feature name="com.htc.software.IMEUHLJAPAN"/>
<feature name="com.htc.software.IND"/>
<feature name="com.htc.software.ImnJ"/>
<feature name="com.htc.software.Jewel"/>
<feature name="com.htc.software.K2cl"/>
<feature name="com.htc.software.K2plccl"/>
<feature name="com.htc.software.K2u"/>
<feature name="com.htc.software.K2ul"/>
<feature name="com.htc.software.KDDI"/>
<feature name="com.htc.software.M4UL"/>
<feature name="com.htc.software.M7CDTU"/>
<feature name="com.htc.software.M7CDUG"/>
<feature name="com.htc.software.M7CDWG"/>
<feature name="com.htc.software.M7wlj"/>
<feature name="com.htc.software.M7wls"/>
<feature name="com.htc.software.M7wlv"/>
<feature name="com.htc.software.M8DUGL"/>
<feature name="com.htc.software.M8DWGL"/>
<feature name="com.htc.software.M8EyeTUHL"/>
<feature name="com.htc.software.M8EyeUHL"/>
<feature name="com.htc.software.M8QLUL"/>
<feature name="com.htc.software.M8TL"/>
<feature name="com.htc.software.M8UL"/>
<feature name="com.htc.software.M8WHL"/>
<feature name="com.htc.software.M8WL"/>
<feature name="com.htc.software.MECDUGL"/>
<feature name="com.htc.software.MECDWGL"/>
<feature name="com.htc.software.MECTL"/>
<feature name="com.htc.software.MECUL"/>
<feature name="com.htc.software.MECULEmea"/>
<feature name="com.htc.software.MECWHL"/>
<feature name="com.htc.software.MEMUL"/>
<feature name="com.htc.software.MEMWL"/>
<feature name="com.htc.software.MagniDS"/>
<feature name="com.htc.software.MystUL"/>
<feature name="com.htc.software.O2"/>
<feature name="com.htc.software.OCEANDUGL"/>
<feature name="com.htc.software.ODF"/>
<feature name="com.htc.software.OceanDTWL"/>
<feature name="com.htc.software.OceanLifeUHL"/>
<feature name="com.htc.software.OceanLifeUHLJAPAN"/>
<feature name="com.htc.software.OceanLifeUL"/>
<feature name="com.htc.software.OceanMDTWL"/>
<feature name="com.htc.software.OceanMDUGL"/>
<feature name="com.htc.software.OceanNoteDTWL"/>
<feature name="com.htc.software.OceanNoteDUGL"/>
<feature name="com.htc.software.OceanNoteUHL"/>
<feature name="com.htc.software.OceanUHL"/>
<feature name="com.htc.software.OceanUHLJAPAN"/>
<feature name="com.htc.software.OceanWHL"/>
<feature name="com.htc.software.Orange"/>
<feature name="com.htc.software.PMEC2TUHL"/>
<feature name="com.htc.software.PMEUHL"/>
<feature name="com.htc.software.PMEUHLJAPAN"/>
<feature name="com.htc.software.PMEULONEBOM"/>
<feature name="com.htc.software.PMEWHL"/>
<feature name="com.htc.software.PlayGroup1"/>
<feature name="com.htc.software.ProtoDCG"/>
<feature name="com.htc.software.ProtoDUG"/>
<feature name="com.htc.software.ProtoU"/>
<feature name="com.htc.software.RTX"/>
<feature name="com.htc.software.SFR"/>
<feature name="com.htc.software.Sense4.0"/>
<feature name="com.htc.software.Sense4.5"/>
<feature name="com.htc.software.Sense5.0"/>
<feature name="com.htc.software.Sense5.1"/>
<feature name="com.htc.software.Sense5.2"/>
<feature name="com.htc.software.Sense5.3"/>
<feature name="com.htc.software.Sense5.5"/>
<feature name="com.htc.software.Sense6.0"/>
<feature name="com.htc.software.Sense7.0"/>
<feature name="com.htc.software.Sense8.0"/>
<feature name="com.htc.software.Sense8.3"/>
<feature name="com.htc.software.Sprint"/>
<feature name="com.htc.software.T6DUG"/>
<feature name="com.htc.software.T6DWG"/>
<feature name="com.htc.software.T6TL"/>
<feature name="com.htc.software.T6UHL"/>
<feature name="com.htc.software.T6UL"/>
<feature name="com.htc.software.T6WHL"/>
<feature name="com.htc.software.T6WL"/>
<feature name="com.htc.software.TMI"/>
<feature name="com.htc.software.TW"/>
<feature name="com.htc.software.Tim"/>
<feature name="com.htc.software.TotemC2"/>
<feature name="com.htc.software.UK"/>
<feature name="com.htc.software.V01AU"/>
<feature name="com.htc.software.V01U"/>
<feature name="com.htc.software.V02DUG"/>
<feature name="com.htc.software.V0DUG"/>
<feature name="com.htc.software.V1DUG"/>
<feature name="com.htc.software.V1U"/>
<feature name="com.htc.software.V2C"/>
<feature name="com.htc.software.V2DCG"/>
<feature name="com.htc.software.V2DTG"/>
<feature name="com.htc.software.V2DUG"/>
<feature name="com.htc.software.V36BMLDUGL"/>
<feature name="com.htc.software.V36BMLUHL"/>
<feature name="com.htc.software.VILLE"/>
<feature name="com.htc.software.VMUS"/>
<feature name="com.htc.software.VNM"/>
<feature name="com.htc.software.Valentewx"/>
<feature name="com.htc.software.Valentewxc9"/>
<feature name="com.htc.software.Verizon"/>
<feature name="com.htc.software.VilleC2"/>
<feature name="com.htc.software.VodaFone"/>
<feature name="com.htc.software.WWE"/>
<feature name="com.htc.software.Z4DUG"/>
<feature name="com.htc.software.Z4U"/>
<feature name="com.htc.software.ZaraCL"/>
<feature name="com.htc.software.ZaraDUG"/>
<feature name="com.htc.software.ZaraUL"/>
<feature name="com.htc.software.ZaraWL"/>
<feature name="com.htc.software.aod"/>
<feature name="com.htc.software.exouhl"/>
<feature name="com.htc.software.hdk"/>
<feature name="com.htc.software.hdk2"/>
<feature name="com.htc.software.hdk3"/>
<feature name="com.htc.software.screencapture"/>
<feature name="com.htc.software.seconddisplay.alwayson"/>
<feature name="com.htc.software.seconddisplay.externalbar"/>
<feature name="com.htc.sunny2"/>
<feature name="com.htc.voicedictation_c"/>
<feature name="com.htc.vte"/>
<feature name="com.cisco.anyconnect.permissions.patch.htc"/>
</config>
