<?xml version="1.0" encoding="utf-8"?>
<config>
	<feature name="com.motorola.actions"/>
	<feature name="com.motorola.actions.2017"/>
	<feature name="com.motorola.aiservices"/>
	<feature name="com.motorola.android.providers.userpreferredsim"/>
	<feature name="com.motorola.aon.quickpeek"/>
	<feature name="com.motorola.aov.ap_v1"/>
	<feature name="com.motorola.aov.ap_v2"/>
	<feature name="com.motorola.aov.ap_v3"/>
	<feature name="com.motorola.aov.ap_v4"/>
	<feature name="com.motorola.aov.bt_sco_v1"/>
	<feature name="com.motorola.aov.dsp_v1"/>
	<feature name="com.motorola.aov.dsp_v2"/>
	<feature name="com.motorola.aov.dsp_v3"/>
	<feature name="com.motorola.aov.dsp_v4"/>
	<feature name="com.motorola.appforecast"/>
	<feature name="com.motorola.appforecast.RAM_DISK"/>
	<feature name="com.motorola.arselfie"/>
	<feature name="com.motorola.avatar"/>
	<feature name="com.motorola.bettertogether"/>
	<feature name="com.motorola.blur.helpcenter"/>
	<feature name="com.motorola.camera"/>
	<feature name="com.motorola.camera.chalmers"/>
	<feature name="com.motorola.camera2"/>
	<feature name="com.motorola.camera2.content.ai"/>
	<feature name="com.motorola.camera2.denali"/>
	<feature name="com.motorola.camera2.denali32"/>
	<feature name="com.motorola.camera2.hallasan"/>
	<feature name="com.motorola.camera2.jade"/>
	<feature name="com.motorola.camera2.jade32"/>
	<feature name="com.motorola.camera2.logan"/>
	<feature name="com.motorola.camera2.nevis"/>
	<feature name="com.motorola.camera2.whitney"/>
	<feature name="com.motorola.camera2.whitney32"/>
	<feature name="com.motorola.camera3"/>
	<feature name="com.motorola.camera3.austin"/>
	<feature name="com.motorola.camera3.berlin"/>
	<feature name="com.motorola.camera3.berlna"/>
	<feature name="com.motorola.camera3.borneo"/>
	<feature name="com.motorola.camera3.capri"/>
	<feature name="com.motorola.camera3.caprip"/>
	<feature name="com.motorola.camera3.cebu"/>
	<feature name="com.motorola.camera3.cofud"/>
	<feature name="com.motorola.camera3.coful"/>
	<feature name="com.motorola.camera3.content.ai"/>
	<feature name="com.motorola.camera3.corfu"/>
	<feature name="com.motorola.camera3.corfur"/>
	<feature name="com.motorola.camera3.cypfq"/>
	<feature name="com.motorola.camera3.denver"/>
	<feature name="com.motorola.camera3.ellis"/>
	<feature name="com.motorola.camera3.guam"/>
	<feature name="com.motorola.camera3.guamna"/>
	<feature name="com.motorola.camera3.hanoip"/>
	<feature name="com.motorola.camera3.hiphi"/>
	<feature name="com.motorola.camera3.hiphic"/>
	<feature name="com.motorola.camera3.hiphid"/>
	<feature name="com.motorola.camera3.ibiza"/>
	<feature name="com.motorola.camera3.kiev"/>
	<feature name="com.motorola.camera3.kievv"/>
	<feature name="com.motorola.camera3.kyoto"/>
	<feature name="com.motorola.camera3.lisbon"/>
	<feature name="com.motorola.camera3.milan"/>
	<feature name="com.motorola.camera3.minsk"/>
	<feature name="com.motorola.camera3.nio"/>
	<feature name="com.motorola.camera3.pstar"/>
	<feature name="com.motorola.camera3.rhode"/>
	<feature name="com.motorola.camera3.saipan"/>
	<feature name="com.motorola.camera3.smith"/>
	<feature name="com.motorola.camera3.tonga"/>
	<feature name="com.motorola.camera3.xpeng"/>
	<feature name="com.motorola.cameraone"/>
	<feature name="com.motorola.cameraonemtk"/>
	<feature name="com.motorola.context"/>
	<feature name="com.motorola.deviceauthenticator"/>
	<feature name="com.motorola.easyprefix"/>
	<feature name="com.motorola.email"/>
	<feature name="com.motorola.enterprise"/>
	<feature name="com.motorola.extensions.tracfone.features.uniquekey"/>
	<feature name="com.motorola.faceunlock"/>
	<feature name="com.motorola.filemanager.phoenix"/>
	<feature name="com.motorola.game_moment"/>
	<feature name="com.motorola.gesture.cli.partial"/>
	<feature name="com.motorola.gifmaker"/>
	<feature name="com.motorola.groupimageviewer"/>
	<feature name="com.motorola.guideme"/>
	<feature name="com.motorola.haptic"/>
	<feature name="com.motorola.hardware.5gmod"/>
	<feature name="com.motorola.hardware.CIR"/>
	<feature name="com.motorola.hardware.CIR.UEI"/>
	<feature name="com.motorola.hardware.cli"/>
	<feature name="com.motorola.hardware.active_stylus"/>
	<feature name="com.motorola.hardware.display.camera_notch"/>
	<feature name="com.motorola.hardware.dtv"/>
	<feature name="com.motorola.hardware.fingerprint"/>
	<feature name="com.motorola.hardware.mods"/>
	<feature name="com.motorola.hardware.mods_v2"/>
	<feature name="com.motorola.hardware.tier."/>
	<feature name="com.motorola.hardware.tier.E"/>
	<feature name="com.motorola.hardware.tier.G"/>
	<feature name="com.motorola.hardware.tier.K"/>
	<feature name="com.motorola.hardware.tier.One"/>
	<feature name="com.motorola.hardware.tier.X"/>
	<feature name="com.motorola.hardware.tier.Z"/>
	<feature name="com.motorola.hardware.wave.0"/>
	<feature name="com.motorola.hardware.wave.2015.1"/>
	<feature name="com.motorola.hardware.wave.2015.2"/>
	<feature name="com.motorola.hardware.wave.2016.1"/>
	<feature name="com.motorola.hardware.wave.2017.1"/>
	<feature name="com.motorola.hardware.wave.2017.2"/>
	<feature name="com.motorola.hardware.wave.2017.3"/>
	<feature name="com.motorola.hardware.wave.2018.1"/>
	<feature name="com.motorola.hardware.wave.2018.2"/>
	<feature name="com.motorola.hardware.wave.2018.3"/>
	<feature name="com.motorola.hardware.wave.2018.4"/>
	<feature name="com.motorola.hardware.wave.2019.1"/>
	<feature name="com.motorola.hardware.wave.2019.2"/>
	<feature name="com.motorola.hardware.wave.2019.3"/>
	<feature name="com.motorola.hardware.wireless_power_share"/>
	<feature name="com.motorola.help"/>
	<feature name="com.motorola.help.extlog"/>
	<feature name="com.motorola.launcher3"/>
	<feature name="com.motorola.launcher3.customdarktheme"/>
	<feature name="com.motorola.launcher3.delete"/>
	<feature name="com.motorola.launcher3.googlehomemigration"/>
	<feature name="com.motorola.launcher3.gridcustomization"/>
	<feature name="com.motorola.launcher3.twoline"/>
	<feature name="com.motorola.launcher3.whitetheme"/>
	<feature name="com.motorola.lmi.rescue"/>
	<feature name="com.motorola.marleyenrollmentservice.enrollment_service"/>
	<feature name="com.motorola.maya"/>
	<feature name="com.motorola.messaging"/>
	<feature name="com.motorola.messaging.att"/>
	<feature name="com.motorola.motcameradesktop"/>
	<feature name="com.motorola.motgallery"/>
	<feature name="com.motorola.motgallery2"/>
	<feature name="com.motorola.motmusic"/>
	<feature name="com.motorola.moto"/>
	<feature name="com.motorola.moto.MOTO_VOICE_DISABLED_4_3"/>
	<feature name="com.motorola.moto.MOTO_VOICE_ENABLED_4_2"/>
	<feature name="com.motorola.moto.uirefresh"/>
	<feature name="com.motorola.moto.value"/>
	<feature name="com.motorola.moto.value2018"/>
	<feature name="com.motorola.motoalexa"/>
	<feature name="com.motorola.motoalexa.amokhybrid"/>
	<feature name="com.motorola.motodisplay.6.0"/>
	<feature name="com.motorola.motodisplay.doze"/>
	<feature name="com.motorola.motodisplay.doze.glimpse"/>
	<feature name="com.motorola.motoemail"/>
	<feature name="com.motorola.motokey"/>
	<feature name="com.motorola.motokey.fpsfallback"/>
	<feature name="com.motorola.motokey.mkprovider"/>
	<feature name="com.motorola.motolivewallpaper"/>
	<feature name="com.motorola.motolivewallpaper.support.astro"/>
	<feature name="com.motorola.motolivewallpaper.support.guam"/>
	<feature name="com.motorola.motolivewallpaper.support.guamp"/>
	<feature name="com.motorola.motolivewallpaper.support.liber"/>
	<feature name="com.motorola.motolivewallpaper.support.nairo"/>
	<feature name="com.motorola.motolivewallpaper.support.nairo_retail"/>
	<feature name="com.motorola.motolivewallpaper.support.odessa"/>
	<feature name="com.motorola.motolivewallpaper.support.racer"/>
	<feature name="com.motorola.motolivewallpaper.support.twilight_twist"/>
	<feature name="com.motorola.motolivewallpaper.support.voyager"/>
	<feature name="com.motorola.motolivewallpaper3.support.chroma_plume"/>
	<feature name="com.motorola.motolivewallpaper3.support.titan"/>
	<feature name="com.motorola.motolivewallpaper3.support.twilight_twist"/>
	<feature name="com.motorola.motosignature"/>
	<feature name="com.motorola.mototour"/>
	<feature name="com.motorola.motovoicelite.aov_ttm"/>
	<feature name="com.motorola.msimsettings"/>
	<feature name="com.motorola.nfcauthenticator"/>
	<feature name="com.motorola.nuance.vsuiteapp"/>
	<feature name="com.motorola.photoeditor"/>
	<feature name="com.motorola.readyfor"/>
	<feature name="com.motorola.readyforservice"/>
	<feature name="com.motorola.retrogames.astro.1.0"/>
	<feature name="com.motorola.screenshoteditor"/>
	<feature name="com.motorola.sdencryption"/>
	<feature name="com.motorola.sensorhub.msp430.mr2"/>
	<feature name="com.motorola.sensorhub.stm401"/>
	<feature name="com.motorola.sensorhub.stml0"/>
	<feature name="com.motorola.sensorhub.stml0xx"/>
	<feature name="com.motorola.sensorhub.stml47x"/>
	<feature name="com.motorola.settings.display_metrics_on_lid_state_change"/>
	<feature name="com.motorola.simmanager"/>
	<feature name="com.motorola.situation.library"/>
	<feature name="com.motorola.smartaction"/>
	<feature name="com.motorola.smartaction.kk"/>
	<feature name="com.motorola.smartaction2"/>
	<feature name="com.motorola.smartactions2_1.1"/>
	<feature name="com.motorola.smartcardock"/>
	<feature name="com.motorola.smartdock"/>
	<feature name="com.motorola.smartmode"/>
	<feature name="com.motorola.software.DirectedSMSProxy"/>
	<feature name="com.motorola.software.PRELOADS_REQUIRE_PERMISSION_PROMPTS"/>
	<feature name="com.motorola.software.RESTRICTED_GOOGLE_ACCESS"/>
	<feature name="com.motorola.software.alwaysondisplay"/>
	<feature name="com.motorola.software.audiofx"/>
	<feature name="com.motorola.software.audiorecorder"/>
	<feature name="com.motorola.software.bodyguard"/>
	<feature name="com.motorola.software.device.addison"/>
	<feature name="com.motorola.software.device.ahannah"/>
	<feature name="com.motorola.software.device.albus"/>
	<feature name="com.motorola.software.device.ali"/>
	<feature name="com.motorola.software.device.aljeter"/>
	<feature name="com.motorola.software.device.athene"/>
	<feature name="com.motorola.software.device.beckham"/>
	<feature name="com.motorola.software.device.brady"/>
	<feature name="com.motorola.software.device.cedric"/>
	<feature name="com.motorola.software.device.chef"/>
	<feature name="com.motorola.software.device.clark"/>
	<feature name="com.motorola.software.device.clark_ds"/>
	<feature name="com.motorola.software.device.condor_cdma"/>
	<feature name="com.motorola.software.device.condor_udstv"/>
	<feature name="com.motorola.software.device.condor_umts"/>
	<feature name="com.motorola.software.device.condor_umtsds"/>
	<feature name="com.motorola.software.device.deen"/>
	<feature name="com.motorola.software.device.evert"/>
	<feature name="com.motorola.software.device.falcon_cdma"/>
	<feature name="com.motorola.software.device.falcon_umts"/>
	<feature name="com.motorola.software.device.falcon_umtsds"/>
	<feature name="com.motorola.software.device.ghost"/>
	<feature name="com.motorola.software.device.griffin"/>
	<feature name="com.motorola.software.device.hannah"/>
	<feature name="com.motorola.software.device.harpia"/>
	<feature name="com.motorola.software.device.james"/>
	<feature name="com.motorola.software.device.jeter"/>
	<feature name="com.motorola.software.device.kane"/>
	<feature name="com.motorola.software.device.kinzie"/>
	<feature name="com.motorola.software.device.kinzie_uds"/>
	<feature name="com.motorola.software.device.kungfu_m"/>
	<feature name="com.motorola.software.device.lake"/>
	<feature name="com.motorola.software.device.lux"/>
	<feature name="com.motorola.software.device.lux_uds"/>
	<feature name="com.motorola.software.device.manning"/>
	<feature name="com.motorola.software.device.marino"/>
	<feature name="com.motorola.software.device.merlin"/>
	<feature name="com.motorola.software.device.messi"/>
	<feature name="com.motorola.software.device.montana"/>
	<feature name="com.motorola.software.device.moto360"/>
	<feature name="com.motorola.software.device.nash"/>
	<feature name="com.motorola.software.device.nicklaus"/>
	<feature name="com.motorola.software.device.nora"/>
	<feature name="com.motorola.software.device.nora_8917"/>
	<feature name="com.motorola.software.device.obake"/>
	<feature name="com.motorola.software.device.osprey_cdma"/>
	<feature name="com.motorola.software.device.osprey_u2"/>
	<feature name="com.motorola.software.device.osprey_ud2"/>
	<feature name="com.motorola.software.device.osprey_uds"/>
	<feature name="com.motorola.software.device.osprey_udstv"/>
	<feature name="com.motorola.software.device.osprey_umts"/>
	<feature name="com.motorola.software.device.otus"/>
	<feature name="com.motorola.software.device.otus_ds"/>
	<feature name="com.motorola.software.device.owens"/>
	<feature name="com.motorola.software.device.payton"/>
	<feature name="com.motorola.software.device.payton_sprout"/>
	<feature name="com.motorola.software.device.peregrine"/>
	<feature name="com.motorola.software.device.perry"/>
	<feature name="com.motorola.software.device.pettyl"/>
	<feature name="com.motorola.software.device.potter"/>
	<feature name="com.motorola.software.device.quark"/>
	<feature name="com.motorola.software.device.quark_umts"/>
	<feature name="com.motorola.software.device.rhannah"/>
	<feature name="com.motorola.software.device.rjames"/>
	<feature name="com.motorola.software.device.rjames_go"/>
	<feature name="com.motorola.software.device.sanders"/>
	<feature name="com.motorola.software.device.shamu_t"/>
	<feature name="com.motorola.software.device.smelt"/>
	<feature name="com.motorola.software.device.sperry"/>
	<feature name="com.motorola.software.device.surfna"/>
	<feature name="com.motorola.software.device.surnia_cdma"/>
	<feature name="com.motorola.software.device.surnia_uds"/>
	<feature name="com.motorola.software.device.surnia_udstv"/>
	<feature name="com.motorola.software.device.surnia_umts"/>
	<feature name="com.motorola.software.device.thea"/>
	<feature name="com.motorola.software.device.thea_ds"/>
	<feature name="com.motorola.software.device.thea_umtsds"/>
	<feature name="com.motorola.software.device.titan_udstv"/>
	<feature name="com.motorola.software.device.titan_umts"/>
	<feature name="com.motorola.software.device.titan_umtsds"/>
	<feature name="com.motorola.software.device.victara"/>
	<feature name="com.motorola.software.device.woods"/>
	<feature name="com.motorola.software.dolbyui"/>
	<feature name="com.motorola.software.droid_line"/>
	<feature name="com.motorola.software.feature.waterfall.window_flag_skip_screenshot"/>
	<feature name="com.motorola.software.feature.window_flag_skip_screenshot"/>
	<feature name="com.motorola.software.fmplayermtk"/>
	<feature name="com.motorola.software.fmradioservice"/>
	<feature name="com.motorola.software.fmrecording"/>
	<feature name="com.motorola.software.folio"/>
	<feature name="com.motorola.software.game_mode"/>
	<feature name="com.motorola.software.guideme"/>
	<feature name="com.motorola.software.leanback_launcher"/>
	<feature name="com.motorola.software.modality"/>
	<feature name="com.motorola.software.motoaudio.motowaves"/>
	<feature name="com.motorola.software.motodisplay.fd.screenoff"/>
	<feature name="com.motorola.software.motodisplay.pd.screenoff"/>
	<feature name="com.motorola.software.motoedgeassistant"/>
	<feature name="com.motorola.software.motofpstouch"/>
	<feature name="com.motorola.software.motointelligence"/>
	<feature name="com.motorola.software.motosound"/>
	<feature name="com.motorola.software.motosound.8.0"/>
	<feature name="com.motorola.software.mya"/>
	<feature name="com.motorola.software.mya.callinmeeting"/>
	<feature name="com.motorola.software.notification"/>
	<feature name="com.motorola.software.product.addison_verizon"/>
	<feature name="com.motorola.software.product.ahannah_retcn"/>
	<feature name="com.motorola.software.product.albus_retail"/>
	<feature name="com.motorola.software.product.ali_retail"/>
	<feature name="com.motorola.software.product.aljeter_retail"/>
	<feature name="com.motorola.software.product.athene_retail"/>
	<feature name="com.motorola.software.product.beckham_retail"/>
	<feature name="com.motorola.software.product.brady_retail"/>
	<feature name="com.motorola.software.product.cedric_retail"/>
	<feature name="com.motorola.software.product.chef_cmcc"/>
	<feature name="com.motorola.software.product.clark_retar"/>
	<feature name="com.motorola.software.product.clark_retla_ds"/>
	<feature name="com.motorola.software.product.condor_repw"/>
	<feature name="com.motorola.software.product.condor_retaildsds"/>
	<feature name="com.motorola.software.product.condor_retbr_tv_ds"/>
	<feature name="com.motorola.software.product.condor_tefla"/>
	<feature name="com.motorola.software.product.deen_retcn"/>
	<feature name="com.motorola.software.product.evert_retail"/>
	<feature name="com.motorola.software.product.falcon_amxbr_ds"/>
	<feature name="com.motorola.software.product.falcon_iusmx_fe"/>
	<feature name="com.motorola.software.product.falcon_usc"/>
	<feature name="com.motorola.software.product.ghost_verizon"/>
	<feature name="com.motorola.software.product.griffin_verizon"/>
	<feature name="com.motorola.software.product.hannah_sprint"/>
	<feature name="com.motorola.software.product.harpia_retail"/>
	<feature name="com.motorola.software.product.james_retail"/>
	<feature name="com.motorola.software.product.jeter_retail"/>
	<feature name="com.motorola.software.product.kane_retcn"/>
	<feature name="com.motorola.software.product.kinzie_retmx_ds"/>
	<feature name="com.motorola.software.product.kinzie_verizon"/>
	<feature name="com.motorola.software.product.kungfu_m"/>
	<feature name="com.motorola.software.product.lake_retcn"/>
	<feature name="com.motorola.software.product.lux_retail_ds"/>
	<feature name="com.motorola.software.product.lux_retla"/>
	<feature name="com.motorola.software.product.manning_retail"/>
	<feature name="com.motorola.software.product.marino_retail"/>
	<feature name="com.motorola.software.product.merlin_retasia"/>
	<feature name="com.motorola.software.product.messi_verizon"/>
	<feature name="com.motorola.software.product.montana_retail"/>
	<feature name="com.motorola.software.product.montana_retlock"/>
	<feature name="com.motorola.software.product.nash_retail"/>
	<feature name="com.motorola.software.product.nicklaus_retail"/>
	<feature name="com.motorola.software.product.nora_row"/>
	<feature name="com.motorola.software.product.nora_trac"/>
	<feature name="com.motorola.software.product.obake_verizon"/>
	<feature name="com.motorola.software.product.osprey_retasia_ds"/>
	<feature name="com.motorola.software.product.osprey_retasia_ds_2gb"/>
	<feature name="com.motorola.software.product.osprey_retbr_dstv"/>
	<feature name="com.motorola.software.product.osprey_reteu"/>
	<feature name="com.motorola.software.product.osprey_retla_na_2gb"/>
	<feature name="com.motorola.software.product.osprey_usc"/>
	<feature name="com.motorola.software.product.otus_niibr_ds"/>
	<feature name="com.motorola.software.product.otus_retuglb"/>
	<feature name="com.motorola.software.product.owens_verizon"/>
	<feature name="com.motorola.software.product.payton_fi"/>
	<feature name="com.motorola.software.product.payton_retail"/>
	<feature name="com.motorola.software.product.peregrine_tefla"/>
	<feature name="com.motorola.software.product.perry_metropcs"/>
	<feature name="com.motorola.software.product.perry_verizon"/>
	<feature name="com.motorola.software.product.pettyl"/>
	<feature name="com.motorola.software.product.potter_amz"/>
	<feature name="com.motorola.software.product.potter_retail"/>
	<feature name="com.motorola.software.product.quark_niibr"/>
	<feature name="com.motorola.software.product.quark_verizon"/>
	<feature name="com.motorola.software.product.rhannah_retail"/>
	<feature name="com.motorola.software.product.rjames_go_vzw"/>
	<feature name="com.motorola.software.product.rjames_retail"/>
	<feature name="com.motorola.software.product.sanders_retail"/>
	<feature name="com.motorola.software.product.shamu_retcn"/>
	<feature name="com.motorola.software.product.sperry_sprint"/>
	<feature name="com.motorola.software.product.surfna_vzw"/>
	<feature name="com.motorola.software.product.surnia_lra"/>
	<feature name="com.motorola.software.product.surnia_retbr_ds"/>
	<feature name="com.motorola.software.product.surnia_retbr_dstv"/>
	<feature name="com.motorola.software.product.surnia_retla"/>
	<feature name="com.motorola.software.product.thea_retasia_ds"/>
	<feature name="com.motorola.software.product.thea_retbr_ds"/>
	<feature name="com.motorola.software.product.thea_retes"/>
	<feature name="com.motorola.software.product.titan_retbr_ds"/>
	<feature name="com.motorola.software.product.titan_retbr_dstv"/>
	<feature name="com.motorola.software.product.titan_retmx"/>
	<feature name="com.motorola.software.product.victara_retbr"/>
	<feature name="com.motorola.software.product.woods_retail"/>
	<feature name="com.motorola.software.smartnotifications"/>
	<feature name="com.motorola.software.sprint.hd_call"/>
	<feature name="com.motorola.software.sprint.hidden_menu"/>
	<feature name="com.motorola.software.storageoptimizer"/>
	<feature name="com.motorola.software.watch"/>
	<feature name="com.motorola.software.x_line"/>
	<feature name="com.motorola.stylus"/>
	<feature name="com.motorola.suggestions"/>
	<feature name="com.motorola.targetnotif"/>
	<feature name="com.motorola.timeweatherwidget"/>
	<feature name="com.motorola.timezonedata.SUPPORTED"/>
	<feature name="com.motorola.triggerenroll.ap_v1"/>
	<feature name="com.motorola.triggerenroll.dsp_v1"/>
	<feature name="com.motorola.trustagents"/>
	<feature name="com.motorola.ts.camera"/>
	<feature name="com.motorola.tts"/>
	<feature name="com.motorola.vpn.cisco"/>
	<feature name="com.motorola.vpn.juniper"/>
	<feature name="com.motorola.vpn.safenet"/>
	<feature name="com.motorola.watch"/>
	<feature name="com.motorola.wirelessdisplay"/>
	<feature name="com.motorola.zap"/>
	<feature name="com.motorolasolutions.software.enterprise.applist"/>
	<feature name="com.motorolasolutions.software.enterprise.applock"/>
	<feature name="com.motorolasolutions.software.enterprise.multiuser"/>
	<feature name="com.motorolasolutions.software.enterprise.securestorage"/>
</config>
