<?xml version="1.0" encoding="utf-8"?>
<config>
	<feature name="com.oneplus.mobilephone"/>
	<feature name="com.oneplus.software.oos"/>
	<feature name="com.oneplus.software.oos.11"/>
	<feature name="com.oneplus.software.oos.n_theme_ready"/>
	<feature name="com.oneplus.software.overseas"/>
	<feature name="com.oneplus.software.overseas.ea"/>
	<feature name="com.oneplus.software.overseas.eu"/>
	<feature name="com.oneplus.software.overseas.in"/>
	<feature name="com.oneplus.software.overseas.na"/>
	<feature name="com.oplus.android.feature.PAI"/>
	<feature name="com.oplus.software.overseas.afteroos113"/>
	<feature name="oplus.all.client"/>
	<feature name="oplus.ams.act.freqcontrol"/>
	<feature name="oplus.camera.antishake.support"/>
	<feature name="oplus.camera.disablevibrateincall.support"/>
	<feature name="oplus.engineermode.short.version.number"/>
	<feature name="oplus.heysynergy.pcconnect.disable"/>
	<feature name="oplus.hw.manufacturer.qualcomm"/>
	<feature name="oplus.lcd.first.tp.last.support"/>
	<feature name="oplus.lightweight.animation.support"/>
	<feature name="oplus.midas.support"/>
	<feature name="oplus.misc.lights.support"/>
	<feature name="oplus.multiuser.wfd.notsupport"/>
	<feature name="oplus.network.sar.earpiece.detect.support"/>
	<feature name="oplus.network.tempdds.support"/>
	<feature name="oplus.obrain.support"/>
	<feature name="oplus.phone.support_5g_nrmode"/>
	<feature name="oplus.qualcomm.gemini.support"/>
	<feature name="oplus.secrecy.support"/>
	<feature name="com.games.oneplus"/>
	<feature name="com.games.oppo"/>
</config>
