<?xml version="1.0" encoding="utf-8"?>
<config>
    <feature name="samsung.feature.drm.playready"/>
	<feature name="samsung.feature.drm.playready_DLA"/>
	<feature name="samsung.feature.octa"/>
	<feature name="samsung.hardware.video.hdmiout"/>
	<feature name="samsung.moreservice.googleplay"/>
	<feature name="samsung.software.mediahub"/>
	<feature name="samsung.software.mediahub.CaffeLatte"/>
	<feature name="samsung.software.mediahub.att.carrierbilling"/>
	<feature name="samsung.software.mediahub.ics"/>
	<feature name="samsung.software.mediahub.mw.v1"/>
	<feature name="samsung.software.smartview"/>
	<feature name="samsung.software.smartview.phone"/>
	<feature name="samsung.software.smartview.trustzone"/>
	<feature name="samsung.software.video.hd"/>
	<feature name="com.sec.android.mdm"/>
	<feature name="com.sec.android.secimaging"/>
	<feature name="com.sec.android.secimaging.faceAR"/>
	<feature name="com.sec.android.smartface.smart_pause"/>
	<feature name="com.sec.android.smartface.smart_rotation"/>
	<feature name="com.sec.android.smartface.smart_scroll"/>
	<feature name="com.sec.android.smartface.smart_stay"/>
	<feature name="com.sec.feature.aircommand_v02"/>
	<feature name="com.sec.feature.barcode_emulator"/>
	<feature name="com.sec.feature.call_vt_support"/>
	<feature name="com.sec.feature.cocktailbar"/>
	<feature name="com.sec.feature.cocktailpanel"/>
	<feature name="com.sec.feature.edge_v03"/>
	<feature name="com.sec.feature.findo"/>
	<feature name="com.sec.feature.flashbar"/>
	<feature name="com.sec.feature.floating_side_softkey"/>
	<feature name="com.sec.feature.gearmanager"/>
	<feature name="com.sec.feature.hovering_ui"/>
	<feature name="com.sec.feature.irda_service"/>
	<feature name="com.sec.feature.lotus"/>
	<feature name="com.sec.feature.magazine"/>
	<feature name="com.sec.feature.magazine.home"/>
	<feature name="com.sec.feature.minimode"/>
	<feature name="com.sec.feature.minimode_tray"/>
	<feature name="com.sec.feature.motionrecognition_service"/>
	<feature name="com.sec.feature.people_edge_notification"/>
	<feature name="com.sec.feature.pocketmode"/>
	<feature name="com.sec.feature.saccessorymanager"/>
	<feature name="com.sec.feature.samsunglinkplatform"/>
	<feature name="com.sec.feature.sidetouch"/>
	<feature name="com.sec.feature.slocation"/>
	<feature name="com.sec.feature.snote"/>
	<feature name="com.sec.feature.sns_deepinteg"/>
	<feature name="com.sec.feature.spell_manager_service"/>
	<feature name="com.sec.feature.spen_usp"/>
	<feature name="com.sec.feature.spo2"/>
	<feature name="com.sec.feature.spo2zero"/>
	<feature name="com.sec.feature.support_mst"/>
	<feature name="com.sec.feature.usb_authentication"/>
	<feature name="com.sec.feature.vibrator_pattern_level"/>
	<feature name="com.sec.feature.volumepanel_splitcolor"/>
	<feature name="com.sec.feature.yosemite"/>
	<feature name="com.sec.software.status_bar.quick_panel.brightness_settings"/>
	<feature name="com.sec.software.status_bar.quick_panel.mini_controllers"/>
	<feature name="com.sec.software.status_bar.quick_panel.quick_settings"/>
	<feature name="com.sec.software.statusbar.minimode_tray"/>
</config>
