<?xml version="1.0" encoding="utf-8"?>
<config>
<feature name="com.sony.device"/>
<feature name="com.sony.devices"/>
<feature name="com.sony.nfx.dspaudioeffect"/>
<feature name="com.sony.walkman"/>
<feature name="com.sony.walkman.aad"/>
<feature name="com.sony.walkman.atrac"/>
<feature name="com.sony.walkman.empr"/>
<feature name="com.sony.walkman.f800series"/>
<feature name="com.sony.walkman.f880series"/>
<feature name="com.sony.walkman.fm"/>
<feature name="com.sony.walkman.fseries"/>
<feature name="com.sony.walkman.hdmi"/>
<feature name="com.sony.walkman.logoled"/>
<feature name="com.sony.walkman.noisecanceling"/>
<feature name="com.sony.walkman.openmg"/>
<feature name="com.sony.walkman.platform.omap4"/>
<feature name="com.sony.walkman.version.d100"/>
<feature name="com.sony.walkman.version.v0200e100"/>
<feature name="com.sony.walkman.version.v0200e111"/>
<feature name="com.sony.walkman.version.v0200e112"/>
<feature name="com.sony.walkman.version.v0200e113"/>
<feature name="com.sony.walkman.version.v0200e114"/>
<feature name="com.sony.walkman.version.v0300f100"/>
<feature name="com.sony.walkman.version.v0300g100"/>
<feature name="com.sony.walkman.version.v0301h100"/>
<feature name="com.sony.walkman.version.v0301h101"/>
<feature name="com.sony.walkman.version.v0301h102"/>
<feature name="com.sony.walkman.version.v0301h103"/>
<feature name="com.sony.walkman.version.v0301h104"/>
<feature name="com.sony.walkman.version.v0302i100"/>
<feature name="com.sony.walkman.version.v0302j100"/>
<feature name="com.sony.walkman.version.v0302j101"/>
<feature name="com.sony.walkman.wdotbutton"/>
<feature name="com.sony.walkman.wm"/>
<feature name="com.sony.walkman.wm-port"/>
<feature name="com.sony.walkman.z1000series"/>
<feature name="com.sony.walkman.zseries"/>
<feature name="com.sony.walkman.zx1series"/>
<feature name="com.sony.walkman.zx2series"/>
<feature name="com.sony.walkman.zxseries"/>
<feature name="com.sonymobile.customization.legacy"/>
<feature name="com.sonymobile.feature.disable.sdcrypt.ui"/>
<feature name="com.sonymobile.floating_touch"/>
<feature name="com.sonymobile.vr"/>
</config>
