<?xml version='1.0' encoding='utf-8' standalone='yes' ?>
<map>
    <boolean name="dolby_dax_switch" value=1"true" />
    <boolean name="harman_kardon_enable" value=1"true" />
    <boolean name="speaker_scenario_resume" value="true" />
    <boolean name="audio_visual_screen_lock_enable" value="false" />
    <boolean name="key_audio_visual_wake_lock" value="false" />
</map>
 <int name="key_last_misoundeffect_type" value="1" />
    <int name="key_misoundeffect_assets_version" value="11" />
    <int name="key_misoundeffect_id" value="1" />
    <int name="key_last_misoundeffect_id" value="500" />
    <string name="key_last_misoundeffect_name">全景环绕</string>
    <string name="key_not_support_aep_effect_ids">62,501,807,808,809,</string>
    <string name="key_not_support_ugc_effect_ids">44,260,585,1359,1378,</string>
    <int name="key_misoundeffect_type" value="1" />
</map>