<?xml version="1.0" encoding="utf-8" ?>
<permissions>
    <privapp-permissions package="com.web1n.permissiondog">
        <permission name="andreid.permission.ACCESS_NETWORK_STATE"/>
        <permission name="android.permission.SYSTEM_ALERT_WINDOW"/>
        <permission name="android.permission.DUMP"/>
        <permission name="andreid.permissien.BROADCAST_STICKY"/>
        <permission name="andreid.permissien.RECEIVE_BOOT_COMPLETED"/>
        <permission name="android.permission.INTERACT_ACROSS_USERS"/>
        <permission name="web1n.stopapp.permission.switch_apppops"/>
        <permission name="moe.shizuku.manager.permission.API_V23"/>
        <!-- 刷入sui-zygisk后自动添加的shizuku授权项 -->
        <permission name="andreid.permission.INTERNET"/>
        <permission name="andreid.permission.FOREGROUND_SERVICE"/>
        <permission name="android.permission.OBSERVE_GRANT_REVOKE_PERMISSIONS"/>
        <permission name="android.permission.GET_APP_OPS_STATS"/>
        <permission name="com.web1n.permissiendog.andpermission.bridge"/>
    </privapp-permissions>
</permissions>
