<?xml version='1.0' encoding='UTF-8'?>
<device_data xmlns:xsi="http://www.w3.org/2001/XMLSchema-instance" xmlns:xsd="http://www.w3.org/2001/XMLSchema">
  <format_version major="3" minor="3" maintenance="0"/>
  <tool_version major="3" minor="5" maintenance="0"/>
  <preset id="ieq_balanced" type="ieq">
    <data>
      <ieq-bands>
        <band_ieq frequency="130" target="157"/>
        <band_ieq frequency="155" target="167"/>
        <band_ieq frequency="185" target="218"/>
        <band_ieq frequency="196" target="218"/>
        <band_ieq frequency="206" target="203"/>
        <band_ieq frequency="469" target="188"/>
        <band_ieq frequency="844" target="192"/>
        <band_ieq frequency="1031" target="192"/>
        <band_ieq frequency="1313" target="205"/>
        <band_ieq frequency="1688" target="213"/>
        <band_ieq frequency="2250" target="218"/>
        <band_ieq frequency="3000" target="209"/>
        <band_ieq frequency="3750" target="193"/>
        <band_ieq frequency="4688" target="159"/>
        <band_ieq frequency="5813" target="134"/>
        <band_ieq frequency="7125" target="97"/>
        <band_ieq frequency="9000" target="71"/>
        <band_ieq frequency="11250" target="22"/>
        <band_ieq frequency="13875" target="-90"/>
        <band_ieq frequency="19688" target="-283"/>
      </ieq-bands>
    </data>
  </preset>
  <preset id="ieq_detailed" type="ieq">
    <data>
      <ieq-bands>
        <band_ieq frequency="130" target="550"/>
        <band_ieq frequency="155" target="500"/>
        <band_ieq frequency="185" target="600"/>
        <band_ieq frequency="196" target="770"/>
        <band_ieq frequency="206" target="800"/>
        <band_ieq frequency="469" target="-200"/>
        <band_ieq frequency="844" target="-170"/>
        <band_ieq frequency="1031" target="-270"/>
        <band_ieq frequency="1313" target="-100"/>
        <band_ieq frequency="1688" target="130"/>
        <band_ieq frequency="2250" target="130"/>
        <band_ieq frequency="3000" target="130"/>
        <band_ieq frequency="3750" target="0"/>
        <band_ieq frequency="4688" target="0"/>
        <band_ieq frequency="5813" target="0"/>
        <band_ieq frequency="7125" target="0"/>
        <band_ieq frequency="9000" target="0"/>
        <band_ieq frequency="11250" target="-150"/>
        <band_ieq frequency="13875" target="-300"/>
        <band_ieq frequency="19688" target="-300"/>
      </ieq-bands>
    </data>
  </preset>
  <preset id="ieq_warm" type="ieq">
    <data>
      <ieq-bands>
        <band_ieq frequency="130" target="400"/>
        <band_ieq frequency="155" target="500"/>
        <band_ieq frequency="185" target="600"/>
        <band_ieq frequency="196" target="770"/>
        <band_ieq frequency="206" target="800"/>
        <band_ieq frequency="469" target="-200"/>
        <band_ieq frequency="844" target="-170"/>
        <band_ieq frequency="1031" target="-270"/>
        <band_ieq frequency="1313" target="-100"/>
        <band_ieq frequency="1688" target="130"/>
        <band_ieq frequency="2250" target="130"/>
        <band_ieq frequency="3000" target="130"/>
        <band_ieq frequency="3750" target="0"/>
        <band_ieq frequency="4688" target="0"/>
        <band_ieq frequency="5813" target="0"/>
        <band_ieq frequency="7125" target="0"/>
        <band_ieq frequency="9000" target="0"/>
        <band_ieq frequency="11250" target="-150"/>
        <band_ieq frequency="13875" target="-300"/>
        <band_ieq frequency="19688" target="-300"/>
      </ieq-bands>
    </data>
  </preset>
  <preset id="0" type="geq">
    <data>
      <graphic-equalizer-bands>
        <band_geq frequency="130" gain="0"/>
        <band_geq frequency="155" gain="0"/>
        <band_geq frequency="185" gain="0"/>
        <band_geq frequency="196" gain="0"/>
        <band_geq frequency="206" gain="0"/>
        <band_geq frequency="469" gain="0"/>
        <band_geq frequency="844" gain="0"/>
        <band_geq frequency="1031" gain="0"/>
        <band_geq frequency="1313" gain="0"/>
        <band_geq frequency="1688" gain="0"/>
        <band_geq frequency="2250" gain="0"/>
        <band_geq frequency="3000" gain="0"/>
        <band_geq frequency="3750" gain="0"/>
        <band_geq frequency="4688" gain="0"/>
        <band_geq frequency="5813" gain="0"/>
        <band_geq frequency="7125" gain="0"/>
        <band_geq frequency="9000" gain="0"/>
        <band_geq frequency="11250" gain="0"/>
        <band_geq frequency="13875" gain="0"/>
        <band_geq frequency="19688" gain="0"/>
      </graphic-equalizer-bands>
    </data>
  </preset>
  <preset id="1" type="geq">
    <data>
      <graphic-equalizer-bands>
        <band_geq frequency="130" gain="0"/>
        <band_geq frequency="155" gain="0"/>
        <band_geq frequency="185" gain="0"/>
        <band_geq frequency="196" gain="0"/>
        <band_geq frequency="206" gain="0"/>
        <band_geq frequency="469" gain="0"/>
        <band_geq frequency="844" gain="0"/>
        <band_geq frequency="1031" gain="0"/>
        <band_geq frequency="1313" gain="0"/>
        <band_geq frequency="1688" gain="0"/>
        <band_geq frequency="2250" gain="0"/>
        <band_geq frequency="3000" gain="0"/>
        <band_geq frequency="3750" gain="0"/>
        <band_geq frequency="4688" gain="0"/>
        <band_geq frequency="5813" gain="0"/>
        <band_geq frequency="7125" gain="0"/>
        <band_geq frequency="9000" gain="0"/>
        <band_geq frequency="11250" gain="0"/>
        <band_geq frequency="13875" gain="0"/>
        <band_geq frequency="19688" gain="0"/>
      </graphic-equalizer-bands>
    </data>
  </preset>
  <preset id="2" type="geq">
    <data>
      <graphic-equalizer-bands>
        <band_geq frequency="130" gain="0"/>
        <band_geq frequency="155" gain="0"/>
        <band_geq frequency="185" gain="0"/>
        <band_geq frequency="196" gain="0"/>
        <band_geq frequency="206" gain="0"/>
        <band_geq frequency="469" gain="0"/>
        <band_geq frequency="844" gain="0"/>
        <band_geq frequency="1031" gain="0"/>
        <band_geq frequency="1313" gain="0"/>
        <band_geq frequency="1688" gain="0"/>
        <band_geq frequency="2250" gain="0"/>
        <band_geq frequency="3000" gain="0"/>
        <band_geq frequency="3750" gain="0"/>
        <band_geq frequency="4688" gain="0"/>
        <band_geq frequency="5813" gain="0"/>
        <band_geq frequency="7125" gain="0"/>
        <band_geq frequency="9000" gain="0"/>
        <band_geq frequency="11250" gain="0"/>
        <band_geq frequency="13875" gain="0"/>
        <band_geq frequency="19688" gain="0"/>
      </graphic-equalizer-bands>
    </data>
  </preset>
  <preset id="3" type="geq">
    <data>
      <graphic-equalizer-bands>
        <band_geq frequency="130" gain="0"/>
        <band_geq frequency="155" gain="0"/>
        <band_geq frequency="185" gain="0"/>
        <band_geq frequency="196" gain="0"/>
        <band_geq frequency="206" gain="0"/>
        <band_geq frequency="469" gain="0"/>
        <band_geq frequency="844" gain="0"/>
        <band_geq frequency="1031" gain="0"/>
        <band_geq frequency="1313" gain="0"/>
        <band_geq frequency="1688" gain="0"/>
        <band_geq frequency="2250" gain="0"/>
        <band_geq frequency="3000" gain="0"/>
        <band_geq frequency="3750" gain="0"/>
        <band_geq frequency="4688" gain="0"/>
        <band_geq frequency="5813" gain="0"/>
        <band_geq frequency="7125" gain="0"/>
        <band_geq frequency="9000" gain="0"/>
        <band_geq frequency="11250" gain="0"/>
        <band_geq frequency="13875" gain="0"/>
        <band_geq frequency="19688" gain="0"/>
      </graphic-equalizer-bands>
    </data>
  </preset>
  <preset id="4" type="geq">
    <data>
      <graphic-equalizer-bands>
        <band_geq frequency="130" gain="0"/>
        <band_geq frequency="155" gain="0"/>
        <band_geq frequency="185" gain="0"/>
        <band_geq frequency="196" gain="0"/>
        <band_geq frequency="206" gain="0"/>
        <band_geq frequency="469" gain="0"/>
        <band_geq frequency="844" gain="0"/>
        <band_geq frequency="1031" gain="0"/>
        <band_geq frequency="1313" gain="0"/>
        <band_geq frequency="1688" gain="0"/>
        <band_geq frequency="2250" gain="0"/>
        <band_geq frequency="3000" gain="0"/>
        <band_geq frequency="3750" gain="0"/>
        <band_geq frequency="4688" gain="0"/>
        <band_geq frequency="5813" gain="0"/>
        <band_geq frequency="7125" gain="0"/>
        <band_geq frequency="9000" gain="0"/>
        <band_geq frequency="11250" gain="0"/>
        <band_geq frequency="13875" gain="0"/>
        <band_geq frequency="19688" gain="0"/>
      </graphic-equalizer-bands>
    </data>
  </preset>
  <preset id="5" type="geq">
    <data>
      <graphic-equalizer-bands>
        <band_geq frequency="130" gain="0"/>
        <band_geq frequency="155" gain="0"/>
        <band_geq frequency="185" gain="0"/>
        <band_geq frequency="196" gain="0"/>
        <band_geq frequency="206" gain="0"/>
        <band_geq frequency="469" gain="0"/>
        <band_geq frequency="844" gain="0"/>
        <band_geq frequency="1031" gain="0"/>
        <band_geq frequency="1313" gain="0"/>
        <band_geq frequency="1688" gain="0"/>
        <band_geq frequency="2250" gain="0"/>
        <band_geq frequency="3000" gain="0"/>
        <band_geq frequency="3750" gain="0"/>
        <band_geq frequency="4688" gain="0"/>
        <band_geq frequency="5813" gain="0"/>
        <band_geq frequency="7125" gain="0"/>
        <band_geq frequency="9000" gain="0"/>
        <band_geq frequency="11250" gain="0"/>
        <band_geq frequency="13875" gain="0"/>
        <band_geq frequency="19688" gain="0"/>
      </graphic-equalizer-bands>
    </data>
  </preset>
  <preset id="6" type="geq">
    <data>
      <graphic-equalizer-bands>
        <band_geq frequency="130" gain="0"/>
        <band_geq frequency="155" gain="0"/>
        <band_geq frequency="185" gain="0"/>
        <band_geq frequency="196" gain="0"/>
        <band_geq frequency="206" gain="0"/>
        <band_geq frequency="469" gain="0"/>
        <band_geq frequency="844" gain="0"/>
        <band_geq frequency="1031" gain="0"/>
        <band_geq frequency="1313" gain="0"/>
        <band_geq frequency="1688" gain="0"/>
        <band_geq frequency="2250" gain="0"/>
        <band_geq frequency="3000" gain="0"/>
        <band_geq frequency="3750" gain="0"/>
        <band_geq frequency="4688" gain="0"/>
        <band_geq frequency="5813" gain="0"/>
        <band_geq frequency="7125" gain="0"/>
        <band_geq frequency="9000" gain="0"/>
        <band_geq frequency="11250" gain="0"/>
        <band_geq frequency="13875" gain="0"/>
        <band_geq frequency="19688" gain="0"/>
      </graphic-equalizer-bands>
    </data>
  </preset>
  <preset id="7" type="geq">
    <data>
      <graphic-equalizer-bands>
        <band_geq frequency="130" gain="0"/>
        <band_geq frequency="155" gain="0"/>
        <band_geq frequency="185" gain="0"/>
        <band_geq frequency="196" gain="0"/>
        <band_geq frequency="206" gain="0"/>
        <band_geq frequency="469" gain="0"/>
        <band_geq frequency="844" gain="0"/>
        <band_geq frequency="1031" gain="0"/>
        <band_geq frequency="1313" gain="0"/>
        <band_geq frequency="1688" gain="0"/>
        <band_geq frequency="2250" gain="0"/>
        <band_geq frequency="3000" gain="0"/>
        <band_geq frequency="3750" gain="0"/>
        <band_geq frequency="4688" gain="0"/>
        <band_geq frequency="5813" gain="0"/>
        <band_geq frequency="7125" gain="0"/>
        <band_geq frequency="9000" gain="0"/>
        <band_geq frequency="11250" gain="0"/>
        <band_geq frequency="13875" gain="0"/>
        <band_geq frequency="19688" gain="0"/>
      </graphic-equalizer-bands>
    </data>
  </preset>
  <preset id="8" type="geq">
    <data>
      <graphic-equalizer-bands>
        <band_geq frequency="130" gain="0"/>
        <band_geq frequency="155" gain="0"/>
        <band_geq frequency="185" gain="0"/>
        <band_geq frequency="196" gain="0"/>
        <band_geq frequency="206" gain="0"/>
        <band_geq frequency="469" gain="0"/>
        <band_geq frequency="844" gain="0"/>
        <band_geq frequency="1031" gain="0"/>
        <band_geq frequency="1313" gain="0"/>
        <band_geq frequency="1688" gain="0"/>
        <band_geq frequency="2250" gain="0"/>
        <band_geq frequency="3000" gain="0"/>
        <band_geq frequency="3750" gain="0"/>
        <band_geq frequency="4688" gain="0"/>
        <band_geq frequency="5813" gain="0"/>
        <band_geq frequency="7125" gain="0"/>
        <band_geq frequency="9000" gain="0"/>
        <band_geq frequency="11250" gain="0"/>
        <band_geq frequency="13875" gain="0"/>
        <band_geq frequency="19688" gain="0"/>
      </graphic-equalizer-bands>
    </data>
  </preset>
  <profile id="0" name="Dynamic" group="default">
    <data>
      <mi-dv-leveler-steering-enable value="true"/>
      <mi-ieq-steering-enable value="true"/>
      <mi-surround-compressor-steering-enable value="true"/>
      <mi-adaptive-virtualizer-steering-enable value="true"/>
      <volume-modeler-enable value="false"/>
      <drc-metadata/>
      <reverb-suppression-enable value="false"/>
      <reverb-suppression-amount value="9"/>
      <endpoint_type id="speaker">
        <include preset="ieq_balanced"/>
        <ieq-amount value="6"/>
        <ieq-enable value="false"/>
        <calibration-boost value="0"/>
        <dialog-enhancer-enable value="false"/>
        <dialog-enhancer-amount value="4"/>
        <dialog-enhancer-ducking value="0"/>
        <mi-virtualizer-binaural-steering-enable value="false"/>
        <peak-value value="241"/>
        <surround-decoder-enable value="true"/>
        <surround-boost value="0"/>
        <volmax-boost value="22"/>
        <volume-leveler-enable value="true"/>
        <volume-leveler-amount value="0"/>
        <volume-leveler-in-target value="-256"/>
        <volume-leveler-out-target value="-256"/>
        <graphic-equalizer-enable value="true"/>
        <virtualizer-enable value="false"/>
        <bass-enhancer-enable value="false"/>
        <virtual-bass-process-enable value="true"/>
        <hearing-protection-enable value="false"/>
        <hearing-protection-rms-averaging-time-win-len value="6"/>
        <hearing-protection-rms-attenuation-target value="-256"/>
        <hearing-protection-attenuation-attack-time value="900"/>
        <hearing-protection-attenuation-release-time value="1600"/>
        <virtualizer-start-band value="13"/>
        <headphone-virtualizer-steerer-source-distance value="4"/>
      </endpoint_type>
      <endpoint_type id="headphone">
        <include preset="ieq_balanced"/>
        <ieq-amount value="6"/>
        <ieq-enable value="false"/>
        <calibration-boost value="0"/>
        <dialog-enhancer-enable value="false"/>
        <dialog-enhancer-amount value="4"/>
        <dialog-enhancer-ducking value="0"/>
        <mi-virtualizer-binaural-steering-enable value="false"/>
        <peak-value value="256"/>
        <surround-decoder-enable value="true"/>
        <surround-boost value="48"/>
        <volmax-boost value="48"/>
        <volume-leveler-enable value="true"/>
        <volume-leveler-amount value="0"/>
        <volume-leveler-in-target value="-256"/>
        <volume-leveler-out-target value="-256"/>
        <graphic-equalizer-enable value="true"/>
        <virtualizer-enable value="true"/>
        <bass-enhancer-enable value="false"/>
        <virtual-bass-process-enable value="false"/>
        <hearing-protection-enable value="false"/>
        <hearing-protection-rms-averaging-time-win-len value="6"/>
        <hearing-protection-rms-attenuation-target value="-256"/>
        <hearing-protection-attenuation-attack-time value="900"/>
        <hearing-protection-attenuation-release-time value="1600"/>
        <virtualizer-start-band value="0"/>
        <headphone-virtualizer-steerer-source-distance value="24"/>
      </endpoint_type>
      <endpoint_type id="other">
        <include preset="ieq_balanced"/>
        <ieq-amount value="6"/>
        <ieq-enable value="true"/>
        <calibration-boost value="0"/>
        <dialog-enhancer-enable value="true"/>
        <dialog-enhancer-amount value="4"/>
        <dialog-enhancer-ducking value="0"/>
        <mi-virtualizer-binaural-steering-enable value="false"/>
        <peak-value value="256"/>
        <surround-decoder-enable value="true"/>
        <surround-boost value="0"/>
        <volmax-boost value="32"/>
        <volume-leveler-enable value="true"/>
        <volume-leveler-amount value="0"/>
        <volume-leveler-in-target value="-256"/>
        <volume-leveler-out-target value="-256"/>
        <graphic-equalizer-enable value="true"/>
        <virtualizer-enable value="false"/>
        <bass-enhancer-enable value="false"/>
        <virtual-bass-process-enable value="false"/>
        <hearing-protection-enable value="false"/>
        <hearing-protection-rms-averaging-time-win-len value="6"/>
        <hearing-protection-rms-attenuation-target value="-256"/>
        <hearing-protection-attenuation-attack-time value="900"/>
        <hearing-protection-attenuation-release-time value="1600"/>
        <virtualizer-start-band value="0"/>
        <headphone-virtualizer-steerer-source-distance value="4"/>
      </endpoint_type>
    </data>
  </profile>
  <profile id="1" name="Movie" group="default">
    <data>
      <mi-dv-leveler-steering-enable value="false"/>
      <mi-ieq-steering-enable value="false"/>
      <mi-surround-compressor-steering-enable value="false"/>
      <mi-adaptive-virtualizer-steering-enable value="false"/>
      <volume-modeler-enable value="true"/>
      <drc-metadata/>
      <reverb-suppression-enable value="false"/>
      <reverb-suppression-amount value="9"/>
      <endpoint_type id="speaker">
        <include preset="8"/>
        <geq-amount value="10"/>
        <geq-enable value="true"/>
        <![CDATA[]]>
        <include preset="ieq_detailed"/>
        <ieq-amount value="10"/>
        <ieq-enable value="true"/>
        <calibration-boost value="0"/>
        <dialog-enhancer-enable value="true"/>
        <dialog-enhancer-amount value="9"/>
        <dialog-enhancer-ducking value="0"/>
        <mi-virtualizer-binaural-steering-enable value="true"/>
        <peak-value value="256"/>
        <surround-decoder-enable value="true"/>
        <surround-boost value="192"/>
        <volmax-boost value="52"/>
        <volume-leveler-enable value="false"/>
        <volume-leveler-amount value="0"/>
        <volume-leveler-in-target value="-256"/>
        <volume-leveler-out-target value="-82"/>
        <graphic-equalizer-enable value="true"/>
        <virtualizer-enable value="true"/>
        <bass-enhancer-enable value="true"/>
        <virtual-bass-process-enable value="true"/>
        <hearing-protection-enable value="false"/>
        <hearing-protection-rms-averaging-time-win-len value="6"/>
        <hearing-protection-rms-attenuation-target value="-256"/>
        <hearing-protection-attenuation-attack-time value="900"/>
        <hearing-protection-attenuation-release-time value="1600"/>
        <virtualizer-start-band value="4"/>
        <headphone-virtualizer-steerer-source-distance value="4"/>
      </endpoint_type>
      <endpoint_type id="headphone">
        <include preset="ieq_balanced"/>
        <ieq-amount value="7"/>
        <ieq-enable value="true"/>
        <calibration-boost value="0"/>
        <dialog-enhancer-enable value="true"/>
        <dialog-enhancer-amount value="4"/>
        <dialog-enhancer-ducking value="0"/>
        <mi-virtualizer-binaural-steering-enable value="false"/>
        <peak-value value="256"/>
        <surround-decoder-enable value="true"/>
        <surround-boost value="88"/>
        <volmax-boost value="48"/>
        <volume-leveler-enable value="true"/>
        <volume-leveler-amount value="0"/>
        <volume-leveler-in-target value="-256"/>
        <volume-leveler-out-target value="-256"/>
        <graphic-equalizer-enable value="true"/>
        <virtualizer-enable value="true"/>
        <bass-enhancer-enable value="false"/>
        <virtual-bass-process-enable value="false"/>
        <hearing-protection-enable value="false"/>
        <hearing-protection-rms-averaging-time-win-len value="6"/>
        <hearing-protection-rms-attenuation-target value="-256"/>
        <hearing-protection-attenuation-attack-time value="900"/>
        <hearing-protection-attenuation-release-time value="1600"/>
        <virtualizer-start-band value="0"/>
        <headphone-virtualizer-steerer-source-distance value="24"/>
      </endpoint_type>
      <endpoint_type id="other">
        <include preset="ieq_balanced"/>
        <ieq-amount value="6"/>
        <ieq-enable value="false"/>
        <calibration-boost value="0"/>
        <dialog-enhancer-enable value="true"/>
        <dialog-enhancer-amount value="4"/>
        <dialog-enhancer-ducking value="0"/>
        <mi-virtualizer-binaural-steering-enable value="false"/>
        <peak-value value="256"/>
        <surround-decoder-enable value="true"/>
        <surround-boost value="0"/>
        <volmax-boost value="32"/>
        <volume-leveler-enable value="true"/>
        <volume-leveler-amount value="0"/>
        <volume-leveler-in-target value="-256"/>
        <volume-leveler-out-target value="-256"/>
        <graphic-equalizer-enable value="true"/>
        <virtualizer-enable value="false"/>
        <bass-enhancer-enable value="false"/>
        <virtual-bass-process-enable value="false"/>
        <hearing-protection-enable value="false"/>
        <hearing-protection-rms-averaging-time-win-len value="6"/>
        <hearing-protection-rms-attenuation-target value="-256"/>
        <hearing-protection-attenuation-attack-time value="900"/>
        <hearing-protection-attenuation-release-time value="1600"/>
        <virtualizer-start-band value="0"/>
        <headphone-virtualizer-steerer-source-distance value="4"/>
      </endpoint_type>
    </data>
  </profile>
  <profile id="2" name="Music" group="default">
    <data>
      <mi-dv-leveler-steering-enable value="false"/>
      <mi-ieq-steering-enable value="false"/>
      <mi-surround-compressor-steering-enable value="false"/>
      <mi-adaptive-virtualizer-steering-enable value="false"/>
      <volume-modeler-enable value="false"/>
      <drc-metadata/>
      <reverb-suppression-enable value="false"/>
      <reverb-suppression-amount value="9"/>
      <endpoint_type id="speaker">
        <include preset="ieq_balanced"/>
        <ieq-amount value="9"/>
        <ieq-enable value="true"/>
        <calibration-boost value="0"/>
        <dialog-enhancer-enable value="false"/>
        <dialog-enhancer-amount value="6"/>
        <dialog-enhancer-ducking value="0"/>
        <mi-virtualizer-binaural-steering-enable value="false"/>
        <peak-value value="240"/>
        <surround-decoder-enable value="true"/>
        <surround-boost value="0"/>
        <volmax-boost value="0"/>
        <volume-leveler-enable value="true"/>
        <volume-leveler-amount value="0"/>
        <volume-leveler-in-target value="-256"/>
        <volume-leveler-out-target value="-256"/>
        <graphic-equalizer-enable value="true"/>
        <virtualizer-enable value="false"/>
        <bass-enhancer-enable value="false"/>
        <virtual-bass-process-enable value="true"/>
        <hearing-protection-enable value="false"/>
        <hearing-protection-rms-averaging-time-win-len value="6"/>
        <hearing-protection-rms-attenuation-target value="-256"/>
        <hearing-protection-attenuation-attack-time value="900"/>
        <hearing-protection-attenuation-release-time value="1600"/>
        <virtualizer-start-band value="0"/>
        <headphone-virtualizer-steerer-source-distance value="4"/>
      </endpoint_type>
      <endpoint_type id="headphone">
        <include preset="ieq_balanced"/>
        <ieq-amount value="8"/>
        <ieq-enable value="true"/>
        <calibration-boost value="0"/>
        <dialog-enhancer-enable value="false"/>
        <dialog-enhancer-amount value="6"/>
        <dialog-enhancer-ducking value="0"/>
        <mi-virtualizer-binaural-steering-enable value="false"/>
        <peak-value value="256"/>
        <surround-decoder-enable value="true"/>
        <surround-boost value="0"/>
        <volmax-boost value="16"/>
        <volume-leveler-enable value="false"/>
        <volume-leveler-amount value="0"/>
        <volume-leveler-in-target value="-256"/>
        <volume-leveler-out-target value="-256"/>
        <graphic-equalizer-enable value="true"/>
        <virtualizer-enable value="false"/>
        <bass-enhancer-enable value="false"/>
        <virtual-bass-process-enable value="false"/>
        <hearing-protection-enable value="false"/>
        <hearing-protection-rms-averaging-time-win-len value="6"/>
        <hearing-protection-rms-attenuation-target value="-256"/>
        <hearing-protection-attenuation-attack-time value="900"/>
        <hearing-protection-attenuation-release-time value="1600"/>
        <virtualizer-start-band value="0"/>
        <headphone-virtualizer-steerer-source-distance value="4"/>
      </endpoint_type>
      <endpoint_type id="other">
        <include preset="ieq_balanced"/>
        <ieq-amount value="6"/>
        <ieq-enable value="true"/>
        <calibration-boost value="0"/>
        <dialog-enhancer-enable value="false"/>
        <dialog-enhancer-amount value="6"/>
        <dialog-enhancer-ducking value="0"/>
        <mi-virtualizer-binaural-steering-enable value="false"/>
        <peak-value value="256"/>
        <surround-decoder-enable value="true"/>
        <surround-boost value="0"/>
        <volmax-boost value="32"/>
        <volume-leveler-enable value="true"/>
        <volume-leveler-amount value="0"/>
        <volume-leveler-in-target value="-256"/>
        <volume-leveler-out-target value="-256"/>
        <graphic-equalizer-enable value="true"/>
        <virtualizer-enable value="false"/>
        <bass-enhancer-enable value="false"/>
        <virtual-bass-process-enable value="false"/>
        <hearing-protection-enable value="false"/>
        <hearing-protection-rms-averaging-time-win-len value="6"/>
        <hearing-protection-rms-attenuation-target value="-256"/>
        <hearing-protection-attenuation-attack-time value="900"/>
        <hearing-protection-attenuation-release-time value="1600"/>
        <virtualizer-start-band value="0"/>
        <headphone-virtualizer-steerer-source-distance value="4"/>
      </endpoint_type>
    </data>
  </profile>
  <profile id="3" name="Custom" group="default">
    <data>
      <mi-dv-leveler-steering-enable value="false"/>
      <mi-ieq-steering-enable value="false"/>
      <mi-surround-compressor-steering-enable value="false"/>
      <mi-adaptive-virtualizer-steering-enable value="false"/>
      <volume-modeler-enable value="false"/>
      <drc-metadata/>
      <reverb-suppression-enable value="false"/>
      <reverb-suppression-amount value="9"/>
      <endpoint_type id="speaker">
        <include preset="ieq_detailed"/>
        <ieq-amount value="6"/>
        <ieq-enable value="true"/>
        <calibration-boost value="0"/>
        <dialog-enhancer-enable value="true"/>
        <dialog-enhancer-amount value="8"/>
        <dialog-enhancer-ducking value="0"/>
        <mi-virtualizer-binaural-steering-enable value="false"/>
        <peak-value value="240"/>
        <surround-decoder-enable value="true"/>
        <surround-boost value="0"/>
        <volmax-boost value="32"/>
        <volume-leveler-enable value="true"/>
        <volume-leveler-amount value="0"/>
        <volume-leveler-in-target value="-256"/>
        <volume-leveler-out-target value="-256"/>
        <graphic-equalizer-enable value="true"/>
        <virtualizer-enable value="false"/>
        <bass-enhancer-enable value="false"/>
        <virtual-bass-process-enable value="true"/>
        <hearing-protection-enable value="false"/>
        <hearing-protection-rms-averaging-time-win-len value="6"/>
        <hearing-protection-rms-attenuation-target value="-256"/>
        <hearing-protection-attenuation-attack-time value="900"/>
        <hearing-protection-attenuation-release-time value="1600"/>
        <virtualizer-start-band value="0"/>
        <headphone-virtualizer-steerer-source-distance value="4"/>
      </endpoint_type>
      <endpoint_type id="headphone">
        <include preset="ieq_warm"/>
        <ieq-amount value="6"/>
        <ieq-enable value="false"/>
        <calibration-boost value="0"/>
        <dialog-enhancer-enable value="false"/>
        <dialog-enhancer-amount value="6"/>
        <dialog-enhancer-ducking value="0"/>
        <mi-virtualizer-binaural-steering-enable value="false"/>
        <peak-value value="256"/>
        <surround-decoder-enable value="true"/>
        <surround-boost value="0"/>
        <volmax-boost value="32"/>
        <volume-leveler-enable value="true"/>
        <volume-leveler-amount value="0"/>
        <volume-leveler-in-target value="-256"/>
        <volume-leveler-out-target value="-256"/>
        <graphic-equalizer-enable value="true"/>
        <virtualizer-enable value="false"/>
        <bass-enhancer-enable value="false"/>
        <virtual-bass-process-enable value="false"/>
        <hearing-protection-enable value="false"/>
        <hearing-protection-rms-averaging-time-win-len value="6"/>
        <hearing-protection-rms-attenuation-target value="-256"/>
        <hearing-protection-attenuation-attack-time value="900"/>
        <hearing-protection-attenuation-release-time value="1600"/>
        <virtualizer-start-band value="0"/>
        <headphone-virtualizer-steerer-source-distance value="4"/>
      </endpoint_type>
      <endpoint_type id="other">
        <include preset="ieq_warm"/>
        <ieq-amount value="6"/>
        <ieq-enable value="false"/>
        <calibration-boost value="0"/>
        <dialog-enhancer-enable value="false"/>
        <dialog-enhancer-amount value="6"/>
        <dialog-enhancer-ducking value="0"/>
        <mi-virtualizer-binaural-steering-enable value="false"/>
        <peak-value value="256"/>
        <surround-decoder-enable value="true"/>
        <surround-boost value="0"/>
        <volmax-boost value="32"/>
        <volume-leveler-enable value="true"/>
        <volume-leveler-amount value="0"/>
        <volume-leveler-in-target value="-256"/>
        <volume-leveler-out-target value="-256"/>
        <graphic-equalizer-enable value="true"/>
        <virtualizer-enable value="false"/>
        <bass-enhancer-enable value="false"/>
        <virtual-bass-process-enable value="false"/>
        <hearing-protection-enable value="false"/>
        <hearing-protection-rms-averaging-time-win-len value="6"/>
        <hearing-protection-rms-attenuation-target value="-256"/>
        <hearing-protection-attenuation-attack-time value="900"/>
        <hearing-protection-attenuation-release-time value="1600"/>
        <virtualizer-start-band value="0"/>
        <headphone-virtualizer-steerer-source-distance value="4"/>
      </endpoint_type>
    </data>
  </profile>
  <profile id="4" name="Mobility_default" group="mobility">
    <data>
      <mi-dv-leveler-steering-enable value="true"/>
      <mi-ieq-steering-enable value="true"/>
      <mi-surround-compressor-steering-enable value="true"/>
      <mi-adaptive-virtualizer-steering-enable value="true"/>
      <volume-modeler-enable value="false"/>
      <drc-metadata/>
      <reverb-suppression-enable value="true"/>
      <reverb-suppression-amount value="9"/>
      <endpoint_type id="speaker">
        <include preset="ieq_balanced"/>
        <ieq-amount value="6"/>
        <ieq-enable value="true"/>
        <calibration-boost value="0"/>
        <dialog-enhancer-enable value="true"/>
        <dialog-enhancer-amount value="6"/>
        <dialog-enhancer-ducking value="0"/>
        <mi-virtualizer-binaural-steering-enable value="false"/>
        <peak-value value="256"/>
        <surround-decoder-enable value="true"/>
        <surround-boost value="0"/>
        <volmax-boost value="32"/>
        <volume-leveler-enable value="true"/>
        <volume-leveler-amount value="0"/>
        <volume-leveler-in-target value="-256"/>
        <volume-leveler-out-target value="-256"/>
        <graphic-equalizer-enable value="true"/>
        <virtualizer-enable value="true"/>
        <bass-enhancer-enable value="false"/>
        <virtual-bass-process-enable value="false"/>
        <hearing-protection-enable value="false"/>
        <hearing-protection-rms-averaging-time-win-len value="6"/>
        <hearing-protection-rms-attenuation-target value="-256"/>
        <hearing-protection-attenuation-attack-time value="900"/>
        <hearing-protection-attenuation-release-time value="1600"/>
        <virtualizer-start-band value="0"/>
        <headphone-virtualizer-steerer-source-distance value="4"/>
      </endpoint_type>
      <endpoint_type id="headphone">
        <include preset="ieq_balanced"/>
        <ieq-amount value="6"/>
        <ieq-enable value="true"/>
        <calibration-boost value="0"/>
        <dialog-enhancer-enable value="true"/>
        <dialog-enhancer-amount value="6"/>
        <dialog-enhancer-ducking value="0"/>
        <mi-virtualizer-binaural-steering-enable value="false"/>
        <peak-value value="256"/>
        <surround-decoder-enable value="true"/>
        <surround-boost value="0"/>
        <volmax-boost value="32"/>
        <volume-leveler-enable value="true"/>
        <volume-leveler-amount value="0"/>
        <volume-leveler-in-target value="-256"/>
        <volume-leveler-out-target value="-256"/>
        <graphic-equalizer-enable value="true"/>
        <virtualizer-enable value="true"/>
        <bass-enhancer-enable value="false"/>
        <virtual-bass-process-enable value="false"/>
        <hearing-protection-enable value="false"/>
        <hearing-protection-rms-averaging-time-win-len value="6"/>
        <hearing-protection-rms-attenuation-target value="-256"/>
        <hearing-protection-attenuation-attack-time value="900"/>
        <hearing-protection-attenuation-release-time value="1600"/>
        <virtualizer-start-band value="0"/>
        <headphone-virtualizer-steerer-source-distance value="4"/>
      </endpoint_type>
      <endpoint_type id="other">
        <include preset="ieq_balanced"/>
        <ieq-amount value="6"/>
        <ieq-enable value="true"/>
        <calibration-boost value="0"/>
        <dialog-enhancer-enable value="true"/>
        <dialog-enhancer-amount value="6"/>
        <dialog-enhancer-ducking value="0"/>
        <mi-virtualizer-binaural-steering-enable value="false"/>
        <peak-value value="256"/>
        <surround-decoder-enable value="true"/>
        <surround-boost value="0"/>
        <volmax-boost value="32"/>
        <volume-leveler-enable value="true"/>
        <volume-leveler-amount value="0"/>
        <volume-leveler-in-target value="-256"/>
        <volume-leveler-out-target value="-256"/>
        <graphic-equalizer-enable value="true"/>
        <virtualizer-enable value="true"/>
        <bass-enhancer-enable value="false"/>
        <virtual-bass-process-enable value="false"/>
        <hearing-protection-enable value="false"/>
        <hearing-protection-rms-averaging-time-win-len value="6"/>
        <hearing-protection-rms-attenuation-target value="-256"/>
        <hearing-protection-attenuation-attack-time value="900"/>
        <hearing-protection-attenuation-release-time value="1600"/>
        <virtualizer-start-band value="0"/>
        <headphone-virtualizer-steerer-source-distance value="4"/>
      </endpoint_type>
    </data>
  </profile>
  <profile id="5" name="Mobility_on_the_go" group="mobility">
    <data>
      <mi-dv-leveler-steering-enable value="false"/>
      <mi-ieq-steering-enable value="false"/>
      <mi-surround-compressor-steering-enable value="false"/>
      <mi-adaptive-virtualizer-steering-enable value="false"/>
      <volume-modeler-enable value="false"/>
      <drc-metadata/>
      <reverb-suppression-enable value="true"/>
      <reverb-suppression-amount value="9"/>
      <endpoint_type id="speaker">
        <include preset="ieq_balanced"/>
        <ieq-amount value="6"/>
        <ieq-enable value="false"/>
        <calibration-boost value="0"/>
        <dialog-enhancer-enable value="true"/>
        <dialog-enhancer-amount value="6"/>
        <dialog-enhancer-ducking value="0"/>
        <mi-virtualizer-binaural-steering-enable value="false"/>
        <peak-value value="256"/>
        <surround-decoder-enable value="true"/>
        <surround-boost value="0"/>
        <volmax-boost value="32"/>
        <volume-leveler-enable value="true"/>
        <volume-leveler-amount value="0"/>
        <volume-leveler-in-target value="-256"/>
        <volume-leveler-out-target value="-256"/>
        <graphic-equalizer-enable value="true"/>
        <virtualizer-enable value="true"/>
        <bass-enhancer-enable value="false"/>
        <virtual-bass-process-enable value="false"/>
        <hearing-protection-enable value="false"/>
        <hearing-protection-rms-averaging-time-win-len value="6"/>
        <hearing-protection-rms-attenuation-target value="-256"/>
        <hearing-protection-attenuation-attack-time value="900"/>
        <hearing-protection-attenuation-release-time value="1600"/>
        <virtualizer-start-band value="0"/>
        <headphone-virtualizer-steerer-source-distance value="4"/>
      </endpoint_type>
      <endpoint_type id="headphone">
        <include preset="ieq_balanced"/>
        <ieq-amount value="6"/>
        <ieq-enable value="false"/>
        <calibration-boost value="0"/>
        <dialog-enhancer-enable value="true"/>
        <dialog-enhancer-amount value="6"/>
        <dialog-enhancer-ducking value="0"/>
        <mi-virtualizer-binaural-steering-enable value="false"/>
        <peak-value value="256"/>
        <surround-decoder-enable value="true"/>
        <surround-boost value="0"/>
        <volmax-boost value="32"/>
        <volume-leveler-enable value="true"/>
        <volume-leveler-amount value="0"/>
        <volume-leveler-in-target value="-256"/>
        <volume-leveler-out-target value="-256"/>
        <graphic-equalizer-enable value="true"/>
        <virtualizer-enable value="true"/>
        <bass-enhancer-enable value="false"/>
        <virtual-bass-process-enable value="false"/>
        <hearing-protection-enable value="false"/>
        <hearing-protection-rms-averaging-time-win-len value="6"/>
        <hearing-protection-rms-attenuation-target value="-256"/>
        <hearing-protection-attenuation-attack-time value="900"/>
        <hearing-protection-attenuation-release-time value="1600"/>
        <virtualizer-start-band value="0"/>
        <headphone-virtualizer-steerer-source-distance value="4"/>
      </endpoint_type>
      <endpoint_type id="other">
        <include preset="ieq_balanced"/>
        <ieq-amount value="6"/>
        <ieq-enable value="false"/>
        <calibration-boost value="0"/>
        <dialog-enhancer-enable value="true"/>
        <dialog-enhancer-amount value="6"/>
        <dialog-enhancer-ducking value="0"/>
        <mi-virtualizer-binaural-steering-enable value="false"/>
        <peak-value value="256"/>
        <surround-decoder-enable value="true"/>
        <surround-boost value="0"/>
        <volmax-boost value="32"/>
        <volume-leveler-enable value="true"/>
        <volume-leveler-amount value="0"/>
        <volume-leveler-in-target value="-256"/>
        <volume-leveler-out-target value="-256"/>
        <graphic-equalizer-enable value="true"/>
        <virtualizer-enable value="true"/>
        <bass-enhancer-enable value="false"/>
        <virtual-bass-process-enable value="false"/>
        <hearing-protection-enable value="false"/>
        <hearing-protection-rms-averaging-time-win-len value="6"/>
        <hearing-protection-rms-attenuation-target value="-256"/>
        <hearing-protection-attenuation-attack-time value="900"/>
        <hearing-protection-attenuation-release-time value="1600"/>
        <virtualizer-start-band value="0"/>
        <headphone-virtualizer-steerer-source-distance value="4"/>
      </endpoint_type>
    </data>
  </profile>
  <profile id="6" name="Mobility_commute" group="mobility">
    <data>
      <mi-dv-leveler-steering-enable value="false"/>
      <mi-ieq-steering-enable value="false"/>
      <mi-surround-compressor-steering-enable value="false"/>
      <mi-adaptive-virtualizer-steering-enable value="false"/>
      <volume-modeler-enable value="false"/>
      <drc-metadata/>
      <reverb-suppression-enable value="true"/>
      <reverb-suppression-amount value="9"/>
      <endpoint_type id="speaker">
        <include preset="ieq_balanced"/>
        <ieq-amount value="6"/>
        <ieq-enable value="true"/>
        <calibration-boost value="0"/>
        <dialog-enhancer-enable value="false"/>
        <dialog-enhancer-amount value="6"/>
        <dialog-enhancer-ducking value="0"/>
        <mi-virtualizer-binaural-steering-enable value="false"/>
        <peak-value value="256"/>
        <surround-decoder-enable value="true"/>
        <surround-boost value="0"/>
        <volmax-boost value="32"/>
        <volume-leveler-enable value="true"/>
        <volume-leveler-amount value="0"/>
        <volume-leveler-in-target value="-256"/>
        <volume-leveler-out-target value="-256"/>
        <graphic-equalizer-enable value="true"/>
        <virtualizer-enable value="false"/>
        <bass-enhancer-enable value="false"/>
        <virtual-bass-process-enable value="false"/>
        <hearing-protection-enable value="false"/>
        <hearing-protection-rms-averaging-time-win-len value="6"/>
        <hearing-protection-rms-attenuation-target value="-256"/>
        <hearing-protection-attenuation-attack-time value="900"/>
        <hearing-protection-attenuation-release-time value="1600"/>
        <virtualizer-start-band value="0"/>
        <headphone-virtualizer-steerer-source-distance value="4"/>
      </endpoint_type>
      <endpoint_type id="headphone">
        <include preset="ieq_balanced"/>
        <ieq-amount value="6"/>
        <ieq-enable value="true"/>
        <calibration-boost value="0"/>
        <dialog-enhancer-enable value="false"/>
        <dialog-enhancer-amount value="6"/>
        <dialog-enhancer-ducking value="0"/>
        <mi-virtualizer-binaural-steering-enable value="false"/>
        <peak-value value="256"/>
        <surround-decoder-enable value="true"/>
        <surround-boost value="0"/>
        <volmax-boost value="32"/>
        <volume-leveler-enable value="true"/>
        <volume-leveler-amount value="0"/>
        <volume-leveler-in-target value="-256"/>
        <volume-leveler-out-target value="-256"/>
        <graphic-equalizer-enable value="true"/>
        <virtualizer-enable value="false"/>
        <bass-enhancer-enable value="false"/>
        <virtual-bass-process-enable value="false"/>
        <hearing-protection-enable value="false"/>
        <hearing-protection-rms-averaging-time-win-len value="6"/>
        <hearing-protection-rms-attenuation-target value="-256"/>
        <hearing-protection-attenuation-attack-time value="900"/>
        <hearing-protection-attenuation-release-time value="1600"/>
        <virtualizer-start-band value="0"/>
        <headphone-virtualizer-steerer-source-distance value="4"/>
      </endpoint_type>
      <endpoint_type id="other">
        <include preset="ieq_balanced"/>
        <ieq-amount value="6"/>
        <ieq-enable value="true"/>
        <calibration-boost value="0"/>
        <dialog-enhancer-enable value="false"/>
        <dialog-enhancer-amount value="6"/>
        <dialog-enhancer-ducking value="0"/>
        <mi-virtualizer-binaural-steering-enable value="false"/>
        <peak-value value="256"/>
        <surround-decoder-enable value="true"/>
        <surround-boost value="0"/>
        <volmax-boost value="32"/>
        <volume-leveler-enable value="true"/>
        <volume-leveler-amount value="0"/>
        <volume-leveler-in-target value="-256"/>
        <volume-leveler-out-target value="-256"/>
        <graphic-equalizer-enable value="true"/>
        <virtualizer-enable value="false"/>
        <bass-enhancer-enable value="false"/>
        <virtual-bass-process-enable value="false"/>
        <hearing-protection-enable value="false"/>
        <hearing-protection-rms-averaging-time-win-len value="6"/>
        <hearing-protection-rms-attenuation-target value="-256"/>
        <hearing-protection-attenuation-attack-time value="900"/>
        <hearing-protection-attenuation-release-time value="1600"/>
        <virtualizer-start-band value="0"/>
        <headphone-virtualizer-steerer-source-distance value="4"/>
      </endpoint_type>
    </data>
  </profile>
  <profile id="7" name="Mobility_travel" group="mobility">
    <data>
      <mi-dv-leveler-steering-enable value="false"/>
      <mi-ieq-steering-enable value="false"/>
      <mi-surround-compressor-steering-enable value="false"/>
      <mi-adaptive-virtualizer-steering-enable value="false"/>
      <volume-modeler-enable value="false"/>
      <drc-metadata/>
      <reverb-suppression-enable value="true"/>
      <reverb-suppression-amount value="9"/>
      <endpoint_type id="speaker">
        <include preset="ieq_warm"/>
        <ieq-amount value="6"/>
        <ieq-enable value="false"/>
        <calibration-boost value="0"/>
        <dialog-enhancer-enable value="false"/>
        <dialog-enhancer-amount value="6"/>
        <dialog-enhancer-ducking value="0"/>
        <mi-virtualizer-binaural-steering-enable value="false"/>
        <peak-value value="256"/>
        <surround-decoder-enable value="true"/>
        <surround-boost value="0"/>
        <volmax-boost value="32"/>
        <volume-leveler-enable value="true"/>
        <volume-leveler-amount value="0"/>
        <volume-leveler-in-target value="-256"/>
        <volume-leveler-out-target value="-256"/>
        <graphic-equalizer-enable value="true"/>
        <virtualizer-enable value="false"/>
        <bass-enhancer-enable value="false"/>
        <virtual-bass-process-enable value="false"/>
        <hearing-protection-enable value="false"/>
        <hearing-protection-rms-averaging-time-win-len value="6"/>
        <hearing-protection-rms-attenuation-target value="-256"/>
        <hearing-protection-attenuation-attack-time value="900"/>
        <hearing-protection-attenuation-release-time value="1600"/>
        <virtualizer-start-band value="0"/>
        <headphone-virtualizer-steerer-source-distance value="4"/>
      </endpoint_type>
      <endpoint_type id="headphone">
        <include preset="ieq_warm"/>
        <ieq-amount value="6"/>
        <ieq-enable value="false"/>
        <calibration-boost value="0"/>
        <dialog-enhancer-enable value="false"/>
        <dialog-enhancer-amount value="6"/>
        <dialog-enhancer-ducking value="0"/>
        <mi-virtualizer-binaural-steering-enable value="false"/>
        <peak-value value="256"/>
        <surround-decoder-enable value="true"/>
        <surround-boost value="0"/>
        <volmax-boost value="32"/>
        <volume-leveler-enable value="true"/>
        <volume-leveler-amount value="0"/>
        <volume-leveler-in-target value="-256"/>
        <volume-leveler-out-target value="-256"/>
        <graphic-equalizer-enable value="true"/>
        <virtualizer-enable value="false"/>
        <bass-enhancer-enable value="false"/>
        <virtual-bass-process-enable value="false"/>
        <hearing-protection-enable value="false"/>
        <hearing-protection-rms-averaging-time-win-len value="6"/>
        <hearing-protection-rms-attenuation-target value="-256"/>
        <hearing-protection-attenuation-attack-time value="900"/>
        <hearing-protection-attenuation-release-time value="1600"/>
        <virtualizer-start-band value="0"/>
        <headphone-virtualizer-steerer-source-distance value="4"/>
      </endpoint_type>
      <endpoint_type id="other">
        <include preset="ieq_warm"/>
        <ieq-amount value="6"/>
        <ieq-enable value="false"/>
        <calibration-boost value="0"/>
        <dialog-enhancer-enable value="false"/>
        <dialog-enhancer-amount value="6"/>
        <dialog-enhancer-ducking value="0"/>
        <mi-virtualizer-binaural-steering-enable value="false"/>
        <peak-value value="256"/>
        <surround-decoder-enable value="true"/>
        <surround-boost value="0"/>
        <volmax-boost value="32"/>
        <volume-leveler-enable value="true"/>
        <volume-leveler-amount value="0"/>
        <volume-leveler-in-target value="-256"/>
        <volume-leveler-out-target value="-256"/>
        <graphic-equalizer-enable value="true"/>
        <virtualizer-enable value="false"/>
        <bass-enhancer-enable value="false"/>
        <virtual-bass-process-enable value="false"/>
        <hearing-protection-enable value="false"/>
        <hearing-protection-rms-averaging-time-win-len value="6"/>
        <hearing-protection-rms-attenuation-target value="-256"/>
        <hearing-protection-attenuation-attack-time value="900"/>
        <hearing-protection-attenuation-release-time value="1600"/>
        <virtualizer-start-band value="0"/>
        <headphone-virtualizer-steerer-source-distance value="4"/>
      </endpoint_type>
    </data>
  </profile>
  <profile id="8" name="Voice" group="default">
    <data>
      <mi-dv-leveler-steering-enable value="false"/>
      <mi-ieq-steering-enable value="false"/>
      <mi-surround-compressor-steering-enable value="false"/>
      <mi-adaptive-virtualizer-steering-enable value="false"/>
      <volume-modeler-enable value="true"/>
      <drc-metadata/>
      <reverb-suppression-enable value="false"/>
      <reverb-suppression-amount value="1"/>
      <endpoint_type id="speaker">
        <include preset="ieq_detailed"/>
        <ieq-amount value="5"/>
        <ieq-enable value="true"/>
        <calibration-boost value="0"/>
        <dialog-enhancer-enable value="true"/>
        <dialog-enhancer-amount value="16"/>
        <dialog-enhancer-ducking value="0"/>
        <mi-virtualizer-binaural-steering-enable value="false"/>
        <peak-value value="240"/>
        <surround-decoder-enable value="true"/>
        <surround-boost value="0"/>
        <volmax-boost value="29"/>
        <volume-leveler-enable value="true"/>
        <volume-leveler-amount value="0"/>
        <volume-leveler-in-target value="-256"/>
        <volume-leveler-out-target value="0"/>
        <graphic-equalizer-enable value="true"/>
        <virtualizer-enable value="true"/>
        <bass-enhancer-enable value="false"/>
        <virtual-bass-process-enable value="true"/>
        <hearing-protection-enable value="false"/>
        <hearing-protection-rms-averaging-time-win-len value="6"/>
        <hearing-protection-rms-attenuation-target value="-256"/>
        <hearing-protection-attenuation-attack-time value="900"/>
        <hearing-protection-attenuation-release-time value="1600"/>
        <virtualizer-start-band value="0"/>
        <headphone-virtualizer-steerer-source-distance value="4"/>
      </endpoint_type>
      <endpoint_type id="headphone">
        <include preset="ieq_detailed"/>
        <ieq-amount value="8"/>
        <ieq-enable value="true"/>
        <calibration-boost value="0"/>
        <dialog-enhancer-enable value="true"/>
        <dialog-enhancer-amount value="9"/>
        <dialog-enhancer-ducking value="0"/>
        <mi-virtualizer-binaural-steering-enable value="false"/>
        <peak-value value="256"/>
        <surround-decoder-enable value="true"/>
        <surround-boost value="0"/>
        <volmax-boost value="48"/>
        <volume-leveler-enable value="true"/>
        <volume-leveler-amount value="0"/>
        <volume-leveler-in-target value="-256"/>
        <volume-leveler-out-target value="-256"/>
        <graphic-equalizer-enable value="true"/>
        <virtualizer-enable value="false"/>
        <bass-enhancer-enable value="false"/>
        <virtual-bass-process-enable value="false"/>
        <hearing-protection-enable value="false"/>
        <hearing-protection-rms-averaging-time-win-len value="6"/>
        <hearing-protection-rms-attenuation-target value="-256"/>
        <hearing-protection-attenuation-attack-time value="900"/>
        <hearing-protection-attenuation-release-time value="1600"/>
        <virtualizer-start-band value="0"/>
        <headphone-virtualizer-steerer-source-distance value="4"/>
      </endpoint_type>
      <endpoint_type id="other">
        <include preset="ieq_warm"/>
        <ieq-amount value="6"/>
        <ieq-enable value="false"/>
        <calibration-boost value="0"/>
        <dialog-enhancer-enable value="false"/>
        <dialog-enhancer-amount value="6"/>
        <dialog-enhancer-ducking value="0"/>
        <mi-virtualizer-binaural-steering-enable value="false"/>
        <peak-value value="256"/>
        <surround-decoder-enable value="true"/>
        <surround-boost value="0"/>
        <volmax-boost value="32"/>
        <volume-leveler-enable value="true"/>
        <volume-leveler-amount value="0"/>
        <volume-leveler-in-target value="-256"/>
        <volume-leveler-out-target value="-256"/>
        <graphic-equalizer-enable value="true"/>
        <virtualizer-enable value="false"/>
        <bass-enhancer-enable value="false"/>
        <virtual-bass-process-enable value="false"/>
        <hearing-protection-enable value="false"/>
        <hearing-protection-rms-averaging-time-win-len value="6"/>
        <hearing-protection-rms-attenuation-target value="-256"/>
        <hearing-protection-attenuation-attack-time value="900"/>
        <hearing-protection-attenuation-release-time value="1600"/>
        <virtualizer-start-band value="0"/>
        <headphone-virtualizer-steerer-source-distance value="4"/>
      </endpoint_type>
    </data>
  </profile>
  <tuning name="speaker_landscape" endpoint_type="speaker" mono_device="false" tuned_rate="96000" orientation="-1024" output_channels="2">
    <device_id id="default_internal_speaker" endpoint_port="internal_speaker"/>
    <device_id id="speaker_landscape" endpoint_port="internal_speaker"/>
    <data>
      <audio-optimizer-bands>
        <band_optimizer frequency="130" gain_left="-104" gain_right="-136"/>
        <band_optimizer frequency="155" gain_left="-48" gain_right="-80"/>
        <band_optimizer frequency="163" gain_left="-22" gain_right="-89"/>
        <band_optimizer frequency="185" gain_left="-35" gain_right="-90"/>
        <band_optimizer frequency="196" gain_left="-97" gain_right="-81"/>
        <band_optimizer frequency="469" gain_left="-152" gain_right="-172"/>
        <band_optimizer frequency="844" gain_left="-134" gain_right="-164"/>
        <band_optimizer frequency="1031" gain_left="-138" gain_right="-174"/>
        <band_optimizer frequency="1313" gain_left="-89" gain_right="-109"/>
        <band_optimizer frequency="1688" gain_left="-79" gain_right="-111"/>
        <band_optimizer frequency="2250" gain_left="-120" gain_right="-130"/>
        <band_optimizer frequency="3000" gain_left="-110" gain_right="-132"/>
        <band_optimizer frequency="3750" gain_left="-192" gain_right="-243"/>
        <band_optimizer frequency="4688" gain_left="-130" gain_right="-251"/>
        <band_optimizer frequency="5813" gain_left="-40" gain_right="-113"/>
        <band_optimizer frequency="7125" gain_left="-10" gain_right="-81"/>
        <band_optimizer frequency="9000" gain_left="-40" gain_right="-192"/>
        <band_optimizer frequency="11250" gain_left="-69" gain_right="-117"/>
        <band_optimizer frequency="13875" gain_left="3" gain_right="-64"/>
        <band_optimizer frequency="19688" gain_left="0" gain_right="-52"/>
      </audio-optimizer-bands>
      <regulator-tuning>
        <band_regulator frequency="130" threshold_low="-587" threshold_high="-320" isolated_band="true"/>
        <band_regulator frequency="155" threshold_low="-280" threshold_high="-88" isolated_band="true"/>
        <band_regulator frequency="163" threshold_low="-291" threshold_high="-99" isolated_band="true"/>
        <band_regulator frequency="185" threshold_low="-358" threshold_high="-166" isolated_band="true"/>
        <band_regulator frequency="196" threshold_low="-435" threshold_high="-243" isolated_band="true"/>
        <band_regulator frequency="469" threshold_low="-572" threshold_high="-380" isolated_band="true"/>
        <band_regulator frequency="844" threshold_low="-384" threshold_high="-192" isolated_band="true"/>
        <band_regulator frequency="1031" threshold_low="-452" threshold_high="-260" isolated_band="true"/>
        <band_regulator frequency="1313" threshold_low="-420" threshold_high="-228" isolated_band="true"/>
        <band_regulator frequency="1688" threshold_low="-192" threshold_high="0" isolated_band="true"/>
        <band_regulator frequency="2250" threshold_low="-192" threshold_high="0" isolated_band="true"/>
        <band_regulator frequency="3000" threshold_low="-192" threshold_high="0" isolated_band="true"/>
        <band_regulator frequency="3750" threshold_low="-192" threshold_high="0" isolated_band="true"/>
        <band_regulator frequency="4688" threshold_low="-192" threshold_high="0" isolated_band="false"/>
        <band_regulator frequency="5813" threshold_low="-192" threshold_high="0" isolated_band="false"/>
        <band_regulator frequency="7125" threshold_low="-192" threshold_high="0" isolated_band="false"/>
        <band_regulator frequency="9000" threshold_low="-192" threshold_high="0" isolated_band="false"/>
        <band_regulator frequency="11250" threshold_low="-192" threshold_high="0" isolated_band="false"/>
        <band_regulator frequency="13875" threshold_low="-192" threshold_high="0" isolated_band="false"/>
        <band_regulator frequency="19688" threshold_low="-192" threshold_high="0" isolated_band="false"/>
      </regulator-tuning>
      <regulator-sibilance-suppress-amounts-left value="-396,-428,-432,-438,-438,-441"/>
      <regulator-sibilance-suppress-amounts-right value="-396,-428,-432,-438,-438,-441"/>
      <bass-enhancer-boost value="142"/>
      <bass-enhancer-cutoff-frequency value="185"/>
      <bass-enhancer-width value="9"/>
      <bass-extraction-cutoff-frequency value="185"/>
      <complex-equalizer-tuning-left value="0,32767,0,32767,0,32767,0,32767,0,32767,0,32767,0,32767,0,32767,0,32767,0,32767,0,32767,0,32767,0,32767,0,32767,0,32767,0,32767,0,32767,0,32767,0,32767,0,32767,0,32767,0,32767,0,32767,0,32767,0,32767,0,32767,0,32767,0,32767,0,32767,0,32767,0,32767,0,32767,0,32767,0,32767,0,32767,0,32767,0,32767,0,32767,0,32767,0,32767,0,32767,0,32767,0,32767,0,32767,0,32767,0,32767,0,32767,0,32767,0,32767,0,32767,0,32767,0,32767,0,32767,0,32767,0,32767,0,32767,0,32767,0,32767,0,32767,0,32767,0,32767,0,32767,0,32767,0,32767,0,32767,0,32767,0,32767,0,32767,0,32767,0,32767,0,32767,0,32767,0,32767,0,32767,0,32767,0,32767,0,32767,0"/>
      <complex-equalizer-tuning-right value="0,32767,0,32767,0,32767,0,32767,0,32767,0,32767,0,32767,0,32767,0,32767,0,32767,0,32767,0,32767,0,32767,0,32767,0,32767,0,32767,0,32767,0,32767,0,32767,0,32767,0,32767,0,32767,0,32767,0,32767,0,32767,0,32767,0,32767,0,32767,0,32767,0,32767,0,32767,0,32767,0,32767,0,32767,0,32767,0,32767,0,32767,0,32767,0,32767,0,32767,0,32767,0,32767,0,32767,0,32767,0,32767,0,32767,0,32767,0,32767,0,32767,0,32767,0,32767,0,32767,0,32767,0,32767,0,32767,0,32767,0,32767,0,32767,0,32767,0,32767,0,32767,0,32767,0,32767,0,32767,0,32767,0,32767,0,32767,0,32767,0,32767,0,32767,0,32767,0,32767,0,32767,0,32767,0,32767,0,32767,0,32767,0"/>
      <height-filter-mode value="1"/>
      <output-mode>
        <mix_matrix>
          <element value="0,2,16384,16384"/>
          <element value="1,4,16384,0,0,16384"/>
          <element value="10,12,16384,0,0,16384,11583,11583,8192,8192,16384,0,0,16384"/>
          <element value="11,16,16384,0,0,16384,11583,11583,8192,8192,16384,0,0,16384,16384,0,0,16384"/>
          <element value="6,16,16384,0,0,16384,11583,11583,8192,8192,16384,0,0,16384,16384,0,0,16384"/>
        </mix_matrix>
      </output-mode>
      <regulator-overdrive value="0"/>
      <regulator-timbre-preservation value="12"/>
      <regulator-stress-amount value="240,240,96,96"/>
      <regulator-distortion-slope value="16"/>
      <bass-mbdrc-tuning value="1,-1600,0,-1120,-400,-240,0,5,10,0,1,-528,16,-480,-128,0,-80,5,200,32,1,-512,16,-480,-176,0,-128,5,200,32,1,-1600,0,-1120,-176,0,-80,5,200,32,1,-1600,0,-1120,-240,0,0,5,10,0,1,-1600,0,-1120,-400,-240,0,5,10,0,1,-1600,0,-1120,-400,-240,0,5,10,0,1,-1600,0,-1120,-400,-240,0,5,10,0"/>
      <virtual-bass-mode value="3"/>
      <virtual-bass-overall-gain value="3"/>
      <virtual-bass-slope-gain value="10"/>
      <virtual-bass-mix-freqs frequency_low="125" frequency_high="144"/>
      <virtual-bass-src-freqs frequency_low="125" frequency_high="160"/>
      <virtual-bass-subgains harmonic_2="-32" harmonic_3="-144" harmonic_4="-192"/>
      <virtualizer-front-speaker-angle value="10"/>
      <virtualizer-height-speaker-angle value="10"/>
      <virtualizer-surround-speaker-angle value="10"/>
      <volume-modeler-calibration value="110"/>
      <audio-optimizer-enable value="true"/>
      <volume-leveler-compressor-enable value="false"/>
      <bass-extraction-enable value="true"/>
      <complex-equalizer-enable value="false"/>
      <regulator-enable value="true"/>
      <regulator-speaker-dist-enable value="true"/>
      <regulator-sibilance-suppress-enable value="true"/>
      <bass-mbdrc-enable value="true"/>
      <virtual-bass-harmgains value="-2080,48,48,48"/>
      <virtual-bass-hybgains value="-4,16,-4,15,-4,14"/>
      <virtual-bass-rolloff-gain value="-96"/>
      <virtual-bass-blend-linear-gain value="23"/>
      <virtual-bass-mix-frequency value="125,206"/>
      <virtual-bass-compressor-tuning value="0,0,-240,96,32,50,50"/>
    </data>
  </tuning>
  <tuning name="speaker_portrait" endpoint_type="speaker" mono_device="false" tuned_rate="96000" orientation="0" output_channels="2">
    <device_id id="speaker_portrait" endpoint_port="internal_speaker"/>
    <data>
      <audio-optimizer-bands>
        <band_optimizer frequency="130" gain_left="0" gain_right="0"/>
        <band_optimizer frequency="155" gain_left="0" gain_right="0"/>
        <band_optimizer frequency="185" gain_left="0" gain_right="0"/>
        <band_optimizer frequency="185" gain_left="0" gain_right="0"/>
        <band_optimizer frequency="196" gain_left="0" gain_right="0"/>
        <band_optimizer frequency="469" gain_left="0" gain_right="0"/>
        <band_optimizer frequency="844" gain_left="0" gain_right="0"/>
        <band_optimizer frequency="1031" gain_left="0" gain_right="0"/>
        <band_optimizer frequency="1313" gain_left="0" gain_right="0"/>
        <band_optimizer frequency="1688" gain_left="0" gain_right="0"/>
        <band_optimizer frequency="2250" gain_left="0" gain_right="0"/>
        <band_optimizer frequency="3000" gain_left="0" gain_right="0"/>
        <band_optimizer frequency="3750" gain_left="0" gain_right="0"/>
        <band_optimizer frequency="4688" gain_left="0" gain_right="0"/>
        <band_optimizer frequency="5813" gain_left="0" gain_right="0"/>
        <band_optimizer frequency="7125" gain_left="0" gain_right="0"/>
        <band_optimizer frequency="9000" gain_left="0" gain_right="0"/>
        <band_optimizer frequency="11250" gain_left="0" gain_right="0"/>
        <band_optimizer frequency="13875" gain_left="0" gain_right="0"/>
        <band_optimizer frequency="19688" gain_left="0" gain_right="0"/>
      </audio-optimizer-bands>
      <regulator-tuning>
        <band_regulator frequency="130" threshold_low="-192" threshold_high="0" isolated_band="false"/>
        <band_regulator frequency="155" threshold_low="-192" threshold_high="0" isolated_band="false"/>
        <band_regulator frequency="185" threshold_low="-192" threshold_high="0" isolated_band="false"/>
        <band_regulator frequency="185" threshold_low="-192" threshold_high="0" isolated_band="false"/>
        <band_regulator frequency="196" threshold_low="-192" threshold_high="0" isolated_band="false"/>
        <band_regulator frequency="469" threshold_low="-192" threshold_high="0" isolated_band="false"/>
        <band_regulator frequency="844" threshold_low="-192" threshold_high="0" isolated_band="false"/>
        <band_regulator frequency="1031" threshold_low="-192" threshold_high="0" isolated_band="false"/>
        <band_regulator frequency="1313" threshold_low="-192" threshold_high="0" isolated_band="false"/>
        <band_regulator frequency="1688" threshold_low="-192" threshold_high="0" isolated_band="false"/>
        <band_regulator frequency="2250" threshold_low="-192" threshold_high="0" isolated_band="false"/>
        <band_regulator frequency="3000" threshold_low="-192" threshold_high="0" isolated_band="false"/>
        <band_regulator frequency="3750" threshold_low="-192" threshold_high="0" isolated_band="false"/>
        <band_regulator frequency="4688" threshold_low="-192" threshold_high="0" isolated_band="false"/>
        <band_regulator frequency="5813" threshold_low="-192" threshold_high="0" isolated_band="false"/>
        <band_regulator frequency="7125" threshold_low="-192" threshold_high="0" isolated_band="false"/>
        <band_regulator frequency="9000" threshold_low="-192" threshold_high="0" isolated_band="false"/>
        <band_regulator frequency="11250" threshold_low="-192" threshold_high="0" isolated_band="false"/>
        <band_regulator frequency="13875" threshold_low="-192" threshold_high="0" isolated_band="false"/>
        <band_regulator frequency="19688" threshold_low="-192" threshold_high="0" isolated_band="false"/>
      </regulator-tuning>
      <regulator-sibilance-suppress-amounts-left value="-396,-428,-432,-438,-438,-441"/>
      <regulator-sibilance-suppress-amounts-right value="-396,-428,-432,-438,-438,-441"/>
      <bass-enhancer-boost value="136"/>
      <bass-enhancer-cutoff-frequency value="196"/>
      <bass-enhancer-width value="-7"/>
      <bass-extraction-cutoff-frequency value="196"/>
      <complex-equalizer-tuning-left value="0,32767,0,32767,0,32767,0,32767,0,32767,0,32767,0,32767,0,32767,0,32767,0,32767,0,32767,0,32767,0,32767,0,32767,0,32767,0,32767,0,32767,0,32767,0,32767,0,32767,0,32767,0,32767,0,32767,0,32767,0,32767,0,32767,0,32767,0,32767,0,32767,0,32767,0,32767,0,32767,0,32767,0,32767,0,32767,0,32767,0,32767,0,32767,0,32767,0,32767,0,32767,0,32767,0,32767,0,32767,0,32767,0,32767,0,32767,0,32767,0,32767,0,32767,0,32767,0,32767,0,32767,0,32767,0,32767,0,32767,0,32767,0,32767,0,32767,0,32767,0,32767,0,32767,0,32767,0,32767,0,32767,0,32767,0,32767,0,32767,0,32767,0,32767,0,32767,0,32767,0,32767,0,32767,0,32767,0,32767,0,32767,0"/>
      <complex-equalizer-tuning-right value="0,32767,0,32767,0,32767,0,32767,0,32767,0,32767,0,32767,0,32767,0,32767,0,32767,0,32767,0,32767,0,32767,0,32767,0,32767,0,32767,0,32767,0,32767,0,32767,0,32767,0,32767,0,32767,0,32767,0,32767,0,32767,0,32767,0,32767,0,32767,0,32767,0,32767,0,32767,0,32767,0,32767,0,32767,0,32767,0,32767,0,32767,0,32767,0,32767,0,32767,0,32767,0,32767,0,32767,0,32767,0,32767,0,32767,0,32767,0,32767,0,32767,0,32767,0,32767,0,32767,0,32767,0,32767,0,32767,0,32767,0,32767,0,32767,0,32767,0,32767,0,32767,0,32767,0,32767,0,32767,0,32767,0,32767,0,32767,0,32767,0,32767,0,32767,0,32767,0,32767,0,32767,0,32767,0,32767,0,32767,0,32767,0"/>
      <height-filter-mode value="1"/>
      <output-mode>
        <mix_matrix>
          <element value="0,2,16384,16384"/>
          <element value="1,4,16384,0,0,16384"/>
          <element value="10,12,16384,0,0,16384,11583,11583,8192,8192,16384,0,0,16384"/>
          <element value="11,16,16384,0,0,16384,11583,11583,8192,8192,16384,0,0,16384,16384,0,0,16384"/>
          <element value="6,16,16384,0,0,16384,11583,11583,8192,8192,16384,0,0,16384,16384,0,0,16384"/>
        </mix_matrix>
      </output-mode>
      <regulator-overdrive value="0"/>
      <regulator-timbre-preservation value="12"/>
      <regulator-stress-amount value="96,96,96,96"/>
      <regulator-distortion-slope value="16"/>
      <bass-mbdrc-tuning value="1,-1600,0,-1120,-400,-240,0,5,10,0,1,-1600,0,-1120,-400,-240,0,5,10,0,1,-1600,0,-1120,-400,-240,0,5,10,0,1,-1600,0,-1120,-400,-240,0,5,10,0,1,-1600,0,-1120,-400,-240,0,5,10,0,1,-1600,0,-1120,-400,-240,0,5,10,0,1,-1600,0,-1120,-400,-240,0,5,10,0,1,-1600,0,-1120,-400,-240,0,5,10,0"/>
      <virtual-bass-mode value="6"/>
      <virtual-bass-overall-gain value="10"/>
      <virtual-bass-slope-gain value="0"/>
      <virtual-bass-mix-freqs frequency_low="125" frequency_high="144"/>
      <virtual-bass-src-freqs frequency_low="125" frequency_high="160"/>
      <virtual-bass-subgains harmonic_2="-32" harmonic_3="-144" harmonic_4="-192"/>
      <virtualizer-front-speaker-angle value="10"/>
      <virtualizer-height-speaker-angle value="10"/>
      <virtualizer-surround-speaker-angle value="10"/>
      <volume-modeler-calibration value="0"/>
      <audio-optimizer-enable value="true"/>
      <volume-leveler-compressor-enable value="false"/>
      <bass-extraction-enable value="true"/>
      <complex-equalizer-enable value="false"/>
      <regulator-enable value="true"/>
      <regulator-speaker-dist-enable value="true"/>
      <regulator-sibilance-suppress-enable value="false"/>
      <bass-mbdrc-enable value="true"/>
      <virtual-bass-harmgains value="-2080,48,48,48"/>
      <virtual-bass-hybgains value="-4,16,-4,15,-4,14"/>
      <virtual-bass-rolloff-gain value="-106"/>
      <virtual-bass-blend-linear-gain value="59"/>
      <virtual-bass-mix-frequency value="125,206"/>
      <virtual-bass-compressor-tuning value="0,0,-240,96,32,50,50"/>
    </data>
  </tuning>
  <tuning name="headphone" endpoint_type="headphone" mono_device="false" tuned_rate="96000" orientation="2" output_channels="2">
    <device_id id="default_headphone" endpoint_port="headphone"/>
    <device_id id="default_bluetooth" endpoint_port="bluetooth"/>
    <device_id id="default_usb" endpoint_port="usb"/>
    <device_id id="headphone" endpoint_port="headphone"/>
    <data>
      <audio-optimizer-bands>
        <band_optimizer frequency="130" gain_left="0" gain_right="0"/>
        <band_optimizer frequency="155" gain_left="0" gain_right="0"/>
        <band_optimizer frequency="185" gain_left="0" gain_right="0"/>
        <band_optimizer frequency="185" gain_left="0" gain_right="0"/>
        <band_optimizer frequency="196" gain_left="0" gain_right="0"/>
        <band_optimizer frequency="469" gain_left="0" gain_right="0"/>
        <band_optimizer frequency="844" gain_left="0" gain_right="0"/>
        <band_optimizer frequency="1031" gain_left="0" gain_right="0"/>
        <band_optimizer frequency="1313" gain_left="0" gain_right="0"/>
        <band_optimizer frequency="1688" gain_left="0" gain_right="0"/>
        <band_optimizer frequency="2250" gain_left="0" gain_right="0"/>
        <band_optimizer frequency="3000" gain_left="0" gain_right="0"/>
        <band_optimizer frequency="3750" gain_left="0" gain_right="0"/>
        <band_optimizer frequency="4688" gain_left="0" gain_right="0"/>
        <band_optimizer frequency="5813" gain_left="0" gain_right="0"/>
        <band_optimizer frequency="7125" gain_left="0" gain_right="0"/>
        <band_optimizer frequency="9000" gain_left="0" gain_right="0"/>
        <band_optimizer frequency="11250" gain_left="0" gain_right="0"/>
        <band_optimizer frequency="13875" gain_left="0" gain_right="0"/>
        <band_optimizer frequency="19688" gain_left="0" gain_right="0"/>
      </audio-optimizer-bands>
      <regulator-tuning>
        <band_regulator frequency="130" threshold_low="-192" threshold_high="0" isolated_band="false"/>
        <band_regulator frequency="155" threshold_low="-192" threshold_high="0" isolated_band="false"/>
        <band_regulator frequency="185" threshold_low="-192" threshold_high="0" isolated_band="false"/>
        <band_regulator frequency="185" threshold_low="-192" threshold_high="0" isolated_band="false"/>
        <band_regulator frequency="196" threshold_low="-192" threshold_high="0" isolated_band="false"/>
        <band_regulator frequency="469" threshold_low="-192" threshold_high="0" isolated_band="false"/>
        <band_regulator frequency="844" threshold_low="-192" threshold_high="0" isolated_band="false"/>
        <band_regulator frequency="1031" threshold_low="-192" threshold_high="0" isolated_band="false"/>
        <band_regulator frequency="1313" threshold_low="-192" threshold_high="0" isolated_band="false"/>
        <band_regulator frequency="1688" threshold_low="-192" threshold_high="0" isolated_band="false"/>
        <band_regulator frequency="2250" threshold_low="-192" threshold_high="0" isolated_band="false"/>
        <band_regulator frequency="3000" threshold_low="-192" threshold_high="0" isolated_band="false"/>
        <band_regulator frequency="3750" threshold_low="-192" threshold_high="0" isolated_band="false"/>
        <band_regulator frequency="4688" threshold_low="-192" threshold_high="0" isolated_band="false"/>
        <band_regulator frequency="5813" threshold_low="-192" threshold_high="0" isolated_band="false"/>
        <band_regulator frequency="7125" threshold_low="-192" threshold_high="0" isolated_band="false"/>
        <band_regulator frequency="9000" threshold_low="-192" threshold_high="0" isolated_band="false"/>
        <band_regulator frequency="11250" threshold_low="-192" threshold_high="0" isolated_band="false"/>
        <band_regulator frequency="13875" threshold_low="-192" threshold_high="0" isolated_band="false"/>
        <band_regulator frequency="19688" threshold_low="-192" threshold_high="0" isolated_band="false"/>
      </regulator-tuning>
      <regulator-sibilance-suppress-amounts-left value="0,0,0,0,0,0"/>
      <regulator-sibilance-suppress-amounts-right value="0,0,0,0,0,0"/>
      <bass-enhancer-boost value="96"/>
      <bass-enhancer-cutoff-frequency value="160"/>
      <bass-enhancer-width value="16"/>
      <bass-extraction-cutoff-frequency value="200"/>
      <complex-equalizer-tuning-left value="0,32767,0,32767,0,32767,0,32767,0,32767,0,32767,0,32767,0,32767,0,32767,0,32767,0,32767,0,32767,0,32767,0,32767,0,32767,0,32767,0,32767,0,32767,0,32767,0,32767,0,32767,0,32767,0,32767,0,32767,0,32767,0,32767,0,32767,0,32767,0,32767,0,32767,0,32767,0,32767,0,32767,0,32767,0,32767,0,32767,0,32767,0,32767,0,32767,0,32767,0,32767,0,32767,0,32767,0,32767,0,32767,0,32767,0,32767,0,32767,0,32767,0,32767,0,32767,0,32767,0,32767,0,32767,0,32767,0,32767,0,32767,0,32767,0,32767,0,32767,0,32767,0,32767,0,32767,0,32767,0,32767,0,32767,0,32767,0,32767,0,32767,0,32767,0,32767,0,32767,0,32767,0,32767,0,32767,0,32767,0,32767,0"/>
      <complex-equalizer-tuning-right value="0,32767,0,32767,0,32767,0,32767,0,32767,0,32767,0,32767,0,32767,0,32767,0,32767,0,32767,0,32767,0,32767,0,32767,0,32767,0,32767,0,32767,0,32767,0,32767,0,32767,0,32767,0,32767,0,32767,0,32767,0,32767,0,32767,0,32767,0,32767,0,32767,0,32767,0,32767,0,32767,0,32767,0,32767,0,32767,0,32767,0,32767,0,32767,0,32767,0,32767,0,32767,0,32767,0,32767,0,32767,0,32767,0,32767,0,32767,0,32767,0,32767,0,32767,0,32767,0,32767,0,32767,0,32767,0,32767,0,32767,0,32767,0,32767,0,32767,0,32767,0,32767,0,32767,0,32767,0,32767,0,32767,0,32767,0,32767,0,32767,0,32767,0,32767,0,32767,0,32767,0,32767,0,32767,0,32767,0,32767,0,32767,0"/>
      <height-filter-mode value="0"/>
      <output-mode>
        <mix_matrix/>
      </output-mode>
      <regulator-overdrive value="0"/>
      <regulator-timbre-preservation value="12"/>
      <regulator-stress-amount value="96,96,96,96"/>
      <regulator-distortion-slope value="16"/>
      <bass-mbdrc-tuning value="1,0,0,0,0,0,0,1,1,0,1,0,0,0,0,0,0,1,1,0,1,0,0,0,0,0,0,1,1,0,1,0,0,0,0,0,0,1,1,0,1,0,0,0,0,0,0,1,1,0,1,0,0,0,0,0,0,1,1,0,1,0,0,0,0,0,0,1,1,0,1,0,0,0,0,0,0,1,1,0"/>
      <virtual-bass-mode value="3"/>
      <virtual-bass-overall-gain value="0"/>
      <virtual-bass-slope-gain value="0"/>
      <virtual-bass-mix-freqs frequency_low="99" frequency_high="281"/>
      <virtual-bass-src-freqs frequency_low="30" frequency_high="90"/>
      <virtual-bass-subgains harmonic_2="-48" harmonic_3="-480" harmonic_4="-240"/>
      <virtualizer-front-speaker-angle value="10"/>
      <virtualizer-height-speaker-angle value="10"/>
      <virtualizer-surround-speaker-angle value="10"/>
      <volume-modeler-calibration value="160"/>
      <audio-optimizer-enable value="false"/>
      <volume-leveler-compressor-enable value="false"/>
      <bass-extraction-enable value="false"/>
      <complex-equalizer-enable value="false"/>
      <regulator-enable value="true"/>
      <regulator-speaker-dist-enable value="false"/>
      <regulator-sibilance-suppress-enable value="false"/>
      <bass-mbdrc-enable value="false"/>
      <virtual-bass-harmgains value="-2080,48,48,48"/>
      <virtual-bass-hybgains value="0,0,0,0,0,0"/>
      <virtual-bass-rolloff-gain value="0"/>
      <virtual-bass-blend-linear-gain value="10"/>
      <virtual-bass-mix-frequency value="100,1500"/>
      <virtual-bass-compressor-tuning value="0,0,-320,96,32,50,50"/>
    </data>
  </tuning>
  <tuning name="unknown" endpoint_type="other" mono_device="false" tuned_rate="96000" orientation="2" output_channels="4">
    <device_id id="default_hdmi" endpoint_port="hdmi"/>
    <device_id id="default_miracast" endpoint_port="miracast"/>
    <data>
      <audio-optimizer-bands>
        <band_optimizer frequency="130" gain_left="0" gain_right="0"/>
        <band_optimizer frequency="155" gain_left="0" gain_right="0"/>
        <band_optimizer frequency="185" gain_left="0" gain_right="0"/>
        <band_optimizer frequency="185" gain_left="0" gain_right="0"/>
        <band_optimizer frequency="196" gain_left="0" gain_right="0"/>
        <band_optimizer frequency="469" gain_left="0" gain_right="0"/>
        <band_optimizer frequency="844" gain_left="0" gain_right="0"/>
        <band_optimizer frequency="1031" gain_left="0" gain_right="0"/>
        <band_optimizer frequency="1313" gain_left="0" gain_right="0"/>
        <band_optimizer frequency="1688" gain_left="0" gain_right="0"/>
        <band_optimizer frequency="2250" gain_left="0" gain_right="0"/>
        <band_optimizer frequency="3000" gain_left="0" gain_right="0"/>
        <band_optimizer frequency="3750" gain_left="0" gain_right="0"/>
        <band_optimizer frequency="4688" gain_left="0" gain_right="0"/>
        <band_optimizer frequency="5813" gain_left="0" gain_right="0"/>
        <band_optimizer frequency="7125" gain_left="0" gain_right="0"/>
        <band_optimizer frequency="9000" gain_left="0" gain_right="0"/>
        <band_optimizer frequency="11250" gain_left="0" gain_right="0"/>
        <band_optimizer frequency="13875" gain_left="0" gain_right="0"/>
        <band_optimizer frequency="19688" gain_left="0" gain_right="0"/>
      </audio-optimizer-bands>
      <regulator-tuning>
        <band_regulator frequency="130" threshold_low="-192" threshold_high="0" isolated_band="false"/>
        <band_regulator frequency="155" threshold_low="-192" threshold_high="0" isolated_band="false"/>
        <band_regulator frequency="185" threshold_low="-192" threshold_high="0" isolated_band="false"/>
        <band_regulator frequency="185" threshold_low="-192" threshold_high="0" isolated_band="false"/>
        <band_regulator frequency="196" threshold_low="-192" threshold_high="0" isolated_band="false"/>
        <band_regulator frequency="469" threshold_low="-192" threshold_high="0" isolated_band="false"/>
        <band_regulator frequency="844" threshold_low="-192" threshold_high="0" isolated_band="false"/>
        <band_regulator frequency="1031" threshold_low="-192" threshold_high="0" isolated_band="false"/>
        <band_regulator frequency="1313" threshold_low="-192" threshold_high="0" isolated_band="false"/>
        <band_regulator frequency="1688" threshold_low="-192" threshold_high="0" isolated_band="false"/>
        <band_regulator frequency="2250" threshold_low="-192" threshold_high="0" isolated_band="false"/>
        <band_regulator frequency="3000" threshold_low="-192" threshold_high="0" isolated_band="false"/>
        <band_regulator frequency="3750" threshold_low="-192" threshold_high="0" isolated_band="false"/>
        <band_regulator frequency="4688" threshold_low="-192" threshold_high="0" isolated_band="false"/>
        <band_regulator frequency="5813" threshold_low="-192" threshold_high="0" isolated_band="false"/>
        <band_regulator frequency="7125" threshold_low="-192" threshold_high="0" isolated_band="false"/>
        <band_regulator frequency="9000" threshold_low="-192" threshold_high="0" isolated_band="false"/>
        <band_regulator frequency="11250" threshold_low="-192" threshold_high="0" isolated_band="false"/>
        <band_regulator frequency="13875" threshold_low="-192" threshold_high="0" isolated_band="false"/>
        <band_regulator frequency="19688" threshold_low="-192" threshold_high="0" isolated_band="false"/>
      </regulator-tuning>
      <regulator-sibilance-suppress-amounts-left value="0,0,0,0,0,0"/>
      <regulator-sibilance-suppress-amounts-right value="0,0,0,0,0,0"/>
      <bass-enhancer-boost value="192"/>
      <bass-enhancer-cutoff-frequency value="200"/>
      <bass-enhancer-width value="16"/>
      <bass-extraction-cutoff-frequency value="200"/>
      <complex-equalizer-tuning-left value="0,32767,0,32767,0,32767,0,32767,0,32767,0,32767,0,32767,0,32767,0,32767,0,32767,0,32767,0,32767,0,32767,0,32767,0,32767,0,32767,0,32767,0,32767,0,32767,0,32767,0,32767,0,32767,0,32767,0,32767,0,32767,0,32767,0,32767,0,32767,0,32767,0,32767,0,32767,0,32767,0,32767,0,32767,0,32767,0,32767,0,32767,0,32767,0,32767,0,32767,0,32767,0,32767,0,32767,0,32767,0,32767,0,32767,0,32767,0,32767,0,32767,0,32767,0,32767,0,32767,0,32767,0,32767,0,32767,0,32767,0,32767,0,32767,0,32767,0,32767,0,32767,0,32767,0,32767,0,32767,0,32767,0,32767,0,32767,0,32767,0,32767,0,32767,0,32767,0,32767,0,32767,0,32767,0,32767,0,32767,0,32767,0"/>
      <complex-equalizer-tuning-right value="0,32767,0,32767,0,32767,0,32767,0,32767,0,32767,0,32767,0,32767,0,32767,0,32767,0,32767,0,32767,0,32767,0,32767,0,32767,0,32767,0,32767,0,32767,0,32767,0,32767,0,32767,0,32767,0,32767,0,32767,0,32767,0,32767,0,32767,0,32767,0,32767,0,32767,0,32767,0,32767,0,32767,0,32767,0,32767,0,32767,0,32767,0,32767,0,32767,0,32767,0,32767,0,32767,0,32767,0,32767,0,32767,0,32767,0,32767,0,32767,0,32767,0,32767,0,32767,0,32767,0,32767,0,32767,0,32767,0,32767,0,32767,0,32767,0,32767,0,32767,0,32767,0,32767,0,32767,0,32767,0,32767,0,32767,0,32767,0,32767,0,32767,0,32767,0,32767,0,32767,0,32767,0,32767,0,32767,0,32767,0,32767,0"/>
      <height-filter-mode value="0"/>
      <output-mode>
        <mix_matrix/>
      </output-mode>
      <regulator-overdrive value="0"/>
      <regulator-timbre-preservation value="12"/>
      <regulator-stress-amount value="96,96,96,96"/>
      <regulator-distortion-slope value="16"/>
      <bass-mbdrc-tuning value="1,0,0,0,0,0,0,1,1,0,1,0,0,0,0,0,0,1,1,0,1,0,0,0,0,0,0,1,1,0,1,0,0,0,0,0,0,1,1,0,1,0,0,0,0,0,0,1,1,0,1,0,0,0,0,0,0,1,1,0,1,0,0,0,0,0,0,1,1,0,1,0,0,0,0,0,0,1,1,0"/>
      <virtual-bass-mode value="3"/>
      <virtual-bass-overall-gain value="0"/>
      <virtual-bass-slope-gain value="0"/>
      <virtual-bass-mix-freqs frequency_low="94" frequency_high="196"/>
      <virtual-bass-src-freqs frequency_low="35" frequency_high="160"/>
      <virtual-bass-subgains harmonic_2="-32" harmonic_3="-144" harmonic_4="-192"/>
      <virtualizer-front-speaker-angle value="10"/>
      <virtualizer-height-speaker-angle value="10"/>
      <virtualizer-surround-speaker-angle value="10"/>
      <volume-modeler-calibration value="0"/>
      <audio-optimizer-enable value="false"/>
      <volume-leveler-compressor-enable value="false"/>
      <bass-extraction-enable value="false"/>
      <complex-equalizer-enable value="false"/>
      <regulator-enable value="true"/>
      <regulator-speaker-dist-enable value="false"/>
      <regulator-sibilance-suppress-enable value="false"/>
      <bass-mbdrc-enable value="false"/>
      <virtual-bass-harmgains value="-2080,48,48,48"/>
      <virtual-bass-hybgains value="0,0,0,0,0,0"/>
      <virtual-bass-rolloff-gain value="0"/>
      <virtual-bass-blend-linear-gain value="10"/>
      <virtual-bass-mix-frequency value="100,1500"/>
      <virtual-bass-compressor-tuning value="0,0,-320,96,32,50,50"/>
    </data>
  </tuning>
  <authorized_technologies sku_name="DAX3 Android" device="dax3_android" bundle="DAP MOBILE v1.3" format="2">
    <global_setting virtual_bass_process="1"/>
  </authorized_technologies>
</device_data>
