<?xml version='1.0' encoding='utf-8' standalone='yes' ?>
<map>
    <string name="viper4android.headphonefx.outvol">100</string>
    <boolean name="viper4android.headphonefx.playbackgain.enable" value="true" />
    <string name="viper4android.headphonefx.diffsurr.delay">200</string>
    <string name="viper4android.headphonefx.fireq.custom">4.5;4.5;2.8;0.0;0.0;0.0;0.0;-0.5;6.7;4.0;</string>
    <string name="viper4android.headphonefx.fidelity.clarity.gain">150</string>
    <boolean name="viper4android.speakerfx.enable" value="false" />
    <string name="viper4android.headphonefx.fidelity.bass.mode">0</string>
    <string name="viper4android.headphonefx.dynamicsystem.bass">20</string>
    <boolean name="viper4android.headphonefx.analogx.enable" value="true" />
    <string name="viper4android.headphonefx.playbackgain.maxscaler">3000</string>
    <string name="viper4android.headphonefx.reverb.roomwidth">80</string>
    <string name="viper4android.headphonefx.dynamicsystem.coeffs">140;6200;40;60;10;80</string>
    <string name="viper4android.headphonefx.colorfulmusic.midimage">200</string>
    <boolean name="viper4android.headphonefx.fidelity.clarity.enable" value="true" />
    <string name="viper4android.headphonefx.fidelity.clarity.mode">2</string>
    <boolean name="viper4android.headphonefx.convolver.enable" value="true" />
    <string name="viper4android.headphonefx.playbackgain.ratio">100</string>
    <boolean name="viper4android.headphonefx.diffsurr.enable" value="false" />
    <boolean name="viper4android.headphonefx.colorfulmusic.enable" value="true" />
    <string name="viper4android.headphonefx.vhs.qual">0</string>
    <string name="viper4android.headphonefx.fireq">custom</string>
    <string name="viper4android.headphonefx.viperddc.device"></string>
    <boolean name="viper4android.headphonefx.reverb.enable" value="true" />
    <string name="viper4android.headphonefx.convolver.crosschannel">5</string>
    <boolean name="viper4android.headphonefx.dynamicsystem.tube" value="false" />
    <string name="viper4android.headphonefx.reverb.dry">80</string>
    <string name="viper4android.headphonefx.convolver.kernel">/storage/emulated/legacy/ViPER4Android/Kernel/Waves MaxxAudio A.W. ((128K MP3)) 1.Music.irs</string>
    <string name="viper4android.speakerfx.limiter">100</string>
    <boolean name="viper4android.headphonefx.fidelity.bass.enable" value="true" />
    <string name="viper4android.headphonefx.fidelity.bass.freq">80</string>
    <boolean name="viper4android.headphonefx.dynamicsystem.enable" value="true" />
    <boolean name="viper4android.headphonefx.vhs.enable" value="true" />
    <string name="viper4android.headphonefx.fidelity.bass.gain">450</string>
    <boolean name="viper4android.global.forceenable.enable" value="false" />
    <string name="viper4android.headphonefx.colorfulmusic.coeffs">120;200</string>
    <string name="viper4android.headphonefx.analogx.mode">1</string>
    <string name="viper4android.headphonefx.reverb.damp">0</string>
    <string name="viper4android.headphonefx.reverb.roomsize">50</string>
    <string name="viper4android.headphonefx.limiter">100</string>
    <boolean name="viper4android.headphonefx.enable" value="true" />
    <string name="viper4android.headphonefx.channelpan">0</string>
    <string name="viper4android.headphonefx.playbackgain.volume">100</string>
    <boolean name="viper4android.headphonefx.fireq.enable" value="true" />
    <boolean name="viper4android.headphonefx.cure.enable" value="true" />
    <string name="viper4android.headphonefx.reverb.wet">30</string>
    <string name="viper4android.headphonefx.cure.crossfeed">0</string>
    <string name="viper4android.headphonefx.vse.value">0.1</string>
    <boolean name="viper4android.speakerfx.spkopt.enable" value="false" />
</map>
