[
    {
        "filter_name": "oplus_adfr_config"
    },
    {
        "version": 20230922
    },
    {
        "sub_version": "20230922"
    },
    {
        "feature_sa": "true"
    },
    {
        "feature_osync": 3
    },
    {
        "sa_backlight": true,
        "sa_backlight_strategy": [
            {
                "fps": 120,
                "list": [
                     "30:1",
                    "1500:1"
                ]
            },
            {
                "fps": 60,
                "list": [
                     "30:1",
                    "1500:1"
                ]
            }
        ]
    },
    {
        "sa_backlight_pwm": true,
        "sa_backlight_strategy_pwm": [
            {
                "fps": 120,
                "list": [
                    "30:1",
                    "1500:1"
                ]
            },
            {
                "fps": 60,
                "list": [
                     "30:1",
                    "1500:1"
                ]
            }
        ]
    },
    {
        "game_list": [
            {
                "pkg_name": [
                    "com.tencent.tmgp.sgame"
                ],
                "available": true,
                "flee_brightness": true,
                "not_game_win_name": [
                    "com.ryg.dynamicload.DLProxyProcessActivity"
                ]
            },
            {
                "pkg_name": [
                    "com.riotgames.league.wildrift",
                    "com.riotgames.league.wildrifttw"
                ],
                "available": true,
                "flee_brightness": true
            },
            {
                "pkg_name": [
                    "com.tencent.tmgp.supercell.brawlstars",
                    "com.youzu.bs.nearme.gamecenter",
                    "com.youzu.bs",
                    "com.supercell.brawlstars"
                ],
                "available": true,
                "flee_brightness": true
            },
            {
                "pkg_name": [
                    "com.tencent.tmgp.speedmobile",
                    "com.tencent.qqspmi"
                ],
                "available": true,
                "flee_brightness": true
            },
            {
                "pkg_name": [
                    "com.tencent.tmgp.cod",
                    "com.garena.game.codm",
                    "com.activision.callofduty.shooter"
                ],
                "available": true,
                "flee_brightness": true
            },
            {
                "pkg_name": [
                    "com.tencent.tmgp.pubgmhd"
                ],
                "available": true,
                "flee_brightness": true,
                "not_game_win_name": [
                    "com.ryg.dynamicload.DLProxyProcessActivity"
                ]
            },
            {
                "pkg_name": [
                    "com.tencent.ig"
                ],
                "available": true,
                "flee_brightness": true
            },
            {
                "pkg_name": [
                    "com.tencent.tmgp.cf"
                ],
                "available": true,
                "flee_brightness": true
            },
            {
                "pkg_name": [
                    "com.tencent.lolm"
                ],
                "available": true,
                "flee_brightness": true
            },
            {
                "pkg_name": [
                    "com.wepie.snake.nearme.gamecenter"
                ],
                "available": true,
                "flee_brightness": true
            },
            {
                "pkg_name": [
                    "com.netease.harrypotter.nearme.gamecenter"
                ],
                "available": true,
                "flee_brightness": true
            },
            {
                "pkg_name": [
                    "com.netease.sky.nearme.gamecenter"
                ],
                "available": true,
                "flee_brightness": true
            },
            {
                "pkg_name": [
                    "com.tencent.KiHan"
                ],
                "available": true,
                "flee_brightness": true
            },
            {
                "pkg_name": [
                    "com.tencent.mf.uam"
                ],
                "available": true,
                "flee_brightness": true
            },
            {
                "pkg_name": [
                    "com.netease.g67.nearme.gamecenter"
                ],
                "available": true,
                "flee_brightness": true
            },
            {
                "pkg_name": [
                    "com.netease.mc.nearme.gamecenter"
                ],
                "available": true,
                "flee_brightness": true
            },
            {
                "pkg_name": [
                    "com.minitech.miniworld.nearme.gamecenter"
                ],
                "available": true,
                "flee_brightness": true
            },
            {
                "pkg_name": [
                    "com.ChillyRoom.nearme.gamecenter"
                ],
                "available": true,
                "flee_brightness": true
            },
            {
                "pkg_name": [
                    "com.bilibili.hunter3.nearme.gamecenter"
                ],
                "available": true,
                "flee_brightness": true
            },
            {
                "pkg_name": [
                    "com.netease.dwrg.nearme.gamecenter"
                ],
                "available": true,
                "flee_brightness": true
            },
            {
                "pkg_name": [
                    "com.netease.aceracer.nearme.gamecenter"
                ],
                "available": true,
                "flee_brightness": true
            },
            {
                "pkg_name": [
                    "com.miHoYo.Yuanshen",
                    "com.miHoYo.ys.bilibili"
                ],
                "available": true,
                "flee_brightness": true
            },
            {
                "pkg_name": [
                    "com.tencent.tmgp.gnyx"
                ],
                "available": true,
                "flee_brightness": true
            }
        ]
    },
    {
        "touch_idle": true,
        "hw_enable": false,
        "sw_enable": true,
        "adfr_enable": true,
        "timeout": 4000,
        "content_threshold":30,
        "content_gap_ms":400,
        "hw_gray": true,
        "hw_gray_threshold": 55,
        "hw_gray_percent": 70,
        "hw_nit_limit": 30,
        "hw_nit_limit_pwm": 30,
        "adfr_to_hw": [
            "tv.danmaku.bili",
            "com.hunantv.imgo.activity",
            "com.ss.android.article.video",
            "com.tencent.qqlive",
            "com.qiyi.video",
            "com.sina.weibo"
        ],
        "special_timeout": {
            "com.tencent.mobileqq": 3500,
            "com.android.contacts": 3500,
            "com.coloros.gallery3d": 4000,
            "com.android.wallpaper.livepicker": 4000,
            "com.oplus.wallpapers": 4000,
            "com.android.launcher": 5000,
            "com.tencent.qqmusic": 3500,
            "com.facebook.katana": 10000,
            "com.smile.gifmaker": 1000
        },
        "special_timeout_content_gap": {
            "com.tencent.mm": 3500,
            "com.tencent.mobileqq": 3500,
            "com.eg.android.AlipayGphone": 3500
        },
        "blacklist": [
            "com.android.settings",
            "com.android.mms",
            "com.oplus.engineermode",
            "com.antutu.ABenchMark",
            "com.antutu.benchmark.full",
            "com.ludashi.benchmark2",
            "com.ludashi.benchmark",
            "com.coloros.video",
            "com.tencent.tvoem",
            "com.tencent.tmgp.speedmobile",
            "com.tencent.af",
            "com.netease.blqx.nearme.gamecenter",
            "com.netease.lztg.nearme.gamecenter",
            "com.pwrd.xxajh.nearme.gamecenter",
            "com.netease.blqx",
            "com.netease.lztg",
            "com.tencent.ig",
            "com.tencent.lolm",
            "com.ChillyRoom.DungeonShooter",
            "com.ChillyRoom.nearme.gamecenter",
            "com.tencent.tmgp.yqqskp",
            "com.riotgames.league.wildrift",
            "com.riotgames.internal.wildrift.trunk",
            "com.riotgames.internal.wildrift.test",
            "com.riotgames.league.wildriftvn",
            "com.riotgames.league.wildrifttw",
            "com.tencent.tmgp.sgame",
            "com.ztgame.bob.op.nearme.gamecenter",
            "com.tencent.tmgp.cf",
            "com.tencent.tmgp.pubgmhd",
            "com.pubg.krmobile",
            "com.vng.pubgmobile",
            "com.pubg.imobile",
            "com.rekoo.pubgm",
            "com.tencent.tmgp.projectg",
            "com.tencent.igce",
            "com.tencent.iglite",
            "com.tencent.tmgp.sgamece",
            "com.tencent.KiHan",
            "com.tencent.tmgp.KiHan",
            "com.netease.yokaikoya",
            "com.miHoYo.enterprise.NGHSoD",
            "com.miHoYo.bh3.nearme.gamecenter",
            "com.miHoYo.Yuanshen",
            "com.miHoYo.ys.bilibili",
            "com.tencent.tmgp.eyou.ygwu",
            "com.netease.yokaikoya.nearme.gamecenter",
            "com.tencent.YiRen",
            "com.netease.wptqz",
            "com.bilibili.fatego",
            "com.netease.jddsaef",
            "com.netease.jddsaef.nearme.gamecenter",
            "com.tencent.tmgp.jddsaef",
            "com.tencent.tmgp.yongyong.lztg",
            "com.tencent.tmgp.eyou.blqx",
            "com.pwrd.xxajh.laohu",
            "com.tencent.tmgp.xxajh",
            "com.tencent.tmgp.eyou.blqx",
            "com.netease.moba.nearme.gamecenter",
            "com.tencent.tmgp.kaopu.jzpaj",
            "com.tencent.tmgp.kaopu.jzpaj",
            "com.pwrd.xsmdl.laohu",
            "com.xsmdl.nearme.gamecenter",
            "com.tencent.tmgp.xsmdl",
            "com.youzu.bs",
            "com.youzu.bs.nearme.gamecenter",
            "com.yingxiong.dftk.nearme.gamecenter",
            "com.yunbu.rehtona.nearme.gamecenter",
            "com.denachina.g13002010.denacn",
            "com.denachina.g13002010.nearme.gamecenter",
            "com.volvapps.ef5.x.nearme.gamecenter",
            "com.tencent.tmgp.ef5",
            "com.tencent.tmgp.hqxy",
            "com.netease.x19",
            "com.tencent.tmgp.wdsj666",
            "com.netease.mc.nearme.gamecenter",
            "com.palmpi.hcollege.nearme.gamecenter",
            "com.palmpi.hcollege.feiyu",
            "com.tencent.tmgp.supercell.brawlstars",
            "com.ztgame.bob",
            "com.netease.hyxd.nearme.gamecenter",
            "com.netease.dwrg.nearme.gamecenter",
            "com.tencent.qqsports",
            "com.netflix.mediaclient",
            "com.android.packageinstaller",
            "com.oplus.appdetail",
            "com.bairimeng.dmmdzz",
            "com.bairimeng.dmmdzz.nearme.gamecenter",
            "com.tencent.tmgp.bairimeng.dmmdzz",
            "com.tencent.tmgp.WePop",
            "com.tencent.mf.uam",
            "com.netease.g67.nearme.gamecenter",
            "com.minitech.miniworld.nearme.gamecenter",
            "com.bilibili.hunter3.nearme.gamecenter",
            "com.netease.aceracer.nearme.gamecenter",
            "com.tencent.jkchess",
            "com.tencent.tmgp.gnyx",
            "com.supercell.brawlstars",
            "com.tencent.qqspmi",
            "com.tencent.tmgp.cod",
            "com.garena.game.codm",
            "com.activision.callofduty.shooter",
            "com.wepie.snake.nearme.gamecenter",
            "com.netease.harrypotter.nearme.gamecenter",
            "com.netease.sky.nearme.gamecenter",
            "com.tencent.tmgp.supercell.clashofclans"
        ],
        "sw_negligible_overlay": [
            "StatusBar",
            "NavigationBar",
            "ScreenDecorOverlay",
            "OplusOSEdge",
            "Sprite",
            "AssistOverlay",
            "RefreshRateOverlay",
            "Letterbox -",
            "GameFloatBarView",
            "game-sdk-buoy",
            "GamesFloatBar",
            "autotest",
            "OplusPrivacyIconTop",
            "GameSpaceFloat",
            "AndroidSysAppPromoniter",
            "ColorOSEdgePanel"
        ]
    },
    {
        "cvt": true
    },
    {
        "frtc": true
    },
    {
        "normalized_minfps": true
    },
    {
        "deferred_mode_change": true
    },
    {
        "touch_frame_change": false,
        "strategy": 2,
        "frtc_capability": 120,
        "whitelist": [
            "com.tencent.mm",
            "com.eg.android.AlipayGphone",
            "com.taobao.taobao",
            "com.ss.android.ugc.aweme",
            "com.tencent.mobileqq",
            "com.xunmeng.pinduoduo",
            "com.jingdong.app.mall",
            "com.autonavi.minimap",
            "com.sankuai.meituan",
            "tv.danmaku.bili",
            "com.baidu.searchbox",
            "com.tencent.mtt",
            "com.netease.cloudmusic",
            "com.smile.gifmaker",
            "com.tencent.qqlive",
            "com.sina.weibo",
            "com.tencent.qqmusic",
            "com.alibaba.android.rimet",
            "com.xingin.xhs",
            "com.UCMobile",
            "com.kugou.android",
            "com.qiyi.video",
            "com.quark.browser",
            "com.ss.android.ugc.aweme.lite",
            "com.ss.android.article.news",
            "com.kuaishou.nebula",
            "com.taobao.idlefish",
            "cn.wps.moffice_eng",
            "com.youku.phone",
            "com.zhihu.android",
            "com.baidu.BaiduMap",
            "me.ele",
            "com.baidu.netdisk",
            "com.dragon.read",
            "com.cainiao.wireless",
            "com.tmri.app.main",
            "com.icbc",
            "com.chinamworld.main",
            "com.tencent.wework",
            "com.shizhuang.duapp",
            "com.tencent.androidqqmail",
            "com.android.bankabc",
            "com.ximalaya.ting.android",
            "cmb.pb",
            "com.dianping.v1",
            "com.tencent.news",
            "com.sankuai.meituan.takeoutnew",
            "com.chinamworld.bocmbci",
            "com.baidu.tieba",
            "com.tencent.karaoke",
            "com.sinovatech.unicom.ui",
            "com.taobao.litetao",
            "com.ss.android.auto",
            "com.greenpoint.android.mc10086.activity",
            "com.chaoxing.mobile",
            "com.achievo.vipshop",
            "com.tencent.android.qqdownloader",
            "com.android.chrome",
            "cn.xuexi.android",
            "com.ss.android.article.video",
            "com.hpbr.bosszhipin",
            "com.tencent.qt.qtl",
            "com.oneplus.bbs",
            "com.alibaba.wireless",
            "com.ss.android.article.lite",
            "com.jd.jrapp",
            "com.MobileTicket",
            "com.wuba",
            "com.hunantv.imgo.activity",
            "com.kmxs.reader",
            "cn.wps.moffice.lite",
            "com.youdao.dict",
            "cn.soulapp.android",
            "com.cubic.autohome",
            "com.tencent.gamehelper.smoba",
            "com.gotokeep.keep",
            "com.mihoyo.hyperion",
            "com.tmall.wireless",
            "ctrip.android.view",
            "com.xiaomi.smarthome",
            "com.baidu.homework",
            "com.cmbchina.ccd.pluto.cmbActivity",
            "com.yitong.mbank.psbc",
            "com.twitter.android",
            "com.lingan.seeyou",
            "com.tencent.weishi",
            "com.baidu.searchbox.lite",
            "com.qidian.QDReader",
            "com.hexin.plat.android",
            "com.pingan.paces.ccms",
            "com.hupu.shihuo",
            "com.immomo.momo",
            "com.anjuke.android.app",
            "com.sup.android.superb",
            "com.bankcomm.Bankcomm",
            "cn.kuwo.player",
            "com.xs.fm",
            "cn.xiaochuankeji.tieba",
            "com.yek.android.kfc.activitys",
            "com.tencent.weread",
            "com.douban.frodo",
            "com.taobao.live",
            "com.lianjia.beike",
            "com.pingan.carowner",
            "com.wuba.zhuanzhuan",
            "com.zhaopin.social",
            "com.netease.mail",
            "net.evecom.android.mztapp",
            "com.max.xiaoheihe",
            "com.sgcc.wsgw.cn",
            "com.iflytek.oshall.ahzwfw",
            "com.eastmoney.android.berlin",
            "com.ss.android.ugc.live",
            "com.wisedu.cpdaily",
            "com.xiachufang",
            "com.p1.mobile.putong",
            "com.netease.gl",
            "com.ccb.longjiLife",
            "com.sf.activity",
            "com.able.wisdomtree",
            "com.hupu.games",
            "com.xuexiaoyi.xxy",
            "com.baidu.wenku",
            "com.handsgo.jiakao.android",
            "com.wudaokou.hippo",
            "com.fenbi.android.solar",
            "com.bilibili.comic",
            "com.tencent.gamehelper.pg",
            "com.kuaikan.comic",
            "com.coolapk.market",
            "com.taobao.trip",
            "cn.com.spdb.mobilebank.per",
            "org.telegram.messenger",
            "com.mcdonalds.gma.cn",
            "com.jiongji.andriod.card",
            "com.ecitic.bank.mobile",
            "com.qq.reader",
            "com.jdd.motorfans",
            "com.chaozh.iReader.dj",
            "com.ss.android.lark",
            "com.netease.mobimail",
            "com.yaya.zone",
            "com.qq.ac.android",
            "com.shuqi.controller",
            "com.pupumall.customer",
            "com.jjwxc.reader",
            "com.taou.maimai",
            "com.netease.newsreader.activity",
            "com.chaozh.iReaderFree",
            "com.sina.news",
            "com.heytap.market",
            "com.android.settings",
            "com.finshell.wallet",
            "com.coloros.weather2",
            "com.heytap.quicksearchbox",
            "com.heytap.speechassist",
            "com.heytap.pictorial",
            "com.coloros.note",
            "com.heytap.instant.platform",
            "com.android.systemui",
            "com.coloros.phonemanager",
            "com.coloros.filemanager",
            "com.heytap.themestore",
            "com.heytap.yoli",
            "com.nearme.gamecenter",
            "com.coloros.assistantscreen",
            "com.oppo.store",
            "com.android.captiveportallogin",
            "com.heytap.cloud",
            "com.heytap.health",
            "com.coloros.soundrecorder",
            "com.heytap.music",
            "com.heytap.reader",
            "com.android.nfc",
            "com.coloros.ocrscanner",
            "com.coloros.backuprestore",
            "com.coloros.video",
            "com.android.vpndialogs",
            "com.coloros.wirelesssettings",
            "com.android.stk",
            "com.android.email",
            "com.android.wallpaper.livepicker",
            "com.heytap.smarthome",
            "com.coloros.findmyphone",
            "com.coloros.shortcuts",
            "com.coloros.familyguard",
            "com.coloros.colordirectservice",
            "com.coloros.operationManual",
            "com.coloros.safecenter",
            "com.redteamobile.roaming"
        ],
        "blacklist": [
        ],
        "min_framerate_map": {
            "tv.danmaku.bili": 60,
            "com.coloros.gallery3d": 60,
            "com.coloros.filemanager": 60
        }
    },
    {
        "debug_overlay": [
            "1",
            "1",
            "150",
            "-1",
            "2",
            "1",
            "3",
            "5",
            "5",
            "8",
            "10",
            "10",
            "13",
            "16",
            "15"
        ]
    }
]
